rk,conf,g,adjoe,adjde,barthag,efg_,efgd_,tor,tord,orb,drb,ftr,ftrd,2p_,2p_d,3p_,3p_d,3pr,3prd,adj_t_,wab,team,seed,tourney_res,year,snapshot,champion,win_pct,champ_prob
1,B12,40.0,124.7,87.3,0.9837,51.7,44.8,14.2,20.9,36.9,28.6,27.2,34.2,47.8,44.5,39.4,30.2,34.7,43.4,61.8,11.5,Houston,1.0,Finals,2025,post,0,,0.6527777777777778
2,ACC,39.0,130.6,92.0,0.9825,57.9,44.4,14.0,17.1,34.0,27.3,32.9,25.0,57.9,43.0,38.6,31.1,44.6,38.3,66.0,9.5,Duke,1.0,Final Four,2025,post,0,,0.3709164095582002
3,SEC,38.0,127.8,92.9,0.975,54.9,46.1,13.6,17.4,34.2,29.7,33.9,38.7,55.7,46.8,35.9,29.8,40.8,35.3,68.3,12.7,Auburn,1.0,Final Four,2025,post,0,,0.38611111111111107
4,SEC,40.0,127.9,94.1,0.9715,54.9,45.5,15.7,16.6,38.5,29.0,34.9,32.5,56.1,46.3,35.6,29.4,43.7,37.2,69.9,11.2,Florida,1.0,CHAMPS,2025,post,1,,0.380050505050505
5,SEC,37.0,127.8,96.6,0.9617,56.6,47.8,16.6,13.5,33.7,29.4,39.3,33.2,59.7,49.0,35.3,30.4,46.6,34.6,75.1,10.1,Alabama,2.0,Elite Eight,2025,post,0,,0.06666666666666667
6,SEC,38.0,120.2,91.8,0.957,52.5,45.0,16.1,17.7,35.6,30.3,35.5,28.2,54.0,46.6,33.8,28.7,43.4,44.6,63.9,9.4,Tennessee,2.0,Elite Eight,2025,post,0,,0.268939393939394
7,B12,37.0,126.1,97.6,0.9502,54.7,48.1,14.2,17.1,34.2,28.3,29.2,33.4,54.5,47.9,36.7,32.4,44.5,34.6,66.1,5.8,Texas Tech,3.0,Elite Eight,2025,post,0,,0.006060606060606061
8,WCC,35.0,124.8,96.7,0.9497,56.0,47.5,13.4,18.0,32.5,26.9,30.7,29.3,57.5,48.9,35.4,30.2,33.6,40.2,70.5,2.8,Gonzaga,8.0,R32,2025,post,0,,0.0
9,B10,36.0,118.7,92.1,0.9488,53.6,47.1,14.3,20.1,30.7,28.2,33.1,26.1,52.2,47.8,37.3,30.6,35.4,36.2,69.7,5.2,Maryland,4.0,Sweet Sixteen,2025,post,0,,0.0
10,B12,37.0,124.9,97.4,0.9462,53.3,48.9,16.0,16.2,36.0,27.9,35.8,29.8,54.7,47.5,33.8,34.0,34.7,41.3,70.3,5.4,Arizona,4.0,Sweet Sixteen,2025,post,0,,0.006060606060606061
11,B12,35.0,119.3,93.3,0.9445,54.9,48.9,17.0,21.6,32.2,27.9,37.9,29.0,55.5,47.8,35.8,33.6,36.8,40.9,68.8,5.4,Iowa St.,3.0,R32,2025,post,0,,0.0
12,B10,37.0,123.1,96.7,0.9414,53.8,48.1,14.0,14.5,28.0,26.7,34.2,27.7,55.2,46.9,34.8,33.3,48.2,39.1,67.9,6.6,Wisconsin,3.0,R32,2025,post,0,,0.006060606060606061
13,B10,37.0,117.3,92.3,0.9403,50.9,46.2,16.4,15.9,35.3,24.7,37.7,31.5,53.0,49.1,31.1,28.0,32.9,40.7,67.6,8.5,Michigan St.,2.0,Elite Eight,2025,post,0,,0.0
14,B12,36.0,126.8,100.2,0.9377,57.0,51.4,17.4,16.9,33.7,26.4,30.4,29.4,58.6,49.6,36.8,35.7,47.6,46.2,67.6,4.8,BYU,6.0,Sweet Sixteen,2025,post,0,,0.0
15,B10,36.0,125.6,99.3,0.937,55.9,51.8,15.7,17.5,31.8,29.7,34.6,30.1,55.1,55.6,38.2,31.2,38.4,42.6,65.2,4.9,Purdue,4.0,Sweet Sixteen,2025,post,0,,0.0
16,BE,36.0,113.0,90.0,0.9324,49.2,45.9,15.3,21.4,37.9,29.8,30.3,30.7,51.0,46.0,30.1,30.6,31.0,40.8,70.1,7.9,St. John's,2.0,R32,2025,post,0,,0.0
17,SEC,36.0,123.5,98.4,0.9316,55.9,50.3,15.0,14.1,28.2,26.4,35.2,30.6,55.6,53.9,37.5,30.5,41.2,43.7,70.9,5.7,Kentucky,3.0,Sweet Sixteen,2025,post,0,,0.0
18,B10,34.0,118.0,94.3,0.9293,52.8,50.1,15.9,22.8,32.7,29.8,32.3,33.9,52.8,50.7,35.2,32.8,36.5,45.0,65.1,3.9,UCLA,7.0,R32,2025,post,0,,0.0
19,SEC,34.0,126.0,101.2,0.926,55.8,50.9,15.5,20.1,33.5,32.3,47.1,35.7,56.3,51.2,36.7,33.6,41.4,37.8,68.6,3.3,Missouri,6.0,R64,2025,post,0,,0.0
20,B10,35.0,122.6,98.4,0.9255,52.4,47.4,16.0,12.4,35.8,25.8,34.4,26.9,57.3,46.1,31.3,33.6,47.2,30.5,71.5,4.0,Illinois,6.0,R32,2025,post,0,,0.0
21,SEC,34.0,116.3,93.7,0.9231,47.6,48.3,17.8,19.4,41.4,28.0,41.3,35.7,48.6,46.8,30.7,33.3,37.7,46.2,66.7,5.5,Texas A&M,4.0,R32,2025,post,0,,0.0
22,B12,34.0,116.1,93.7,0.9215,53.1,46.3,16.9,15.6,30.5,27.6,24.4,28.1,53.0,46.3,35.4,30.8,34.1,40.6,68.6,4.2,Kansas,7.0,R64,2025,post,0,,0.0
23,B10,37.0,115.8,93.9,0.9174,53.8,46.1,19.6,15.8,33.2,30.2,35.7,28.4,56.7,46.0,33.2,30.8,42.0,39.1,70.0,6.8,Michigan,5.0,Sweet Sixteen,2025,post,0,,0.0
24,SEC,36.0,119.3,97.0,0.9157,51.4,50.5,12.9,20.2,25.5,30.4,35.3,39.3,51.0,51.8,34.8,32.5,40.0,43.5,68.1,5.0,Mississippi,6.0,Sweet Sixteen,2025,post,0,,0.0
25,ACC,35.0,118.0,95.9,0.9157,53.2,49.7,16.3,18.5,31.9,27.1,33.7,27.1,56.8,48.7,32.8,34.1,47.8,39.8,69.2,5.5,Louisville,8.0,R64,2025,post,0,,0.0
26,WCC,35.0,114.2,92.9,0.9141,50.2,46.5,14.9,16.3,39.9,24.6,31.1,25.0,51.2,46.2,32.2,31.5,33.2,31.8,61.9,4.4,Saint Mary's,7.0,R32,2025,post,0,,0.0
27,ACC,34.0,117.3,95.5,0.914,53.4,48.8,15.8,20.0,33.7,30.4,28.3,27.8,52.2,49.5,36.9,31.9,38.8,38.0,64.6,4.7,Clemson,5.0,R64,2025,post,0,,0.0
28,B10,35.0,116.5,96.2,0.9006,52.5,48.9,16.2,17.5,30.5,29.1,33.0,27.5,53.1,49.7,34.4,31.7,38.3,37.8,68.1,5.8,Oregon,5.0,R32,2025,post,0,,0.0
29,B12,35.0,121.3,100.3,0.8995,51.1,52.0,15.9,18.6,36.0,30.9,30.5,33.7,50.9,50.8,34.3,35.9,40.1,41.4,64.7,2.1,Baylor,9.0,R32,2025,post,0,,0.0
30,BE,34.0,116.5,97.0,0.8924,52.0,49.9,13.6,21.4,30.0,31.0,25.9,30.5,54.7,51.3,32.6,31.8,46.4,39.4,67.9,3.7,Marquette,7.0,R64,2025,post,0,,0.0
31,BE,36.0,118.5,98.6,0.892,56.1,47.2,17.9,11.6,26.4,27.2,28.6,17.2,60.4,46.2,34.5,32.6,48.9,35.3,67.4,3.1,Creighton,9.0,R32,2025,post,0,,0.0
32,A10,35.0,116.0,96.7,0.8904,52.4,44.8,16.8,20.5,36.5,30.4,31.5,36.6,53.9,44.1,33.8,30.7,47.8,35.4,66.4,1.0,VCU,11.0,R64,2025,post,0,,0.0
33,BE,35.0,121.4,101.2,0.8903,55.0,48.1,17.0,15.7,35.5,27.8,30.8,41.0,57.0,45.8,34.8,35.0,42.7,34.2,64.1,2.3,Connecticut,8.0,R32,2025,post,0,,0.0
34,ACC,37.0,119.3,99.8,0.8866,54.1,49.5,15.1,15.3,29.1,26.9,34.8,30.5,54.5,49.1,35.6,33.5,37.2,38.1,70.8,1.3,North Carolina,11.0,R64,2025,post,0,,0.0
35,SEC,33.0,115.8,96.9,0.8861,52.1,47.7,18.8,18.0,36.0,31.9,40.1,30.3,53.7,47.9,32.9,31.6,37.0,40.4,66.7,2.1,Georgia,9.0,R64,2025,post,0,,0.0
36,SEC,34.0,118.5,99.2,0.8858,51.9,51.8,15.3,18.9,33.9,29.9,31.5,35.3,55.5,50.3,31.4,35.8,42.7,44.0,68.2,3.1,Mississippi St.,8.0,R64,2025,post,0,,0.0
37,SEC,36.0,113.8,95.4,0.8832,52.2,47.6,16.3,17.2,28.1,29.9,35.6,29.2,54.1,47.9,32.7,31.4,36.6,38.9,69.4,1.4,Arkansas,10.0,Sweet Sixteen,2025,post,0,,0.0
38,B12,32.0,110.1,92.4,0.8825,50.0,46.3,16.2,19.4,25.9,30.8,25.6,32.2,50.9,47.3,32.6,29.7,46.1,36.5,64.4,1.5,West Virginia,,,2025,post,0,,0.0
39,MWC,36.0,117.4,99.0,0.8772,55.5,48.5,17.2,16.7,27.0,25.8,31.6,33.2,56.4,47.7,36.3,33.2,42.8,38.0,66.1,0.7,Colorado St.,12.0,R32,2025,post,0,,0.0
40,BE,34.0,116.9,98.9,0.8727,54.1,51.0,15.6,17.6,24.4,25.5,36.7,28.6,51.2,50.6,39.1,34.4,37.6,37.4,69.2,0.46,Xavier,11.0,R64,2025,post,0,,0.0
41,B10,32.0,117.6,99.6,0.8703,53.5,48.6,15.6,16.8,28.9,30.5,35.8,39.9,52.6,50.3,36.8,30.5,37.7,37.6,67.3,-0.36,Ohio St.,,,2025,post,0,,0.0
42,MWC,35.0,112.3,95.4,0.867,50.8,49.2,15.7,20.3,31.3,25.8,37.3,35.0,50.7,48.2,34.0,33.8,31.7,38.3,72.9,2.7,New Mexico,10.0,R32,2025,post,0,,0.0
43,SEC,33.0,118.7,101.1,0.864,51.5,52.7,14.5,19.8,31.6,29.7,33.4,38.5,53.5,51.4,32.5,36.6,40.4,37.7,69.7,1.6,Vanderbilt,10.0,R64,2025,post,0,,0.0
44,B12,35.0,111.9,95.6,0.8594,51.1,48.8,15.5,19.6,32.2,29.5,23.1,24.9,52.6,48.3,32.4,33.0,38.3,34.6,65.9,-1.0,Cincinnati,,,2025,post,0,,0.0
45,SEC,35.0,117.5,100.9,0.8523,52.6,48.9,14.3,16.4,29.7,29.4,36.8,38.9,51.7,47.8,36.2,33.8,35.3,36.4,67.6,0.25,Texas,11.0,R68,2025,post,0,,0.0
46,WCC,34.0,116.6,100.3,0.8499,56.0,49.5,16.7,16.6,32.7,26.7,28.4,31.3,54.9,51.2,38.2,31.3,46.4,39.7,69.2,-3.3,Santa Clara,,,2025,post,0,,0.0
47,SEC,34.0,117.0,100.7,0.8492,54.4,51.0,17.3,18.2,26.6,31.8,39.9,35.7,54.1,55.0,36.5,30.3,41.6,42.0,68.7,2.2,Oklahoma,9.0,R64,2025,post,0,,0.0
48,B10,33.0,113.7,97.8,0.8486,49.8,49.9,14.9,19.8,31.2,30.1,31.3,36.6,49.7,49.4,33.3,33.8,34.2,39.3,65.2,-2.2,Northwestern,,,2025,post,0,,0.0
49,MWC,37.0,116.1,100.2,0.8448,52.6,50.4,16.4,16.4,32.7,22.5,37.6,31.4,56.4,49.0,31.7,35.2,42.9,37.1,66.0,-0.03,Boise St.,,,2025,post,0,,0.0
50,B10,32.0,113.1,97.6,0.8445,51.1,49.8,16.7,16.4,31.5,28.1,33.1,29.6,52.6,50.3,32.1,32.7,33.2,38.9,68.3,0.9,Indiana,,,2025,post,0,,0.0
51,BE,36.0,119.1,102.8,0.8444,54.5,51.1,15.3,15.8,30.3,27.7,29.2,30.4,51.3,50.5,39.0,34.5,43.7,45.8,63.5,-2.8,Villanova,,,2025,post,0,,0.0
52,BW,35.0,113.0,97.5,0.8442,55.1,47.8,13.4,23.3,25.6,28.6,33.4,29.9,56.0,46.3,36.1,33.1,49.6,44.4,66.0,0.9,UC San Diego,12.0,R64,2025,post,0,,0.0
53,MVC,35.0,113.1,97.7,0.8431,53.9,51.4,18.4,21.8,35.3,25.7,42.7,36.7,54.1,54.4,35.6,31.2,36.2,38.6,59.1,2.7,Drake,11.0,R32,2025,post,0,,0.0
54,MWC,34.0,121.3,105.4,0.8343,55.3,51.9,16.0,20.1,34.7,30.3,37.0,35.6,57.5,52.7,34.9,34.0,42.6,44.4,67.7,2.2,Utah St.,10.0,R64,2025,post,0,,0.0
55,ACC,35.0,116.2,101.1,0.8328,54.5,48.1,17.2,17.9,36.3,29.9,36.7,32.7,53.3,47.0,37.8,33.1,35.1,41.1,69.2,-0.5,SMU,,,2025,post,0,,0.0
56,B10,35.0,116.7,101.5,0.832,54.8,51.9,17.7,17.7,27.9,30.2,35.5,34.6,54.8,53.4,36.5,33.0,34.8,38.7,68.6,-3.2,USC,,,2025,post,0,,0.0
57,B10,35.0,113.4,98.8,0.8303,52.1,50.5,16.2,17.6,27.1,28.5,35.5,26.6,53.2,50.3,33.5,33.9,38.5,45.9,67.9,-0.9,Nebraska,,,2025,post,0,,0.0
58,B12,33.0,109.4,96.1,0.8155,50.6,49.0,17.7,18.1,29.4,31.7,27.6,28.6,51.8,49.9,32.5,31.5,40.2,35.7,67.3,-2.5,Kansas St.,,,2025,post,0,,0.0
59,MWC,31.0,108.9,95.8,0.8138,50.5,45.9,16.8,19.5,29.2,31.0,32.3,37.4,51.5,45.1,32.6,31.2,39.6,47.1,66.1,1.0,San Diego St.,11.0,R68,2025,post,0,,0.0
60,Slnd,35.0,113.6,100.0,0.8133,53.0,47.7,16.2,21.7,34.5,31.7,35.3,31.9,53.1,46.9,35.2,32.4,36.6,46.9,65.8,-0.6,McNeese St.,12.0,R32,2025,post,0,,0.0
61,B10,31.0,114.4,100.8,0.8115,54.1,51.9,17.4,19.8,28.6,29.1,37.9,29.4,55.6,51.2,34.3,35.3,36.2,38.3,70.4,-3.2,Penn St.,,,2025,post,0,,0.0
62,CUSA,35.0,112.1,99.0,0.8053,57.8,46.5,15.4,17.0,19.0,28.1,30.3,26.0,57.5,48.3,38.7,28.7,48.2,34.5,65.7,-0.21,Liberty,12.0,R64,2025,post,0,,0.0
63,Amer,35.0,112.2,99.3,0.8041,53.5,48.6,19.3,18.9,35.3,32.3,39.3,33.9,52.0,48.6,37.6,32.4,33.3,41.0,70.9,5.0,Memphis,5.0,R64,2025,post,0,,0.0
64,B10,33.0,120.1,106.5,0.8007,56.8,54.4,13.7,17.9,25.1,32.2,26.0,28.3,56.6,56.2,38.0,34.4,41.0,38.8,70.1,-1.9,Iowa,,,2025,post,0,,0.0
65,WCC,35.0,111.3,98.8,0.7965,52.8,48.5,16.7,17.8,29.0,27.7,34.7,36.4,54.1,52.2,34.1,27.9,43.7,35.5,68.1,0.11,San Francisco,,,2025,post,0,,0.0
66,B10,32.0,116.5,103.9,0.7878,50.6,52.8,15.4,17.4,30.8,32.2,36.2,30.5,51.3,52.9,32.9,35.1,36.3,37.7,68.9,-3.0,Rutgers,,,2025,post,0,,0.0
67,B12,33.0,113.3,101.2,0.7844,51.5,50.7,17.6,16.1,25.1,30.3,36.2,31.4,50.0,51.7,35.6,32.9,42.6,40.3,68.8,-3.1,Arizona St.,,,2025,post,0,,0.0
68,B12,33.0,112.8,100.8,0.7837,51.8,49.0,17.8,15.6,34.4,28.2,36.8,33.3,54.0,47.6,32.7,34.0,43.9,40.3,69.2,-2.9,Utah,,,2025,post,0,,0.0
69,B12,37.0,116.1,104.0,0.7797,49.7,51.1,16.6,17.7,31.9,34.2,35.6,31.1,48.9,52.1,33.8,32.8,41.7,37.4,72.0,-2.0,UCF,,,2025,post,0,,0.0
70,Amer,36.0,109.8,98.8,0.7697,51.1,47.3,16.7,19.6,32.7,28.1,35.3,37.0,49.3,47.9,36.1,30.8,36.4,38.0,60.8,-1.7,North Texas,,,2025,post,0,,0.0
71,ACC,32.0,107.8,97.4,0.7622,49.4,47.2,16.7,19.7,26.8,31.5,36.1,31.5,52.9,48.2,28.5,30.7,35.2,45.8,67.4,0.6,Wake Forest,,,2025,post,0,,0.0
72,ACC,32.0,113.9,103.0,0.7609,52.2,51.1,14.8,18.3,29.0,29.9,34.2,32.8,52.4,50.4,34.6,34.7,41.4,41.3,66.7,-3.9,Pittsburgh,,,2025,post,0,,0.0
73,SEC,32.0,110.2,99.7,0.7589,48.9,51.5,18.4,15.6,30.4,27.3,43.3,30.4,49.8,51.1,31.6,34.8,39.0,34.6,65.7,-5.5,South Carolina,,,2025,post,0,,0.0
74,A10,36.0,106.3,96.3,0.7584,51.7,45.6,19.8,19.2,31.8,29.3,42.7,31.4,50.9,45.0,35.4,31.0,36.4,46.2,65.0,-0.42,George Mason,,,2025,post,0,,0.0
75,B12,32.0,106.3,96.3,0.7571,46.8,50.9,17.3,19.5,33.0,29.6,33.5,28.3,47.8,53.4,30.0,31.6,34.7,42.5,66.7,-1.7,TCU,,,2025,post,0,,0.0
76,ACC,35.0,112.5,102.5,0.7457,50.7,50.5,15.6,17.4,30.9,28.4,29.9,35.5,50.2,50.7,34.2,33.4,41.7,33.7,66.4,-2.8,Stanford,,,2025,post,0,,0.0
77,BE,35.0,117.0,106.6,0.7451,53.7,50.1,16.2,11.4,26.1,28.9,36.8,21.3,52.4,51.5,37.0,31.8,41.6,37.1,67.8,-6.0,Butler,,,2025,post,0,,0.0
78,Ivy,30.0,114.0,104.1,0.7409,54.7,49.1,14.5,16.1,32.7,25.9,31.8,28.9,53.3,48.2,38.4,33.4,32.2,47.8,67.7,-2.6,Yale,13.0,R64,2025,post,0,,0.0
79,A10,34.0,115.0,105.4,0.7315,53.0,51.1,15.5,17.6,29.4,28.6,37.4,31.4,52.1,52.5,36.1,32.9,41.0,42.4,66.1,-1.6,Dayton,,,2025,post,0,,0.0
80,SEC,32.0,108.8,99.7,0.73,51.1,48.3,18.6,16.5,29.5,34.3,32.5,29.5,55.2,48.2,30.5,32.3,43.5,35.8,68.4,-3.8,LSU,,,2025,post,0,,0.0
81,B12,35.0,108.4,99.6,0.7264,50.4,49.9,21.0,16.2,29.2,28.3,35.8,34.4,51.8,49.1,32.1,34.1,37.3,39.4,67.9,-4.4,Colorado,,,2025,post,0,,0.0
82,BSth,35.0,117.7,108.1,0.7262,56.3,49.1,15.3,16.4,33.6,30.6,37.2,36.3,57.3,48.9,36.6,32.9,39.4,35.6,66.6,-1.7,High Point,13.0,R64,2025,post,0,,0.0
83,A10,35.0,109.7,100.9,0.7238,51.6,46.9,16.4,16.2,30.3,27.9,31.7,25.9,52.8,45.3,33.5,33.4,46.5,32.9,68.3,-4.8,Saint Joseph's,,,2025,post,0,,0.0
84,B10,32.0,110.2,101.4,0.7232,49.9,50.1,16.6,16.3,30.2,30.6,31.5,33.0,50.7,49.2,32.2,34.5,35.9,34.3,63.0,-3.9,Minnesota,,,2025,post,0,,0.0
85,BW,39.0,105.8,97.3,0.7222,51.7,45.8,18.0,17.2,27.9,26.5,36.0,22.4,50.7,42.8,35.6,33.9,35.3,37.3,69.2,0.09,UC Irvine,,,2025,post,0,,0.0
86,B12,35.0,108.1,99.7,0.7168,48.6,53.0,19.0,20.3,31.1,29.6,41.0,36.4,48.0,53.1,33.1,35.3,34.7,42.6,71.8,-3.4,Oklahoma St.,,,2025,post,0,,0.0
87,MVC,37.0,111.8,103.1,0.7165,56.7,47.7,17.4,15.6,26.1,28.0,32.4,35.0,54.6,47.2,39.7,32.3,42.3,42.9,66.0,-1.6,Bradley,,,2025,post,0,,0.006060606060606061
88,SB,36.0,111.0,102.7,0.7087,49.6,46.1,14.7,17.0,33.7,30.3,33.1,37.1,50.6,46.4,32.2,30.3,44.6,35.1,70.0,-4.4,Arkansas St.,,,2025,post,0,,0.0
89,MWC,33.0,112.2,104.1,0.702,53.7,51.3,15.5,18.7,27.4,26.5,37.3,37.9,55.3,49.5,34.1,35.7,37.5,44.7,64.1,-6.5,Nevada,,,2025,post,0,,0.0
90,WAC,34.0,107.8,100.2,0.7005,50.7,47.3,18.5,20.3,32.4,28.9,43.6,32.4,52.6,46.7,31.3,32.3,33.8,34.1,71.5,-2.6,Grand Canyon,13.0,R64,2025,post,0,,0.0
91,WCC,33.0,115.8,107.9,0.6928,54.5,51.0,16.7,16.4,32.0,27.7,38.7,31.8,54.7,50.1,36.1,34.8,35.8,41.1,64.0,-4.2,Oregon St.,,,2025,post,0,,0.0
92,MWC,33.0,106.8,99.5,0.6923,49.7,49.3,16.2,17.8,27.3,29.8,35.8,32.0,49.6,50.5,33.3,31.9,34.6,43.4,66.0,-5.1,UNLV,,,2025,post,0,,0.0
93,A10,37.0,109.0,101.7,0.6872,52.7,48.8,17.2,17.3,29.3,27.7,31.6,33.3,53.9,47.6,34.0,33.7,42.9,39.5,67.1,-4.8,Loyola Chicago,,,2025,post,0,,0.0
94,Amer,37.0,116.5,108.9,0.6859,50.2,51.2,13.8,15.2,37.7,30.3,31.3,28.5,49.8,50.4,34.0,35.0,29.3,34.7,69.5,-6.1,UAB,,,2025,post,0,,0.006060606060606061
95,ACC,32.0,107.8,100.9,0.6811,50.7,48.5,17.4,19.1,29.7,31.8,39.4,37.5,52.3,48.9,31.7,32.0,33.7,42.1,69.9,-5.3,Florida St.,,,2025,post,0,,0.0
96,BE,34.0,107.7,101.0,0.675,50.4,49.7,17.0,19.3,31.6,28.9,25.6,29.7,51.5,49.2,32.3,33.6,38.1,39.6,68.5,-4.6,Georgetown,,,2025,post,0,,0.0
97,ACC,32.0,111.4,104.7,0.6707,52.7,50.8,16.4,15.7,22.4,29.7,26.4,28.8,49.9,50.6,37.5,34.1,42.8,38.7,61.2,-5.7,Virginia,,,2025,post,0,,0.0
98,A10,34.0,105.7,99.4,0.6683,49.9,50.0,15.9,18.9,27.6,27.0,30.6,24.4,51.5,50.8,31.3,32.7,35.2,47.1,64.7,-4.2,St. Bonaventure,,,2025,post,0,,0.0
99,SB,34.0,106.5,100.3,0.6667,49.8,47.5,19.8,19.6,38.1,31.7,37.0,29.2,53.6,46.5,30.1,32.8,45.0,38.3,66.4,-4.2,Troy,14.0,R64,2025,post,0,,0.0
100,MAC,35.0,113.5,106.9,0.6653,54.9,50.1,16.4,17.3,32.5,29.4,27.0,33.1,55.2,51.0,36.4,32.4,45.2,38.0,71.5,-1.6,Akron,13.0,R64,2025,post,0,,0.0
101,ACC,33.0,110.4,104.1,0.6634,51.7,51.4,16.5,14.9,29.6,26.0,31.8,30.0,50.8,53.6,35.5,32.1,37.5,40.5,64.9,-7.1,Notre Dame,,,2025,post,0,,0.0
102,ACC,34.0,106.9,100.9,0.6601,50.2,49.3,17.4,15.8,30.3,28.6,30.7,28.1,49.5,46.9,34.3,35.1,36.8,40.8,69.0,-5.2,Georgia Tech,,,2025,post,0,,0.0
103,WCC,34.0,113.1,106.9,0.6572,56.6,51.2,20.3,17.1,31.1,33.6,32.7,32.1,58.2,51.7,36.2,33.6,41.3,39.1,71.0,-4.7,Washington St.,,,2025,post,0,,0.0
104,MVC,33.0,108.6,102.9,0.6509,55.2,51.4,15.9,17.4,24.9,25.3,35.1,28.2,55.2,50.0,36.8,35.6,36.3,40.8,65.4,-6.2,Northern Iowa,,,2025,post,0,,0.0
105,BE,32.0,110.9,105.0,0.6502,52.1,49.5,19.0,13.8,33.2,28.7,29.6,32.8,51.1,49.0,35.6,33.5,45.5,37.0,66.5,-8.4,Providence,,,2025,post,0,,0.0
106,CUSA,32.0,104.8,99.4,0.6492,46.2,46.9,15.6,15.0,32.5,27.7,34.5,39.2,46.1,48.8,30.9,29.5,37.0,42.8,65.0,-8.4,New Mexico St.,,,2025,post,0,,0.0
107,ASun,35.0,110.0,104.3,0.6486,55.6,49.1,14.7,15.9,23.7,26.6,31.2,22.0,56.5,50.5,36.4,31.2,47.6,37.0,66.4,-4.1,Lipscomb,14.0,R64,2025,post,0,,0.0
108,CAA,35.0,112.4,106.7,0.6454,52.1,50.8,16.0,17.1,35.1,28.2,37.4,30.4,53.7,50.7,32.8,34.0,36.4,43.5,65.7,-3.2,UNC Wilmington,14.0,R64,2025,post,0,,0.0
109,ACC,33.0,111.0,105.6,0.6414,51.0,52.9,17.9,14.0,31.4,26.1,33.1,33.0,51.9,53.6,32.8,34.5,32.7,38.1,68.4,-7.9,Syracuse,,,2025,post,0,,0.0
110,B10,31.0,109.8,104.5,0.6388,50.6,53.0,17.5,16.7,27.5,28.5,34.5,36.2,50.1,53.3,34.4,35.1,35.7,35.4,68.0,-4.9,Washington,,,2025,post,0,,0.0
111,Sum,34.0,114.1,108.9,0.6303,57.8,52.5,13.7,18.5,21.5,31.2,34.0,35.9,58.1,52.1,38.3,35.4,46.8,41.3,68.1,-5.2,St. Thomas,,,2025,post,0,,0.0
112,MAC,36.0,106.5,101.7,0.6294,48.7,48.4,17.3,18.3,35.3,27.6,30.2,37.9,49.8,49.6,31.2,31.2,37.0,42.2,66.4,-5.8,Kent St.,,,2025,post,0,,0.0
113,BE,34.0,108.9,104.1,0.6262,52.5,51.6,18.1,15.5,26.9,28.7,27.8,28.6,53.3,51.3,34.4,34.7,46.2,35.4,67.6,-7.4,DePaul,,,2025,post,0,,0.0
114,Amer,34.0,112.5,107.6,0.6261,53.4,50.1,16.3,16.0,30.7,31.5,33.3,33.3,53.9,47.0,35.1,37.1,40.3,35.8,69.2,-7.7,Florida Atlantic,,,2025,post,0,,0.0
115,WAC,34.0,106.9,102.2,0.626,50.6,47.6,17.3,16.9,30.9,26.6,42.0,31.5,51.5,45.9,32.5,34.0,31.2,33.5,68.3,-3.2,Utah Valley,,,2025,post,0,,0.0
116,ACC,31.0,107.8,103.1,0.6235,48.3,51.0,14.4,18.6,28.8,32.5,32.3,32.2,48.3,50.8,32.2,34.3,36.2,32.6,65.5,-9.0,N.C. State,,,2025,post,0,,0.0
117,BSky,35.0,112.2,107.4,0.6212,57.0,52.3,15.9,15.4,25.8,22.4,33.0,35.2,57.9,51.9,37.0,35.4,37.5,34.3,68.9,-4.1,Northern Colorado,,,2025,post,0,,0.0
118,CUSA,34.0,108.8,104.4,0.617,50.9,48.9,16.6,16.0,30.7,28.7,32.4,31.2,53.3,49.8,31.5,31.5,39.6,35.7,68.6,-4.1,Middle Tennessee,,,2025,post,0,,0.0
119,SC,38.0,115.2,110.6,0.6165,56.2,51.8,14.7,16.2,25.5,28.9,30.9,33.9,57.5,51.1,36.5,35.1,45.6,41.0,66.8,-4.0,Chattanooga,,,2025,post,0,,0.0
120,A10,34.0,107.1,103.1,0.608,50.6,48.7,18.6,19.2,31.5,32.5,41.0,26.2,53.2,49.4,31.3,31.8,42.2,38.7,67.4,-6.6,George Washington,,,2025,post,0,,0.0
121,A10,34.0,109.0,105.0,0.6068,56.3,49.2,18.6,14.3,23.4,28.0,30.0,24.0,59.9,48.3,35.1,33.7,50.1,39.7,67.6,-6.5,Saint Louis,,,2025,post,0,,0.0
122,MVC,36.0,113.0,108.8,0.6065,56.3,53.1,15.9,16.3,24.7,25.2,31.9,31.8,57.0,53.0,37.1,35.5,46.7,42.0,66.0,-7.8,Illinois St.,,,2025,post,0,,0.0
123,Sum,32.0,115.6,111.4,0.6049,58.2,51.4,15.6,11.1,26.2,29.0,32.6,27.1,56.5,51.3,39.8,34.3,53.6,39.1,65.3,-6.4,North Dakota St.,,,2025,post,0,,0.0
124,CUSA,36.0,108.7,104.8,0.6024,49.7,49.2,15.9,13.5,31.0,26.3,31.8,27.4,49.0,47.2,34.0,34.6,36.9,43.0,65.0,-5.5,Jacksonville St.,,,2025,post,0,,0.0
125,ASun,35.0,110.9,107.0,0.6019,51.3,50.4,12.8,16.6,33.4,28.8,31.0,28.2,51.0,51.6,34.6,32.5,34.5,43.4,66.9,-5.8,North Alabama,,,2025,post,0,,0.0
126,MVC,33.0,112.2,108.2,0.6018,54.8,53.7,15.9,17.6,27.2,29.4,26.1,27.0,52.9,54.6,38.1,35.1,44.6,43.4,70.9,-5.1,Belmont,,,2025,post,0,,0.0
127,ACC,33.0,110.0,106.2,0.6017,47.8,53.0,16.6,16.3,34.7,28.8,38.9,32.8,48.2,51.3,31.5,37.6,37.8,32.8,67.8,-8.2,California,,,2025,post,0,,0.0
128,Ivy,29.0,114.9,111.0,0.598,58.7,52.2,16.8,15.3,25.5,28.9,28.6,31.3,61.1,52.3,37.4,34.7,48.6,39.1,71.0,-7.2,Cornell,,,2025,post,0,,0.0
129,CUSA,33.0,107.3,103.9,0.5933,49.3,48.3,19.7,15.1,32.5,27.4,38.8,42.6,52.2,48.1,30.6,32.5,45.5,38.4,70.4,-7.2,Kennesaw St.,,,2025,post,0,,0.0
130,A10,32.0,106.4,103.2,0.5876,50.0,50.2,18.3,20.0,32.9,30.7,30.0,39.5,49.2,48.1,34.0,35.9,43.2,35.9,65.3,-13.0,Duquesne,,,2025,post,0,,0.0
131,SB,32.0,106.7,103.7,0.5825,50.8,48.5,14.6,20.6,28.3,32.2,33.6,24.4,53.6,46.9,31.7,33.1,45.6,59.3,63.4,-6.3,South Alabama,,,2025,post,0,,0.0
132,Sum,35.0,112.1,109.1,0.5776,52.6,53.2,15.6,14.8,29.8,25.9,36.0,37.2,52.1,53.5,35.6,35.2,39.1,45.0,67.8,-6.4,Nebraska Omaha,15.0,R64,2025,post,0,,0.0
133,Sum,32.0,109.8,106.9,0.5765,53.6,50.9,17.6,12.7,33.6,21.4,31.2,29.9,54.5,52.3,34.8,32.9,40.0,47.8,69.3,-6.2,South Dakota St.,,,2025,post,0,,0.0
134,BSky,35.0,111.9,109.0,0.5741,56.0,52.5,16.1,15.5,22.5,29.0,35.6,32.0,56.9,53.7,36.3,33.6,36.8,35.1,67.3,-3.0,Montana,14.0,R64,2025,post,0,,0.0
135,CUSA,32.0,107.8,105.2,0.5677,52.5,47.8,18.9,14.7,29.3,28.7,35.0,32.0,53.5,48.8,34.1,30.8,41.4,38.9,64.7,-6.4,Louisiana Tech,,,2025,post,0,,0.0
136,Amer,34.0,106.6,104.2,0.5645,48.6,50.0,16.3,15.5,32.0,28.8,34.9,28.6,49.9,49.7,30.2,33.6,28.4,38.0,68.9,-7.3,Wichita St.,,,2025,post,0,,0.0
137,SC,35.0,110.2,107.8,0.5642,53.7,49.6,17.0,16.4,30.1,31.0,34.6,28.9,53.5,49.5,35.9,33.1,51.5,38.5,66.0,-4.3,Furman,,,2025,post,0,,0.0
138,Horz,35.0,106.7,104.6,0.5567,51.2,50.7,18.2,18.7,35.2,28.1,37.6,30.3,50.7,50.6,34.6,34.0,36.7,35.6,68.2,-4.0,Robert Morris,15.0,R64,2025,post,0,,0.0
139,SC,35.0,112.0,109.9,0.5533,53.2,51.9,16.9,14.7,35.5,26.3,30.6,36.4,54.2,52.0,34.8,34.5,47.7,46.0,64.2,-9.6,Wofford,15.0,R64,2025,post,0,,0.0
140,BW,33.0,107.5,105.6,0.5511,51.7,50.1,18.8,20.2,35.2,24.3,35.6,44.8,51.6,46.7,34.7,35.7,30.7,50.8,72.4,-5.0,Cal St. Northridge,,,2025,post,0,,0.0
141,WAC,32.0,103.0,101.3,0.5468,46.5,51.2,17.0,20.9,29.9,27.0,42.3,36.7,46.3,53.3,31.3,31.9,36.3,38.6,66.2,-12.1,Seattle,,,2025,post,0,,0.0
142,MAC,34.0,108.2,106.5,0.5456,55.4,51.3,17.4,19.1,27.5,29.0,28.1,33.3,53.9,51.9,38.2,33.6,44.0,39.9,69.1,-4.3,Miami OH,,,2025,post,0,,0.0
143,Slnd,34.0,106.5,104.9,0.5432,52.8,49.9,17.8,18.3,31.9,30.7,36.7,40.4,53.0,48.4,34.7,35.0,29.2,36.7,67.7,-8.2,Texas A&M Corpus Chris,,,2025,post,0,,0.0
144,A10,33.0,109.2,107.5,0.5432,52.4,52.3,14.6,15.4,24.4,26.9,29.2,28.1,53.3,51.9,34.1,35.3,42.1,39.9,66.0,-9.2,Davidson,,,2025,post,0,,0.0
145,SC,33.0,110.9,109.3,0.5426,54.6,53.4,18.6,21.6,34.7,33.5,29.4,42.6,53.9,54.1,36.9,35.0,47.1,44.0,71.1,-4.8,Samford,,,2025,post,0,,0.0
146,Amer,34.0,108.0,106.4,0.541,51.7,49.0,16.0,17.5,26.8,32.1,35.3,32.7,52.4,49.1,33.8,32.7,39.4,42.8,67.1,-8.6,Tulane,,,2025,post,0,,0.0
147,CUSA,33.0,105.8,104.3,0.5386,49.3,52.4,16.6,22.0,25.4,32.4,37.0,40.0,47.7,54.0,34.6,33.4,36.2,41.2,68.7,-8.5,UTEP,,,2025,post,0,,0.0
148,ACC,32.0,106.2,105.1,0.5277,51.2,52.3,20.1,16.2,31.0,29.2,30.8,31.8,50.3,54.6,35.0,32.6,40.4,41.2,65.4,-9.3,Virginia Tech,,,2025,post,0,,0.0
149,WCC,32.0,104.4,103.6,0.5212,50.2,48.5,15.2,15.7,22.8,30.9,29.0,28.9,50.6,49.0,33.1,31.8,40.4,36.6,67.3,-6.9,Loyola Marymount,,,2025,post,0,,0.0
150,MVC,33.0,105.3,104.7,0.5176,49.3,51.2,16.9,17.3,29.1,26.4,41.2,35.5,48.6,52.6,33.6,32.1,40.1,32.1,64.9,-10.2,Murray St.,,,2025,post,0,,0.0
151,BW,34.0,108.5,108.0,0.5139,54.6,48.9,18.2,17.2,27.5,29.2,29.7,32.0,52.4,50.5,38.1,30.8,47.4,36.9,65.5,-8.1,UC Santa Barbara,,,2025,post,0,,0.0
152,AE,35.0,106.0,105.5,0.5133,50.7,47.8,16.3,16.4,33.8,29.5,29.9,30.0,51.3,47.3,33.0,32.5,34.7,36.1,72.6,-7.0,Bryant,15.0,R64,2025,post,0,,0.0
153,BSth,33.0,110.0,109.5,0.5126,51.1,51.0,17.7,16.5,33.8,30.0,41.3,37.0,49.9,49.3,35.6,35.8,36.3,40.1,63.2,-7.3,Radford,,,2025,post,0,,0.0
154,Horz,32.0,106.8,106.4,0.5116,51.4,51.5,19.4,18.3,39.8,26.6,38.0,32.4,53.1,52.2,31.9,33.6,31.5,38.6,68.9,-6.8,Milwaukee,,,2025,post,0,,0.0
155,SB,32.0,110.6,110.3,0.507,50.7,50.9,15.8,15.6,32.0,30.5,30.4,33.4,50.0,49.6,34.3,35.5,45.2,35.1,65.2,-7.3,James Madison,,,2025,post,0,,0.0
156,CUSA,32.0,110.7,110.5,0.5065,51.0,53.1,18.3,17.2,30.3,32.2,36.3,33.2,46.9,52.3,38.3,36.2,38.6,41.2,68.0,-11.7,Sam Houston St.,,,2025,post,0,,0.0
157,Horz,36.0,104.3,104.1,0.5047,49.5,51.2,18.0,21.9,34.5,33.6,30.8,38.9,49.8,50.3,32.6,35.0,32.3,39.8,65.8,-7.5,Cleveland St.,,,2025,post,0,,0.0
158,MWC,35.0,106.7,106.6,0.5007,50.3,52.0,17.2,16.7,26.8,32.1,31.8,28.4,48.6,54.2,35.3,31.9,40.8,35.5,66.6,-10.3,San Jose St.,,,2025,post,0,,0.0
159,CAA,33.0,105.3,105.3,0.5005,52.4,50.1,16.2,16.4,26.5,28.3,34.6,26.5,51.8,51.4,35.5,32.1,40.0,39.7,70.5,-4.5,Charleston,,,2025,post,0,,0.0
160,Amer,32.0,110.5,110.5,0.5004,49.9,50.6,15.7,15.1,32.0,31.2,45.2,36.4,48.2,51.0,35.8,33.3,31.3,36.4,69.0,-9.5,Temple,,,2025,post,0,,0.0
161,Slnd,33.0,105.9,105.9,0.4986,48.1,48.1,15.3,16.7,30.6,31.5,33.1,35.9,45.6,49.9,35.0,30.1,36.8,37.6,68.4,-7.2,Nicholls St.,,,2025,post,0,,0.0
162,WAC,32.0,104.9,105.1,0.4942,48.3,50.1,17.7,18.1,33.3,29.6,29.7,33.4,48.6,50.3,31.7,33.2,35.0,31.3,66.1,-9.7,Cal Baptist,,,2025,post,0,,0.0
163,CUSA,32.0,103.2,103.5,0.4934,47.9,47.4,15.5,17.0,23.5,28.1,32.1,40.6,48.0,48.7,31.7,30.5,39.7,44.1,72.1,-8.2,Western Kentucky,,,2025,post,0,,0.0
164,Slnd,33.0,101.8,102.1,0.4919,47.2,47.6,19.0,17.7,35.5,31.8,29.0,34.8,44.3,47.9,35.6,31.4,32.8,39.1,65.5,-7.1,Lamar,,,2025,post,0,,0.0
165,A10,31.0,107.7,108.1,0.4897,52.8,49.3,17.9,16.0,28.3,28.6,41.1,30.8,53.3,50.6,34.6,31.5,37.7,39.7,70.6,-7.9,Rhode Island,,,2025,post,0,,0.0
166,SB,31.0,100.7,101.2,0.4847,49.6,46.1,16.9,14.8,27.6,29.6,35.1,22.2,48.7,47.0,34.0,29.8,41.1,40.1,63.4,-9.3,Appalachian St.,,,2025,post,0,,0.0
167,BSth,34.0,107.6,108.2,0.4831,53.3,51.4,17.7,18.7,31.2,31.5,47.7,37.1,55.0,50.6,33.8,35.2,38.3,37.9,72.9,-6.2,Winthrop,,,2025,post,0,,0.0
168,SC,32.0,105.0,105.7,0.4822,50.3,50.3,16.1,18.9,35.7,29.8,33.2,34.3,48.9,49.5,34.7,34.2,41.7,41.1,65.3,-9.1,East Tennessee St.,,,2025,post,0,,0.0
169,SB,33.0,106.0,106.7,0.4819,49.9,49.3,16.5,16.8,33.0,29.6,34.8,40.9,51.0,49.7,32.3,32.2,39.6,32.8,68.9,-8.6,Marshall,,,2025,post,0,,0.0
170,Horz,32.0,107.9,108.6,0.4812,54.7,53.3,13.8,20.1,22.0,32.8,29.1,30.0,54.0,56.2,37.1,32.6,45.6,40.0,69.9,-8.2,Purdue Fort Wayne,,,2025,post,0,,0.0
171,CAA,33.0,106.3,107.0,0.4804,47.9,50.8,14.5,17.3,35.3,28.0,28.4,30.7,46.7,50.7,33.4,34.1,37.2,38.8,63.8,-5.8,Towson,,,2025,post,0,,0.0
172,BW,34.0,109.6,110.3,0.4798,49.4,52.2,16.0,15.6,32.1,28.8,28.0,33.1,48.8,51.7,33.5,35.3,42.3,39.0,67.3,-4.8,UC Riverside,,,2025,post,0,,0.0
173,SC,32.0,105.4,106.2,0.4787,50.7,47.8,15.3,16.4,31.1,30.1,29.8,34.0,48.0,48.7,36.2,31.0,42.4,43.1,64.0,-7.6,UNC Greensboro,,,2025,post,0,,0.0
174,MVC,33.0,106.5,107.8,0.4669,51.6,52.6,18.3,15.2,30.3,28.0,34.2,33.7,51.0,51.5,35.1,36.1,33.6,39.8,68.1,-12.5,Southern Illinois,,,2025,post,0,,0.0
175,Ivy,28.0,100.6,101.9,0.464,50.3,49.1,16.2,13.8,22.8,24.9,30.3,23.2,49.8,52.1,33.9,29.6,46.5,38.5,71.0,-10.6,Dartmouth,,,2025,post,0,,0.0
176,ACC,31.0,105.0,106.5,0.4608,48.9,51.9,17.3,15.5,28.8,30.0,31.5,37.1,47.5,51.3,34.5,35.2,33.0,35.9,67.0,-10.0,Boston College,,,2025,post,0,,0.0
177,Amer,32.0,106.5,108.0,0.4605,48.6,47.8,17.8,14.0,33.7,29.6,43.3,35.9,47.8,47.5,33.2,32.1,38.8,36.9,65.7,-14.0,Rice,,,2025,post,0,,0.0
178,MAC,32.0,106.8,108.5,0.4559,53.4,52.3,14.9,17.8,23.9,29.0,33.5,36.4,53.9,50.4,35.0,37.6,40.1,32.6,70.6,-11.6,Ohio,,,2025,post,0,,0.0
179,CAA,33.0,104.0,105.8,0.4527,52.2,47.8,18.6,14.4,33.0,30.1,24.2,28.2,51.9,48.1,35.0,31.6,37.1,35.4,63.2,-11.6,Drexel,,,2025,post,0,,0.0
180,Amer,31.0,107.1,109.0,0.4505,49.7,53.3,15.7,20.6,27.0,35.5,29.0,43.9,46.1,53.2,36.1,35.7,44.1,37.9,70.0,-12.6,UTSA,,,2025,post,0,,0.0
181,ASun,34.0,106.6,108.5,0.4496,53.6,50.2,16.2,14.1,30.0,26.4,23.2,29.6,53.9,48.2,35.5,35.2,38.2,43.3,65.5,-9.3,Florida Gulf Coast,,,2025,post,0,,0.0
182,MEAC,33.0,102.7,104.6,0.4475,50.8,50.1,19.9,22.8,35.7,32.7,42.9,47.0,50.2,51.8,34.7,31.1,33.0,34.1,69.4,-9.2,South Carolina St.,,,2025,post,0,,0.0
183,ACC,31.0,112.6,114.7,0.4475,51.9,57.4,16.0,15.0,28.2,30.8,26.4,28.8,55.1,55.9,31.3,39.7,38.5,39.9,67.7,-13.6,Miami FL,,,2025,post,0,,0.0
184,ASun,32.0,109.3,111.3,0.4465,49.7,52.6,13.8,17.8,32.4,33.2,26.0,31.8,47.7,52.1,34.9,35.5,42.2,37.3,67.8,-8.8,Eastern Kentucky,,,2025,post,0,,0.0
185,Horz,34.0,106.7,108.7,0.4462,50.1,51.4,18.0,16.2,34.1,32.6,31.7,27.8,53.2,49.7,30.6,35.9,42.3,41.0,63.9,-10.8,Oakland,,,2025,post,0,,0.0
186,Amer,33.0,106.6,108.6,0.4457,48.4,51.7,15.6,17.4,33.8,31.2,35.2,31.6,49.3,48.5,31.2,38.4,35.2,35.3,66.7,-8.8,East Carolina,,,2025,post,0,,0.0
187,BSky,33.0,104.9,107.0,0.4432,52.8,48.8,15.1,15.3,20.7,29.4,31.9,31.9,53.8,50.6,34.3,29.8,43.0,32.0,66.2,-12.0,Montana St.,,,2025,post,0,,0.0
188,MVC,32.0,105.7,107.8,0.4417,51.1,51.6,17.5,15.8,30.0,27.9,35.1,31.6,51.1,51.6,34.0,34.4,39.4,35.3,69.3,-8.0,Illinois Chicago,,,2025,post,0,,0.0
189,BW,35.0,108.9,111.1,0.4416,55.2,53.2,20.7,19.1,27.6,33.2,26.8,32.4,56.0,54.3,36.3,34.4,51.1,39.9,74.7,-11.8,Cal Poly,,,2025,post,0,,0.0
190,BSky,32.0,100.8,103.1,0.4374,50.5,50.0,18.4,19.6,33.4,30.4,34.3,34.9,51.7,51.6,32.0,31.7,31.7,39.1,68.5,-9.3,Portland St.,,,2025,post,0,,0.0
191,MWC,32.0,103.1,105.7,0.4286,50.3,51.0,19.9,15.8,30.0,27.2,30.4,41.1,49.5,51.7,34.4,33.3,40.7,37.3,64.8,-10.9,Wyoming,,,2025,post,0,,0.0
192,NEC,32.0,99.2,101.7,0.4282,52.2,47.7,17.2,18.1,26.5,25.3,25.9,18.9,53.7,49.0,32.9,30.6,34.8,42.0,65.8,-4.6,Central Connecticut,,,2025,post,0,,0.0
193,CAA,32.0,104.1,106.8,0.4271,51.1,50.3,18.6,18.2,31.4,31.4,28.0,30.3,51.3,49.2,33.7,34.9,34.8,34.7,67.7,-11.0,Northeastern,,,2025,post,0,,0.0
194,MEAC,35.0,106.8,109.7,0.4248,52.2,50.0,18.3,18.6,33.1,34.6,38.4,35.5,54.5,49.4,30.8,33.8,27.6,43.1,66.5,-5.3,Norfolk St.,16.0,R64,2025,post,0,,0.0
195,OVC,33.0,101.7,104.5,0.4233,51.3,47.6,15.4,19.0,24.0,28.7,28.9,42.8,51.1,48.8,34.5,30.0,36.0,31.6,69.1,-8.6,Southeast Missouri St.,,,2025,post,0,,0.0
196,MVC,32.0,109.2,112.2,0.4233,54.6,54.3,19.5,15.8,26.2,27.0,35.9,38.8,56.6,54.5,35.0,35.9,50.1,38.0,72.6,-12.1,Indiana St.,,,2025,post,0,,0.0
197,MAAC,33.0,98.7,101.5,0.4197,49.4,46.9,13.8,23.2,20.8,38.6,24.4,29.9,49.3,47.2,33.0,31.0,42.9,36.3,64.7,-9.8,Merrimack,,,2025,post,0,,0.0
198,Ivy,27.0,102.5,105.6,0.417,51.1,49.3,17.1,15.7,30.1,30.7,28.0,29.1,52.1,49.2,33.1,32.9,40.5,37.4,66.1,-8.6,Brown,,,2025,post,0,,0.0
199,WCC,35.0,106.7,110.0,0.4142,49.6,52.5,16.1,15.3,27.7,30.0,31.6,27.2,48.9,53.3,34.0,34.2,34.7,38.9,69.3,-12.4,Pepperdine,,,2025,post,0,,0.0
200,MVC,32.0,102.2,105.4,0.4124,50.9,54.7,20.7,19.1,32.0,28.4,34.3,38.5,49.1,55.0,36.0,36.1,37.0,39.4,64.0,-16.9,Missouri St.,,,2025,post,0,,0.0
201,Slnd,32.0,104.6,107.9,0.4109,49.2,51.4,17.4,18.8,30.9,29.4,34.7,36.5,49.5,51.9,32.4,33.7,31.6,42.2,67.2,-9.3,Southeastern Louisiana,,,2025,post,0,,0.0
202,Amer,32.0,102.5,105.8,0.4102,49.7,49.7,16.2,18.3,27.7,33.2,34.9,36.7,51.1,49.6,31.6,33.3,37.6,37.5,68.6,-12.4,South Florida,,,2025,post,0,,0.0
203,WAC,32.0,98.2,101.4,0.4086,46.7,51.4,20.7,24.0,30.0,31.5,37.2,51.3,47.8,52.6,28.9,32.6,25.3,32.5,69.4,-10.5,Abilene Christian,,,2025,post,0,,0.0
204,CAA,33.0,103.6,107.0,0.4083,47.5,52.6,16.0,18.8,34.0,28.7,30.3,43.6,46.9,53.3,32.4,34.2,36.7,35.7,65.8,-11.5,Hampton,,,2025,post,0,,0.0
205,Horz,34.0,102.6,106.0,0.4075,49.8,48.8,17.6,18.0,29.3,31.2,36.4,35.8,52.1,48.1,31.3,33.5,46.2,32.8,69.5,-8.9,Youngstown St.,,,2025,post,0,,0.0
206,SB,32.0,108.5,112.2,0.4056,50.7,49.9,18.1,16.1,35.2,31.5,36.0,41.6,49.3,47.4,36.4,36.1,27.8,36.4,66.3,-11.4,Texas St.,,,2025,post,0,,0.0
207,MVC,34.0,106.0,109.6,0.4029,47.7,53.7,14.0,17.1,26.5,28.5,33.6,35.4,47.3,54.2,32.3,35.2,38.4,36.0,68.2,-12.5,Valparaiso,,,2025,post,0,,0.0
208,ASun,35.0,106.7,110.6,0.3983,52.8,52.1,18.2,15.9,31.2,29.3,34.2,30.4,52.9,52.0,35.1,34.9,43.6,37.1,68.7,-8.7,Queens,,,2025,post,0,,0.0
209,Ivy,30.0,103.6,107.4,0.3957,51.5,53.4,15.2,17.3,26.2,24.2,24.6,31.7,50.1,53.5,35.3,35.5,48.7,40.8,66.9,-6.2,Princeton,,,2025,post,0,,0.0
210,Horz,33.0,109.2,113.4,0.3949,56.3,53.2,17.8,14.2,28.0,27.9,27.0,34.5,55.3,52.2,38.6,36.7,37.8,36.0,67.6,-13.5,Wright St.,,,2025,post,0,,0.0
211,BSky,30.0,105.8,109.9,0.3918,47.8,54.1,16.3,17.9,38.3,25.9,34.4,32.7,48.3,53.0,31.2,37.3,36.6,37.7,66.1,-10.5,Idaho St.,,,2025,post,0,,0.0
212,SWAC,32.0,98.9,102.9,0.3881,47.2,49.2,18.5,21.1,34.4,28.5,38.1,42.3,47.4,48.2,31.2,33.8,33.3,39.4,68.6,-7.0,Southern,,,2025,post,0,,0.0
213,Slnd,32.0,102.9,107.0,0.3879,48.7,49.8,20.2,17.4,33.1,32.6,32.2,33.1,46.5,46.8,35.2,36.2,35.7,39.7,64.1,-9.4,Northwestern St.,,,2025,post,0,,0.0
214,Slnd,36.0,107.2,111.5,0.3872,51.5,51.9,17.5,17.4,34.5,31.8,28.8,36.3,50.8,51.1,35.2,35.8,35.8,31.4,64.8,-11.7,Incarnate Word,,,2025,post,0,,0.0
215,MAAC,33.0,102.0,106.2,0.3871,48.4,49.5,17.9,17.1,33.5,26.0,31.1,28.3,50.7,46.7,29.8,36.1,38.0,37.1,71.8,-9.3,Quinnipiac,,,2025,post,0,,0.0
216,ASun,33.0,101.0,105.1,0.3857,50.2,51.1,19.5,18.6,35.6,30.5,28.5,35.0,47.5,50.5,36.8,34.7,33.9,38.1,67.8,-7.6,Jacksonville,,,2025,post,0,,0.0
217,Pat,33.0,103.4,107.8,0.3841,53.8,50.3,18.6,17.0,26.0,28.0,36.7,35.4,54.4,49.0,35.3,34.7,41.0,40.6,67.8,-10.3,Bucknell,,,2025,post,0,,0.0
218,A10,33.0,103.4,107.7,0.3839,46.1,52.6,15.5,16.7,30.5,29.5,31.4,30.0,44.5,54.5,32.8,33.2,33.2,41.5,68.9,-11.8,La Salle,,,2025,post,0,,0.0
219,BE,32.0,97.4,101.5,0.3834,44.7,54.6,19.1,22.2,31.2,31.8,32.9,39.6,43.9,54.5,31.2,36.6,30.5,44.4,64.7,-13.1,Seton Hall,,,2025,post,0,,0.0
220,MAC,31.0,105.0,109.5,0.3815,49.8,53.1,17.6,18.2,32.1,29.1,35.8,31.3,51.2,52.5,31.3,35.9,33.3,43.9,67.5,-11.4,Central Michigan,,,2025,post,0,,0.0
221,Slnd,31.0,105.2,109.7,0.3811,51.7,51.4,19.2,17.6,30.8,33.9,22.7,29.9,55.4,52.0,31.8,33.4,49.0,35.1,70.7,-9.9,UT Rio Grande Valley,,,2025,post,0,,0.0
222,CAA,32.0,106.8,111.5,0.3789,53.7,53.5,18.1,17.6,26.2,30.2,35.6,35.5,55.8,54.4,34.5,34.8,51.5,41.6,71.7,-10.6,William & Mary,,,2025,post,0,,0.0
223,A10,32.0,101.5,106.4,0.3689,45.1,49.8,16.1,17.5,34.3,31.0,34.0,36.6,46.6,49.7,28.0,33.2,32.2,39.9,70.6,-13.5,Massachusetts,,,2025,post,0,,0.0
224,A10,33.0,106.3,111.4,0.3682,48.6,52.8,18.4,16.7,31.5,30.6,32.8,39.2,49.1,52.6,32.0,35.5,41.5,31.8,69.8,-14.1,Fordham,,,2025,post,0,,0.0
225,OVC,34.0,101.0,105.9,0.3679,48.5,47.6,17.2,17.1,31.3,29.7,33.1,33.1,47.9,46.3,33.1,33.1,36.6,38.7,66.2,-7.7,SIU Edwardsville,16.0,R64,2025,post,0,,0.0
226,CAA,33.0,97.9,102.7,0.366,48.9,45.9,17.6,16.4,25.8,28.6,25.3,38.0,48.1,42.6,33.2,33.9,42.3,40.4,63.9,-13.4,Hofstra,,,2025,post,0,,0.0
227,AE,33.0,99.9,104.9,0.3635,49.0,48.8,17.3,15.7,26.2,25.8,29.8,27.1,49.5,48.3,32.3,33.0,43.5,38.6,62.8,-8.1,Vermont,,,2025,post,0,,0.0
228,BSth,32.0,105.1,110.5,0.3599,51.3,55.9,18.0,20.7,32.1,29.6,45.4,38.3,52.3,59.8,32.9,33.7,33.9,41.6,69.2,-9.7,Longwood,,,2025,post,0,,0.0
229,Sum,33.0,100.6,105.8,0.3595,48.4,51.2,18.6,17.1,32.8,29.7,30.9,35.2,47.5,53.6,33.1,31.8,44.0,40.8,64.7,-14.7,UMKC,,,2025,post,0,,0.0
230,CAA,36.0,109.2,114.9,0.3594,55.1,52.2,16.6,15.5,22.4,32.5,30.0,32.9,54.1,51.9,37.7,35.3,39.9,34.1,70.5,-15.0,Delaware,,,2025,post,0,,0.0
231,CAA,32.0,101.3,106.5,0.3593,50.0,52.4,15.8,18.8,24.6,27.7,29.7,29.9,51.5,55.8,31.9,31.1,41.8,36.8,66.1,-12.6,Campbell,,,2025,post,0,,0.0
232,A10,32.0,103.5,108.9,0.3589,48.4,52.7,15.4,15.8,19.3,27.7,29.7,37.1,49.7,52.4,31.2,35.4,45.6,48.6,64.1,-15.1,Richmond,,,2025,post,0,,0.0
233,BSth,32.0,107.1,112.6,0.3586,52.0,53.4,14.8,18.0,29.7,34.1,34.4,40.1,52.4,53.8,34.2,35.2,35.0,38.9,68.1,-6.5,UNC Asheville,,,2025,post,0,,0.0
234,OVC,33.0,103.1,108.5,0.357,51.3,48.8,21.1,17.4,33.8,30.3,41.4,39.3,52.5,48.1,32.6,33.4,33.6,35.9,70.8,-12.9,Tennessee St.,,,2025,post,0,,0.0
235,CAA,33.0,106.5,112.1,0.3563,50.4,48.0,19.1,13.0,36.1,31.5,38.7,25.1,50.8,46.9,33.2,33.0,41.5,44.0,65.3,-10.9,Elon,,,2025,post,0,,0.0
236,AE,34.0,99.2,104.5,0.3541,51.6,50.4,15.5,21.9,21.8,32.3,28.2,29.0,50.6,50.7,35.7,33.3,33.0,36.2,66.2,-10.2,Maine,,,2025,post,0,,0.0
237,Sum,33.0,108.5,114.4,0.3523,50.1,54.8,12.6,17.3,30.0,35.7,45.4,35.2,51.7,55.4,31.6,35.9,37.5,38.9,74.8,-8.8,South Dakota,,,2025,post,0,,0.0
238,Ivy,27.0,102.2,107.9,0.3483,50.6,52.2,18.0,17.7,25.0,31.1,24.4,24.6,52.2,53.4,32.0,33.5,39.9,36.5,65.9,-10.8,Harvard,,,2025,post,0,,0.0
239,Horz,33.0,103.2,109.1,0.3456,49.8,52.5,17.3,19.9,31.0,32.5,31.3,29.3,50.0,50.6,33.0,37.0,40.0,40.1,66.2,-11.0,Northern Kentucky,,,2025,post,0,,0.0
240,Amer,33.0,102.1,108.1,0.3419,49.5,49.7,16.9,14.4,27.2,31.1,34.2,33.6,51.5,50.0,31.2,32.7,42.3,34.0,66.5,-14.4,Tulsa,,,2025,post,0,,0.0
241,MAAC,34.0,99.7,105.6,0.3406,47.5,51.7,20.9,22.8,39.1,30.9,27.9,35.6,47.5,53.9,31.8,32.6,34.7,44.5,68.5,-13.8,Iona,,,2025,post,0,,0.0
242,BW,31.0,102.0,108.0,0.3404,50.6,49.5,20.7,13.1,31.0,24.9,39.9,33.7,53.1,48.0,31.0,35.0,37.4,32.4,66.1,-11.1,Hawaii,,,2025,post,0,,0.0
243,WAC,31.0,106.5,112.8,0.339,51.7,50.4,19.2,16.4,32.8,32.5,37.0,34.3,50.6,48.5,35.4,36.0,42.2,34.9,67.8,-12.9,UT Arlington,,,2025,post,0,,0.0
244,SB,33.0,107.4,113.9,0.3377,50.4,51.0,16.9,12.9,32.4,31.9,33.8,26.2,49.8,51.8,34.4,33.2,33.3,41.5,69.4,-13.1,Georgia St.,,,2025,post,0,,0.0
245,MAAC,33.0,105.2,111.7,0.3346,51.0,51.8,17.7,17.6,31.4,29.9,26.3,27.6,50.3,50.8,34.5,35.4,44.6,43.1,70.6,-14.6,Sacred Heart,,,2025,post,0,,0.0
246,SB,33.0,103.2,109.6,0.3341,50.6,50.1,19.0,18.4,33.0,33.0,26.5,43.1,49.8,51.2,34.5,32.3,44.3,40.1,69.8,-11.2,Georgia Southern,,,2025,post,0,,0.0
247,Sum,33.0,107.8,114.5,0.3331,49.7,56.5,16.6,15.0,33.7,28.7,33.6,33.0,50.3,57.1,32.5,37.1,40.0,40.6,69.2,-15.1,North Dakota,,,2025,post,0,,0.0
248,WCC,32.0,106.5,113.6,0.3218,50.1,54.6,18.0,13.2,23.9,29.9,32.2,22.1,49.8,53.3,33.7,37.8,43.6,40.9,68.5,-12.6,Portland,,,2025,post,0,,0.0
249,Pat,35.0,101.7,108.7,0.3188,52.0,52.5,16.9,17.7,23.8,27.4,29.0,34.1,51.4,53.5,35.2,33.8,45.3,35.9,63.8,-8.2,American,16.0,R68,2025,post,0,,0.0
250,MAC,33.0,111.2,118.8,0.3181,50.5,56.4,13.7,15.5,29.8,30.9,35.5,26.5,50.6,55.9,33.6,38.2,28.6,37.5,68.6,-8.9,Toledo,,,2025,post,0,,0.0
251,BSky,34.0,104.3,111.6,0.3153,50.3,53.7,15.2,15.0,31.9,24.4,28.5,33.8,49.5,52.9,34.4,36.7,37.8,37.0,66.8,-11.5,Northern Arizona,,,2025,post,0,,0.0
252,BSky,33.0,107.9,115.4,0.3143,51.8,54.0,17.9,15.1,28.9,31.3,33.6,35.7,51.5,55.1,34.7,34.9,47.9,39.9,66.6,-14.0,Idaho,,,2025,post,0,,0.0
253,BSth,33.0,103.3,110.6,0.3133,51.1,52.9,16.2,17.8,29.4,31.1,31.1,38.9,49.7,53.7,36.0,34.3,33.9,34.8,64.7,-13.8,Presbyterian,,,2025,post,0,,0.0
254,OVC,33.0,98.3,105.3,0.311,49.5,46.7,20.4,21.5,30.4,35.4,29.0,37.9,47.2,46.3,36.6,31.4,30.3,44.2,67.0,-9.9,Little Rock,,,2025,post,0,,0.0
255,BW,32.0,97.2,104.2,0.3107,46.3,50.0,19.7,21.8,27.6,33.6,38.3,39.2,45.1,48.3,32.2,35.2,35.5,37.7,67.4,-11.4,UC Davis,,,2025,post,0,,0.0
256,SWAC,34.0,100.4,107.6,0.3103,47.7,50.6,19.5,17.4,30.1,30.0,37.5,30.6,47.1,50.3,32.6,34.1,33.7,41.7,68.7,-10.6,Jackson St.,,,2025,post,0,,0.0
257,MVC,32.0,98.5,105.7,0.3092,48.8,50.2,17.7,16.7,22.6,29.2,31.1,34.6,51.5,49.4,29.9,34.1,40.6,44.9,67.1,-14.7,Evansville,,,2025,post,0,,0.0
258,MAAC,36.0,100.3,107.7,0.3047,50.9,48.7,21.4,15.6,30.5,27.9,30.5,26.1,50.3,49.4,34.5,31.8,41.1,45.2,67.8,-8.1,Mount St. Mary's,16.0,R64,2025,post,0,,0.0
259,MAAC,31.0,108.0,116.0,0.3046,50.8,50.9,16.7,15.0,32.5,32.2,31.8,25.9,50.5,52.6,34.1,32.4,41.6,42.0,67.9,-10.0,Manhattan,,,2025,post,0,,0.0
260,CAA,33.0,104.1,112.0,0.3009,47.2,50.7,16.2,16.6,29.7,34.8,36.7,36.1,44.2,50.7,35.2,33.8,34.6,40.7,67.4,-14.4,Monmouth,,,2025,post,0,,0.0
261,BW,33.0,105.1,113.2,0.2987,48.2,54.3,18.8,18.9,35.6,29.7,34.5,46.9,45.3,54.8,37.2,35.7,28.4,41.5,66.3,-14.0,Cal St. Bakersfield,,,2025,post,0,,0.0
262,Amer,33.0,104.6,112.6,0.2984,48.3,54.2,15.1,14.6,25.4,29.2,42.7,37.0,49.6,56.4,31.0,33.3,40.9,34.5,65.0,-16.3,Charlotte,,,2025,post,0,,0.0
263,AE,32.0,107.5,115.9,0.2972,54.6,51.6,18.1,14.7,26.1,30.3,31.6,25.2,56.3,50.5,34.2,35.6,34.6,34.7,68.9,-11.5,UMass Lowell,,,2025,post,0,,0.0
264,Slnd,32.0,100.5,108.4,0.2971,49.1,52.6,18.0,17.9,26.0,32.0,30.5,29.4,49.3,54.5,32.5,32.3,44.0,31.8,64.8,-14.4,Houston Christian,,,2025,post,0,,0.0
265,MAC,32.0,104.8,113.2,0.2921,52.4,53.7,18.7,17.8,29.6,31.7,33.0,38.5,52.4,51.9,35.0,37.7,38.2,38.8,67.4,-12.0,Eastern Michigan,,,2025,post,0,,0.0
266,MWC,32.0,100.5,108.6,0.2913,46.1,54.0,17.7,18.0,27.0,34.0,36.4,23.5,45.6,56.0,31.3,34.2,35.3,43.0,71.1,-16.5,Fresno St.,,,2025,post,0,,0.0
267,SWAC,36.0,100.8,109.3,0.2843,47.0,50.7,13.1,18.7,28.0,30.8,29.1,38.9,45.6,50.8,32.6,33.7,42.7,40.2,68.0,-10.1,Alabama St.,16.0,R64,2025,post,0,,0.0
268,MAAC,32.0,102.2,110.7,0.2843,49.4,51.7,17.2,18.2,28.8,30.0,37.3,31.4,49.5,51.8,32.8,34.3,39.9,34.2,67.3,-14.5,Siena,,,2025,post,0,,0.0
269,BSth,31.0,102.4,111.0,0.2836,51.9,52.0,20.8,14.8,33.4,30.2,36.2,37.2,53.1,54.2,33.0,32.3,33.1,38.0,69.4,-14.9,Gardner Webb,,,2025,post,0,,0.0
270,CUSA,33.0,96.0,104.1,0.2835,46.1,51.6,19.5,20.6,31.0,29.6,36.0,37.5,47.4,52.6,28.8,33.3,30.1,39.5,68.8,-17.4,FIU,,,2025,post,0,,0.0
271,Sum,32.0,100.2,108.6,0.2831,50.3,54.3,18.5,17.6,26.1,29.1,31.6,49.8,50.5,56.2,33.3,34.1,36.9,37.9,66.7,-15.9,Denver,,,2025,post,0,,0.0
272,MAC,31.0,103.5,112.3,0.2816,51.3,51.6,16.4,14.1,26.4,27.9,44.5,30.7,51.0,54.5,34.6,31.5,37.1,39.7,66.6,-13.7,Ball St.,,,2025,post,0,,0.0
273,ASun,32.0,107.8,117.3,0.2753,53.2,54.1,15.0,14.7,27.9,34.2,24.8,31.1,54.0,54.5,35.0,35.5,54.0,31.1,72.5,-11.5,North Florida,,,2025,post,0,,0.0
274,MAC,32.0,99.8,108.5,0.275,49.9,52.6,17.5,17.3,25.6,27.4,34.5,29.8,49.6,54.6,33.5,33.2,39.7,42.4,69.0,-14.2,Bowling Green,,,2025,post,0,,0.0
275,Pat,33.0,104.0,113.2,0.2737,54.2,53.3,16.7,16.3,23.7,26.9,22.6,25.5,54.6,51.5,35.7,37.3,42.2,40.0,67.3,-14.9,Colgate,,,2025,post,0,,0.0
276,AE,33.0,103.4,112.7,0.2708,49.3,54.9,15.7,19.8,32.3,28.4,29.5,34.7,50.2,55.8,31.7,35.6,36.0,34.9,67.8,-12.9,Albany,,,2025,post,0,,0.0
277,MAC,32.0,102.3,111.6,0.2691,47.0,54.5,15.8,16.6,34.4,27.9,31.0,33.2,49.3,55.0,28.2,35.8,32.9,41.0,68.0,-14.7,Western Michigan,,,2025,post,0,,0.0
278,SC,33.0,98.4,107.5,0.2652,48.9,50.8,16.6,16.8,28.8,28.7,29.8,32.8,49.8,49.7,31.8,34.7,40.1,46.0,71.2,-14.4,Mercer,,,2025,post,0,,0.0
279,Slnd,31.0,95.9,104.9,0.2646,46.7,49.2,22.2,20.2,34.6,33.1,32.3,34.1,48.8,47.8,28.7,34.4,36.9,37.1,67.6,-12.0,Stephen F. Austin,,,2025,post,0,,0.0
280,NEC,33.0,95.2,104.2,0.2613,47.7,48.0,20.1,19.2,32.3,27.0,27.6,43.5,48.8,48.8,30.3,31.2,33.4,39.8,65.1,-12.6,LIU,,,2025,post,0,,0.0
281,WCC,33.0,100.8,110.4,0.2606,48.1,53.2,19.3,15.4,28.8,28.2,32.8,37.1,50.3,52.9,29.7,35.8,37.8,39.5,66.8,-15.6,Pacific,,,2025,post,0,,0.0
282,SWAC,32.0,95.7,105.0,0.2546,47.5,47.4,19.8,19.6,30.5,34.7,28.9,36.2,46.2,46.5,33.1,32.6,35.8,41.3,70.2,-11.9,Texas Southern,,,2025,post,0,,0.0
283,BSky,32.0,102.0,112.0,0.2533,50.9,54.4,18.7,19.0,26.9,33.6,31.1,39.7,52.5,53.8,32.3,36.9,37.6,38.4,67.3,-16.4,Eastern Washington,,,2025,post,0,,0.0
284,MAAC,30.0,96.8,106.6,0.2497,49.9,46.9,18.4,16.4,30.6,25.6,22.4,33.2,51.5,44.9,31.4,33.7,37.6,35.4,64.3,-8.0,Marist,,,2025,post,0,,0.0
285,OVC,33.0,102.1,112.7,0.244,47.6,52.3,19.5,18.9,34.7,30.8,34.4,33.9,48.5,52.0,31.1,35.0,47.3,48.2,66.5,-15.4,Tennessee Martin,,,2025,post,0,,0.0
286,Pat,34.0,101.3,111.9,0.2415,48.0,52.5,16.1,17.8,31.3,27.2,33.8,33.8,46.8,52.6,33.3,34.9,37.1,41.2,67.2,-16.2,Navy,,,2025,post,0,,0.0
287,WAC,32.0,93.1,102.9,0.2404,45.9,52.1,25.1,23.3,28.1,33.9,41.5,48.3,45.0,52.9,32.2,33.9,25.6,42.2,65.8,-13.3,Tarleton St.,,,2025,post,0,,0.0
288,ASun,33.0,102.0,112.9,0.2372,48.7,53.8,14.8,16.8,25.8,31.2,28.9,36.0,47.1,52.0,34.0,37.9,40.2,35.9,66.2,-13.5,Austin Peay,,,2025,post,0,,0.0
289,MAAC,28.0,95.4,105.6,0.2358,44.7,47.3,20.7,17.6,37.0,31.0,34.7,37.6,42.4,47.0,32.2,31.9,38.5,38.0,64.0,-13.3,Saint Peter's,,,2025,post,0,,0.0
290,OVC,32.0,101.3,112.3,0.2352,50.7,49.6,17.4,15.2,25.0,32.4,28.8,22.2,49.0,50.6,35.1,31.9,46.4,34.1,68.1,-13.2,Tennessee Tech,,,2025,post,0,,0.0
291,BSky,34.0,100.9,112.1,0.2301,50.2,53.4,16.9,16.5,24.4,30.1,34.7,37.2,51.1,52.2,32.4,36.7,37.2,43.0,65.7,-17.1,Weber St.,,,2025,post,0,,0.0
292,SB,35.0,99.7,110.8,0.2297,44.1,51.2,16.9,16.0,36.4,32.0,30.9,35.0,45.0,51.2,28.3,34.1,35.8,35.3,66.3,-15.3,Old Dominion,,,2025,post,0,,0.0
293,MWC,32.0,98.7,109.7,0.2293,50.1,54.6,20.8,15.7,22.7,29.0,35.4,35.4,50.5,54.8,33.1,36.3,48.5,36.2,64.7,-19.3,Air Force,,,2025,post,0,,0.0
294,WCC,33.0,100.0,111.2,0.2276,45.7,54.0,18.4,18.5,29.9,31.6,30.5,46.1,46.3,51.6,29.7,38.5,35.8,38.3,71.2,-19.5,San Diego,,,2025,post,0,,0.0
295,SWAC,33.0,97.7,108.7,0.2271,48.2,48.8,19.5,16.7,28.8,30.0,35.9,32.4,48.4,49.8,31.9,31.3,33.9,36.9,69.2,-10.1,Bethune Cookman,,,2025,post,0,,0.0
296,Pat,33.0,97.8,108.9,0.2264,50.2,50.4,16.6,16.7,24.0,28.0,30.5,26.9,49.7,48.3,34.0,35.8,40.3,37.9,66.4,-16.8,Lafayette,,,2025,post,0,,0.0
297,Ivy,27.0,104.4,116.6,0.2201,52.6,56.4,15.4,16.4,25.9,26.7,29.5,25.4,53.9,54.6,33.8,39.2,39.1,41.8,71.0,-11.3,Columbia,,,2025,post,0,,0.0
298,Sum,30.0,103.7,115.8,0.2199,50.0,55.0,16.3,13.9,22.6,33.1,35.0,38.2,48.5,56.6,34.4,35.0,45.7,40.2,67.5,-17.2,Oral Roberts,,,2025,post,0,,0.0
299,NEC,34.0,100.2,112.0,0.218,51.8,51.2,19.7,16.2,25.0,29.9,24.0,27.8,52.6,53.3,33.8,32.2,42.0,43.1,67.4,-12.1,Saint Francis,16.0,R68,2025,post,0,,0.0
300,Pat,30.0,99.8,111.7,0.2154,51.1,50.7,15.6,16.1,21.4,29.1,31.5,33.9,49.1,53.0,36.4,31.2,37.3,36.7,67.4,-15.2,Lehigh,,,2025,post,0,,0.0
301,SB,33.0,97.9,109.7,0.2133,45.7,51.3,16.0,19.1,25.9,35.5,29.8,43.8,45.0,53.8,31.3,31.5,38.1,36.9,66.5,-15.7,Louisiana,,,2025,post,0,,0.0
302,NEC,33.0,98.2,110.0,0.2125,49.1,50.5,17.1,17.6,25.9,32.0,32.1,30.4,49.7,53.3,32.2,30.3,41.5,35.6,69.5,-15.7,Fairleigh Dickinson,,,2025,post,0,,0.0
303,WAC,33.0,101.8,114.1,0.2113,48.8,53.0,18.3,17.4,26.2,33.5,33.7,41.1,47.9,53.7,33.4,34.4,39.8,31.5,67.6,-19.9,Utah Tech,,,2025,post,0,,0.0
304,MEAC,32.0,103.1,115.6,0.211,53.5,52.3,21.2,16.5,29.0,33.8,35.7,40.9,52.6,53.1,36.6,33.8,38.4,33.5,69.9,-15.6,Howard,,,2025,post,0,,0.0
305,Ivy,27.0,103.2,116.0,0.2068,49.4,53.0,16.4,13.4,26.8,29.7,28.9,25.8,49.9,50.8,32.6,37.5,44.4,39.2,67.1,-13.8,Penn,,,2025,post,0,,0.0
306,SB,33.0,96.8,109.0,0.2044,47.9,50.2,19.5,16.1,28.1,30.2,33.8,35.4,49.8,51.2,29.8,32.5,36.9,38.4,71.0,-16.9,Southern Miss,,,2025,post,0,,0.0
307,Horz,32.0,109.5,123.3,0.2038,50.4,57.0,15.7,16.0,30.6,33.6,34.1,35.1,46.2,57.8,36.8,37.3,47.3,40.8,65.1,-17.5,IU Indy,,,2025,post,0,,0.0
308,MAAC,33.0,102.1,115.0,0.2029,47.7,53.1,17.2,16.0,32.2,30.7,29.6,27.3,48.1,52.8,31.2,35.7,30.1,40.9,65.1,-14.6,Rider,,,2025,post,0,,0.0
309,Pat,31.0,100.0,112.8,0.2006,50.1,52.8,17.7,16.9,28.6,27.9,29.3,30.2,50.7,52.9,32.9,35.1,39.6,35.7,66.8,-16.1,Loyola MD,,,2025,post,0,,0.0
310,OVC,31.0,93.7,105.8,0.1985,44.1,51.0,18.7,20.8,30.0,30.9,33.0,39.7,42.6,50.2,31.7,34.7,29.7,44.4,66.4,-14.4,Eastern Illinois,,,2025,post,0,,0.0
311,BSth,32.0,99.2,112.1,0.1966,48.7,53.4,19.9,13.5,31.2,28.2,43.9,33.3,50.7,55.4,30.7,32.4,42.0,29.2,67.8,-16.2,Charleston Southern,,,2025,post,0,,0.0
312,Pat,33.0,100.3,113.4,0.1951,49.5,53.7,14.3,16.0,25.9,29.2,26.1,27.4,51.4,54.8,31.2,34.8,41.7,42.0,67.9,-12.0,Army,,,2025,post,0,,0.0
313,SC,34.0,98.6,111.6,0.1935,48.5,54.2,18.0,17.6,25.2,32.1,37.5,30.5,50.3,56.3,31.0,34.5,46.9,47.5,68.4,-14.7,VMI,,,2025,post,0,,0.0
314,Pat,32.0,98.5,111.6,0.1918,50.2,52.4,20.6,16.7,32.5,23.4,30.7,32.0,50.7,51.2,33.0,36.1,41.9,40.2,63.5,-13.2,Boston University,,,2025,post,0,,0.0
315,MEAC,30.0,101.2,114.7,0.1908,48.8,53.8,18.1,20.0,34.0,32.1,36.3,40.3,47.6,56.3,35.5,33.5,20.7,41.1,70.4,-10.9,Delaware St.,,,2025,post,0,,0.0
316,AE,32.0,105.1,119.2,0.1907,55.2,54.1,15.9,17.4,19.4,33.7,31.6,27.9,53.8,54.2,38.4,35.8,38.4,34.4,70.7,-15.6,UMBC,,,2025,post,0,,0.0
317,BW,32.0,100.6,114.1,0.1906,49.2,53.4,21.7,17.1,28.5,34.9,35.5,35.2,47.0,51.2,35.3,38.1,37.1,37.6,64.3,-19.1,Long Beach St.,,,2025,post,0,,0.0
318,SB,32.0,101.3,114.9,0.1901,49.4,48.6,18.4,10.5,29.0,28.7,34.4,36.9,47.7,48.5,34.8,32.5,39.2,36.3,63.4,-18.2,Coastal Carolina,,,2025,post,0,,0.0
319,SWAC,34.0,95.8,108.7,0.1898,47.3,49.3,19.2,18.3,26.3,31.1,35.1,31.3,46.9,47.0,32.0,35.7,35.0,35.6,64.1,-16.8,Grambling St.,,,2025,post,0,,0.0
320,AE,32.0,98.8,112.2,0.1894,51.6,49.7,19.6,12.8,26.9,26.9,33.7,31.9,50.6,51.1,35.4,31.8,36.2,40.3,65.8,-14.1,Binghamton,,,2025,post,0,,0.0
321,OVC,33.0,94.9,107.8,0.1875,45.0,50.7,17.9,19.4,30.0,31.5,36.0,34.7,47.6,50.0,26.7,34.6,34.6,37.5,69.7,-12.8,Lindenwood,,,2025,post,0,,0.0
322,OVC,32.0,98.3,112.0,0.1822,45.9,50.3,18.4,14.4,31.2,25.4,37.6,34.7,45.5,49.9,31.2,34.1,34.1,33.4,64.3,-13.1,Morehead St.,,,2025,post,0,,0.0
323,SWAC,31.0,102.2,116.5,0.1817,50.6,51.4,20.7,15.4,27.7,31.9,36.7,39.9,50.8,51.5,33.6,34.2,46.6,36.5,67.4,-10.8,Florida A&M,,,2025,post,0,,0.0
324,MEAC,33.0,102.5,117.0,0.1801,50.1,54.8,19.2,21.0,34.6,38.8,39.8,42.0,49.9,57.6,33.7,32.7,34.0,32.8,67.2,-15.3,North Carolina Central,,,2025,post,0,,0.0
325,SWAC,32.0,97.6,111.5,0.1788,46.1,53.0,19.6,18.3,33.6,32.5,30.4,31.5,45.4,54.6,31.8,34.1,29.6,45.3,65.0,-14.9,Alcorn St.,,,2025,post,0,,0.0
326,WAC,31.0,96.0,109.7,0.1771,46.8,49.9,21.6,15.1,30.1,32.0,36.2,33.0,47.2,49.8,30.5,33.3,32.6,27.7,69.2,-13.6,Southern Utah,,,2025,post,0,,0.0
327,Horz,32.0,101.1,115.6,0.1762,50.9,54.8,18.0,14.6,18.4,32.0,37.0,35.4,52.2,54.1,32.9,37.3,46.2,39.4,69.3,-22.6,Green Bay,,,2025,post,0,,0.0
328,MAAC,31.0,100.9,115.5,0.1743,52.0,53.0,18.6,16.8,23.6,27.3,30.4,29.8,51.8,51.8,34.9,36.7,42.8,38.4,65.1,-16.7,Niagara,,,2025,post,0,,0.0
329,Slnd,31.0,96.8,111.1,0.1694,49.2,53.8,22.5,19.9,28.1,35.9,28.0,36.5,51.1,52.6,31.4,37.4,48.3,34.6,67.7,-19.8,Texas A&M Commerce,,,2025,post,0,,0.0
330,NEC,32.0,100.3,115.3,0.1683,51.1,50.9,18.3,16.2,26.4,29.4,31.4,32.7,49.4,50.1,35.4,34.9,44.5,33.3,65.4,-13.7,Stonehill,,,2025,post,0,,0.0
331,Pat,32.0,101.0,116.1,0.1675,53.1,53.5,17.9,13.6,23.3,27.0,22.2,25.4,49.6,54.5,38.6,34.5,42.3,37.8,66.1,-15.5,Holy Cross,,,2025,post,0,,0.0
332,NEC,31.0,100.4,116.0,0.1589,48.6,55.0,16.4,20.3,22.2,33.3,30.9,38.3,45.8,56.0,35.7,35.7,36.4,39.8,64.8,-12.6,Mercyhurst,,,2025,post,0,,0.0
333,CAA,32.0,101.6,117.8,0.1546,47.7,56.0,18.3,14.9,29.5,31.2,31.6,28.4,45.7,57.2,33.8,36.3,39.0,42.3,64.7,-19.6,Stony Brook,,,2025,post,0,,0.0
334,BSth,32.0,99.2,115.1,0.1534,49.8,56.1,19.0,16.6,25.3,32.4,30.4,39.5,53.1,58.3,29.4,35.2,36.9,40.2,73.0,-21.0,USC Upstate,,,2025,post,0,,0.0
335,MAAC,32.0,97.5,113.2,0.1524,46.3,53.7,15.5,18.2,28.6,31.0,25.4,31.0,45.8,53.4,31.5,36.0,38.3,36.9,66.1,-16.9,Fairfield,,,2025,post,0,,0.0
336,OVC,30.0,98.7,114.9,0.1494,47.9,51.8,17.2,16.7,27.9,31.3,30.7,35.6,45.4,50.0,35.2,36.7,33.5,36.5,67.2,-17.4,Southern Indiana,,,2025,post,0,,0.0
337,MEAC,32.0,100.5,117.2,0.1469,49.0,52.4,17.9,17.0,34.1,36.9,35.7,39.1,49.5,51.0,31.6,36.8,21.7,34.3,70.7,-14.4,Morgan St.,,,2025,post,0,,0.0
338,CAA,32.0,96.6,112.8,0.1441,45.8,51.5,15.4,15.3,27.0,31.4,31.2,30.0,46.3,52.4,30.0,33.3,36.0,38.5,69.5,-20.1,North Carolina A&T,,,2025,post,0,,0.0
339,NEC,30.0,93.1,108.8,0.1421,43.7,50.4,19.4,18.2,31.7,25.0,29.3,39.9,41.5,50.8,31.6,33.2,37.6,42.9,60.4,-13.0,Wagner,,,2025,post,0,,0.0
340,ASun,31.0,103.4,121.1,0.1406,53.7,58.1,17.4,15.4,20.2,30.0,26.5,34.9,53.9,57.8,35.6,39.0,43.2,47.4,66.5,-21.3,Bellarmine,,,2025,post,0,,0.0
341,OVC,31.0,99.7,116.9,0.1378,50.1,51.1,18.2,14.4,28.1,31.8,27.2,30.6,46.7,50.2,37.3,35.1,37.2,34.8,64.6,-16.2,Western Illinois,,,2025,post,0,,0.0
342,SC,30.0,95.6,112.4,0.135,45.4,51.1,19.0,13.5,25.7,29.4,27.0,34.0,46.3,52.8,29.7,32.6,48.2,44.0,70.7,-16.6,Western Carolina,,,2025,post,0,,0.0
343,Horz,32.0,95.2,112.3,0.13,45.6,51.2,19.1,15.5,31.9,30.5,28.9,39.8,43.9,52.4,33.3,33.2,28.4,47.0,67.3,-18.9,Detroit Mercy,,,2025,post,0,,0.0
344,SB,32.0,96.9,114.6,0.1263,45.0,53.6,17.1,16.1,29.0,32.5,31.1,25.1,43.1,55.8,32.5,34.0,33.9,45.1,68.0,-20.8,Louisiana Monroe,,,2025,post,0,,0.0
345,MAC,31.0,95.9,113.5,0.1251,48.8,54.2,19.5,16.2,24.8,31.3,32.7,31.2,51.3,53.4,30.5,37.2,43.9,35.2,70.9,-17.2,Buffalo,,,2025,post,0,,0.0
346,Slnd,31.0,99.4,117.7,0.1249,45.9,54.9,18.8,16.1,31.6,35.5,33.9,26.6,46.0,55.1,30.4,36.4,30.7,42.4,69.5,-19.6,New Orleans,,,2025,post,0,,0.0
347,ASun,31.0,96.9,115.1,0.1219,47.2,56.1,16.3,16.6,26.1,29.2,28.8,36.3,48.4,56.9,29.7,36.8,30.1,43.7,68.3,-20.4,West Georgia,,,2025,post,0,,0.0
348,NEC,32.0,102.9,122.2,0.1216,51.5,54.7,19.6,16.3,25.7,32.9,37.7,36.9,53.2,54.1,32.8,37.0,41.3,41.4,68.9,-19.1,Le Moyne,,,2025,post,0,,0.0
349,MAC,31.0,94.4,112.2,0.1203,47.1,53.2,16.3,16.6,17.8,30.8,31.6,44.0,45.3,51.0,32.7,38.0,49.2,37.5,69.1,-20.8,Northern Illinois,,,2025,post,0,,0.0
350,BSky,32.0,95.5,113.9,0.1159,48.0,55.1,20.3,17.1,27.4,27.6,31.3,39.2,49.1,55.2,31.2,36.6,44.9,46.0,65.7,-20.8,Sacramento St.,,,2025,post,0,,0.0
351,ASun,33.0,97.4,117.3,0.1052,47.4,56.8,18.2,16.7,28.6,30.0,28.8,22.6,50.2,55.4,29.6,38.7,47.8,52.1,66.6,-18.3,Central Arkansas,,,2025,post,0,,0.0
352,AE,31.0,94.3,113.8,0.1031,45.3,50.0,18.0,13.8,27.7,31.8,27.4,38.6,45.0,51.9,30.5,31.0,37.8,35.2,66.6,-21.5,NJIT,,,2025,post,0,,0.0
353,ASun,32.0,98.9,119.7,0.1003,50.2,53.1,18.7,13.1,24.1,34.3,33.1,27.7,50.2,52.6,33.5,35.9,37.7,41.4,67.9,-19.5,Stetson,,,2025,post,0,,0.0
354,MAAC,31.0,99.4,121.2,0.0928,51.2,56.9,18.5,16.4,18.3,34.3,23.3,31.4,48.4,58.7,36.7,36.2,41.4,40.9,66.4,-23.2,Canisius,,,2025,post,0,,0.0
355,BW,32.0,91.9,112.4,0.0901,44.2,54.3,21.3,16.1,25.9,29.8,39.2,34.1,46.1,55.9,27.0,34.9,34.1,45.8,68.4,-19.5,Cal St. Fullerton,,,2025,post,0,,0.0
356,AE,32.0,94.1,115.2,0.0886,47.1,54.4,19.0,16.9,27.4,31.6,26.4,33.0,46.8,56.4,31.7,34.1,40.8,39.7,67.9,-20.3,New Hampshire,,,2025,post,0,,0.0
357,SWAC,32.0,96.3,118.0,0.0885,48.2,56.2,16.7,20.0,24.5,39.1,33.8,40.5,48.6,57.6,31.5,35.7,33.7,32.7,70.5,-21.2,Prairie View A&M,,,2025,post,0,,0.0
358,SWAC,32.0,92.9,114.9,0.0797,45.1,54.3,21.9,21.0,33.9,34.6,38.6,46.7,44.3,51.8,30.8,39.0,41.6,37.5,71.0,-18.7,Alabama A&M,,,2025,post,0,,0.0
359,MEAC,31.0,95.3,119.0,0.0727,45.7,55.3,19.7,15.5,27.1,34.1,35.6,40.6,44.7,58.6,31.5,33.3,37.2,37.7,66.4,-19.3,Maryland Eastern Shore,,,2025,post,0,,0.0
360,SC,30.0,94.0,117.6,0.0708,46.9,54.5,19.5,15.2,27.2,32.0,32.8,32.8,49.5,56.3,29.2,34.7,45.2,42.7,64.8,-21.4,The Citadel,,,2025,post,0,,0.0
361,NEC,32.0,92.7,116.4,0.0683,44.4,54.9,18.5,18.2,22.6,33.6,26.8,36.9,43.4,55.7,30.6,35.8,40.9,39.4,68.8,-21.7,Chicago St.,,,2025,post,0,,0.0
362,SWAC,31.0,95.3,121.8,0.0564,50.3,56.3,20.4,16.8,26.3,34.6,32.8,40.5,52.6,58.5,31.0,35.7,37.9,44.9,71.8,-20.0,Arkansas Pine Bluff,,,2025,post,0,,0.0
363,MEAC,30.0,88.0,112.6,0.0558,44.0,55.6,21.6,20.5,26.5,33.9,36.4,37.1,44.2,56.3,29.0,36.3,32.1,38.8,68.2,-19.0,Coppin St.,,,2025,post,0,,0.0
364,SWAC,31.0,83.1,125.3,0.0088,42.1,57.9,24.3,15.0,22.7,38.0,30.3,38.4,41.6,58.8,28.8,37.7,30.6,38.4,65.1,-21.0,Mississippi Valley St.,,,2025,post,0,,0.0
