rk,conf,g,adjoe,adjde,barthag,efg_,efgd_,tor,tord,orb,drb,ftr,ftrd,2p_,2p_d,3p_,3p_d,3pr,3prd,adj_t_,wab,team,seed,tourney_res,year,win_pct,snapshot,champ_prob
1,B12,34.0,124.3,87.6,0.9824,52.7,44.9,14.6,21.7,36.1,29.3,28.2,34.1,49.0,43.9,39.8,30.9,34.5,43.1,62.1,11.5,Houston,1.0,Finals,2025,,pre,0.2143939393939394
2,ACC,34.0,127.3,90.9,0.9795,57.4,44.5,14.4,17.7,35.2,26.5,32.1,25.4,58.0,43.4,37.7,30.9,45.4,37.9,66.5,9.5,Duke,1.0,Final Four,2025,,pre,0.05343861507020786
3,SEC,33.0,129.6,93.2,0.978,55.7,46.0,13.4,17.4,34.3,30.3,33.5,39.2,56.1,47.2,36.8,29.2,40.6,34.8,68.6,12.7,Auburn,1.0,Final Four,2025,,pre,0.11934876736261685
4,SEC,34.0,126.9,94.1,0.9689,55.0,45.3,15.0,17.0,38.1,28.8,32.6,33.0,56.4,45.9,35.5,29.6,43.6,37.3,70.3,11.2,Florida,1.0,CHAMPS,2025,,pre,0.16486364625706193
5,SEC,33.0,127.3,96.2,0.9615,56.3,47.9,16.7,13.5,34.7,29.2,40.1,33.9,59.7,48.8,35.0,30.8,46.2,35.1,75.4,10.1,Alabama,2.0,Elite Eight,2025,,pre,0.006060606060606061
6,SEC,34.0,118.8,90.4,0.9585,52.8,44.4,16.0,17.8,35.4,30.1,35.4,29.4,54.1,46.7,34.0,27.8,43.0,45.1,64.6,9.4,Tennessee,2.0,Elite Eight,2025,,pre,0.0
7,B12,33.0,125.6,96.9,0.9518,55.5,48.0,14.8,17.4,34.3,28.5,29.7,33.5,54.3,48.2,37.9,31.7,44.6,34.1,66.3,5.8,Texas Tech,3.0,Elite Eight,2025,,pre,0.0
8,B12,33.0,119.3,92.6,0.9484,54.6,48.4,16.9,21.8,32.2,28.4,38.5,28.9,55.1,47.5,35.8,33.2,36.9,40.7,69.3,5.4,Iowa St.,3.0,R32,2025,,pre,0.0
9,B10,33.0,118.4,92.1,0.9476,53.8,47.0,14.5,20.2,31.0,27.2,32.9,25.9,52.7,47.6,37.2,30.7,35.5,35.8,70.6,5.2,Maryland,4.0,Sweet Sixteen,2025,,pre,0.0
10,B12,34.0,123.1,96.3,0.9443,52.9,48.6,16.2,16.6,35.9,28.5,36.6,29.2,55.1,47.2,32.4,33.6,34.6,41.9,70.6,5.4,Arizona,4.0,Sweet Sixteen,2025,,pre,0.0
11,WCC,33.0,123.4,96.8,0.9421,55.7,47.5,13.2,18.2,32.7,26.4,30.9,28.6,57.8,49.1,34.4,30.2,33.5,40.6,70.9,2.8,Gonzaga,8.0,R32,2025,,pre,0.0
12,B10,33.0,117.2,92.2,0.9406,51.2,46.1,16.6,16.4,35.3,24.6,37.8,33.1,53.6,49.1,30.8,27.9,32.7,41.4,68.6,8.5,Michigan St.,2.0,Elite Eight,2025,,pre,0.0
13,B10,35.0,122.7,96.7,0.9394,53.6,47.9,14.1,14.5,28.0,26.6,33.8,28.1,54.7,46.8,34.9,33.0,48.1,39.1,68.3,6.6,Wisconsin,3.0,R32,2025,,pre,0.0
14,B10,33.0,122.1,96.8,0.9352,52.3,47.3,15.8,12.7,36.0,26.3,34.6,26.8,57.3,46.1,31.1,33.3,46.9,30.4,72.1,4.0,Illinois,6.0,R32,2025,,pre,0.0
15,B10,33.0,124.9,99.3,0.9334,56.3,52.0,15.6,17.8,31.0,29.9,34.6,31.0,55.5,56.4,38.5,30.7,38.1,42.7,65.8,4.9,Purdue,4.0,Sweet Sixteen,2025,,pre,0.0
16,SEC,33.0,124.0,98.7,0.9323,56.0,50.4,15.2,14.0,28.7,25.9,35.9,31.0,55.9,53.7,37.4,30.8,41.7,43.5,71.6,5.7,Kentucky,3.0,Sweet Sixteen,2025,,pre,0.0
17,BE,34.0,112.6,89.7,0.9321,49.7,46.6,15.6,21.9,37.3,28.9,30.2,30.4,51.5,45.8,30.4,31.8,30.3,40.8,70.9,7.9,St. John's,2.0,R32,2025,,pre,0.0
18,B12,33.0,115.9,92.5,0.9307,53.1,46.2,16.7,15.6,30.4,27.5,24.3,28.0,53.4,46.1,35.2,30.9,34.3,40.7,69.0,4.2,Kansas,7.0,R64,2025,,pre,0.0
19,B12,33.0,124.1,99.0,0.9306,57.2,50.6,17.6,17.2,33.3,26.1,30.2,29.5,58.6,49.3,37.1,34.8,48.3,44.4,67.9,4.8,BYU,6.0,Sweet Sixteen,2025,,pre,0.0
20,SEC,33.0,125.9,100.8,0.9277,56.2,50.7,15.2,20.0,33.7,32.2,46.8,35.3,56.7,51.1,37.0,33.4,41.5,38.2,68.9,3.3,Missouri,6.0,R64,2025,,pre,0.0
21,SEC,32.0,115.8,92.9,0.9262,47.5,48.2,18.2,19.7,42.0,27.8,41.7,35.3,48.0,46.5,31.1,33.4,37.6,47.0,66.9,5.5,Texas A&M,4.0,R32,2025,,pre,0.0
22,B10,32.0,117.2,94.5,0.9223,53.0,50.5,15.9,22.8,32.8,29.2,32.9,34.6,53.1,51.2,35.2,33.2,36.0,44.8,65.8,3.9,UCLA,7.0,R32,2025,,pre,0.0
23,B10,34.0,116.5,94.2,0.9202,54.5,46.3,19.8,16.0,33.2,29.8,35.0,28.5,57.7,45.9,33.4,31.3,42.5,38.9,70.3,6.8,Michigan,5.0,Sweet Sixteen,2025,,pre,0.0
24,ACC,34.0,117.9,95.3,0.9201,53.4,49.2,16.5,18.6,32.2,27.2,34.5,26.8,57.0,48.3,33.0,33.7,48.1,39.7,69.6,5.5,Louisville,8.0,R64,2025,,pre,0.0
25,WCC,32.0,115.1,93.4,0.9172,50.9,46.2,15.1,16.6,40.5,24.9,31.4,25.0,51.8,45.8,32.6,31.2,33.4,31.3,62.5,4.4,Saint Mary's,7.0,R32,2025,,pre,0.0
26,ACC,33.0,117.7,95.7,0.9155,53.6,48.9,15.7,20.1,33.7,29.9,28.2,27.6,52.3,49.3,37.2,32.2,38.4,38.3,65.0,4.7,Clemson,5.0,R64,2025,,pre,0.0
27,BE,33.0,116.7,96.0,0.9044,52.0,49.9,13.5,21.5,30.1,31.0,26.1,30.2,54.9,51.3,32.5,31.8,46.3,39.8,68.5,3.7,Marquette,7.0,R64,2025,,pre,0.0
28,B12,32.0,120.6,99.3,0.9035,51.5,51.2,16.1,18.8,35.6,31.2,31.0,33.5,51.2,49.8,34.7,35.4,40.2,40.8,65.4,2.1,Baylor,9.0,R32,2025,,pre,0.0
29,SEC,33.0,117.1,96.5,0.9026,51.1,50.5,12.8,20.5,25.4,30.8,35.6,39.5,51.0,51.6,34.1,32.7,40.2,44.0,68.8,5.0,Mississippi,6.0,Sweet Sixteen,2025,,pre,0.0
30,SEC,33.0,118.5,98.6,0.8925,51.7,51.9,15.1,19.0,34.1,29.5,31.6,35.4,55.2,50.1,31.4,36.1,42.3,44.2,68.7,3.1,Mississippi St.,8.0,R64,2025,,pre,0.0
31,SEC,32.0,115.3,96.0,0.8925,52.5,47.2,18.8,18.0,36.1,31.8,39.8,30.4,53.8,47.8,33.5,30.9,36.8,40.6,67.2,2.1,Georgia,9.0,R64,2025,,pre,0.0
32,B12,32.0,110.3,92.2,0.8872,50.0,46.3,16.2,19.4,25.9,30.8,25.6,32.2,50.9,47.3,32.6,29.7,46.1,36.5,64.9,1.5,West Virginia,,,2025,,pre,0.0
33,A10,33.0,114.9,96.1,0.8868,52.4,44.4,16.8,20.6,36.7,30.0,32.2,36.1,54.2,43.6,33.5,30.6,47.4,35.3,66.9,1.0,VCU,11.0,R64,2025,,pre,0.0
34,B10,33.0,115.6,96.9,0.8838,52.2,49.1,16.2,17.6,30.6,29.2,33.4,27.7,53.0,50.0,34.0,31.7,38.6,37.4,68.5,5.8,Oregon,5.0,R32,2025,,pre,0.0
35,BE,33.0,121.8,102.2,0.883,55.5,48.3,17.1,15.5,35.6,27.4,30.6,40.0,57.3,46.0,35.4,35.1,42.6,34.2,64.6,2.3,Connecticut,8.0,R32,2025,,pre,0.0
36,BE,34.0,116.7,98.2,0.8789,55.8,47.0,18.1,11.7,26.9,27.2,28.5,16.9,60.5,45.8,33.9,32.7,49.0,35.2,67.9,3.1,Creighton,9.0,R32,2025,,pre,0.0
37,B10,32.0,116.8,98.9,0.8716,53.5,48.6,15.6,16.8,28.9,30.5,35.8,39.9,52.6,50.3,36.8,30.5,37.7,37.6,67.8,-0.36,Ohio St.,,,2025,,pre,0.0
38,ACC,35.0,118.1,100.0,0.8714,54.2,49.6,15.1,15.2,29.2,27.1,34.8,30.0,54.9,49.2,35.3,33.5,37.0,37.9,71.3,1.3,North Carolina,11.0,R64,2025,,pre,0.0
39,BE,32.0,115.6,98.3,0.8655,53.9,50.6,16.0,17.6,25.2,25.2,37.2,28.1,51.3,50.5,38.8,33.9,37.4,37.2,69.8,0.46,Xavier,11.0,R64,2025,,pre,0.0
40,MWC,32.0,112.0,95.6,0.8616,50.8,49.2,15.6,20.5,31.5,25.6,37.8,35.0,50.6,48.2,34.1,33.8,32.2,38.3,73.8,2.7,New Mexico,10.0,R32,2025,,pre,0.0
41,B12,33.0,111.0,94.8,0.86,50.9,48.6,15.5,19.7,32.3,30.1,23.4,24.3,52.6,48.0,32.0,33.2,38.1,34.2,66.0,-1.0,Cincinnati,,,2025,,pre,0.0
42,SEC,32.0,118.2,101.0,0.8597,51.7,52.9,14.7,20.0,32.2,29.7,34.0,39.0,53.6,51.5,32.5,36.9,40.2,37.5,70.3,1.6,Vanderbilt,10.0,R64,2025,,pre,0.0
43,SEC,34.0,116.7,99.8,0.859,52.5,48.4,14.3,16.6,29.8,29.7,36.6,39.3,51.8,47.5,36.0,33.3,35.4,36.2,68.1,0.25,Texas,11.0,R68,2025,,pre,0.0
44,SEC,33.0,117.8,101.1,0.853,54.9,51.1,17.3,18.1,26.5,31.7,39.6,35.8,54.6,54.9,37.0,30.5,41.9,41.9,69.2,2.2,Oklahoma,9.0,R64,2025,,pre,0.0
45,SEC,33.0,111.4,95.7,0.8528,52.7,48.3,16.5,17.5,27.6,28.3,35.5,29.4,54.4,48.5,33.3,31.9,36.7,39.5,70.0,1.4,Arkansas,10.0,Sweet Sixteen,2025,,pre,0.0
46,MWC,34.0,114.9,98.9,0.8486,55.8,48.5,17.4,16.7,26.4,25.3,31.8,33.6,56.5,47.7,36.6,33.1,42.8,37.9,66.8,0.7,Colorado St.,12.0,R32,2025,,pre,0.0
47,MWC,32.0,121.4,104.6,0.8468,56.0,51.8,16.0,20.2,34.6,30.3,37.6,36.2,57.7,52.6,35.8,33.8,42.3,44.4,68.4,2.2,Utah St.,10.0,R64,2025,,pre,0.0
48,MWC,33.0,115.5,99.6,0.8457,52.1,49.6,16.9,16.1,33.2,22.6,39.2,31.1,56.3,48.6,31.0,34.2,43.3,36.2,66.1,-0.03,Boise St.,,,2025,,pre,0.0
49,ACC,33.0,116.6,100.9,0.8418,54.7,47.8,17.4,17.9,36.7,30.5,36.7,32.5,53.7,46.8,37.6,32.9,35.1,41.0,69.6,-0.5,SMU,,,2025,,pre,0.0
50,MWC,29.0,108.8,94.1,0.8416,50.6,45.3,16.8,19.7,29.4,30.9,32.1,37.2,51.6,45.0,32.8,30.4,39.4,47.3,66.6,1.0,San Diego St.,11.0,R68,2025,,pre,0.0
51,B10,32.0,112.8,97.7,0.8397,51.1,49.8,16.7,16.4,31.5,28.1,33.1,29.6,52.6,50.3,32.1,32.7,33.2,38.9,68.7,0.9,Indiana,,,2025,,pre,0.0
52,B10,33.0,112.9,97.9,0.8388,49.8,49.9,14.9,19.8,31.2,30.1,31.3,36.6,49.7,49.4,33.3,33.8,34.2,39.3,65.7,-2.2,Northwestern,,,2025,,pre,0.0
53,BE,33.0,119.3,103.5,0.8361,54.9,51.1,15.6,16.0,30.2,27.4,28.9,30.1,51.1,50.3,39.8,34.7,43.6,45.9,63.9,-2.8,Villanova,,,2025,,pre,0.0
54,WCC,32.0,115.5,100.4,0.8337,55.5,49.5,17.0,16.9,32.8,26.9,28.9,31.9,54.6,51.7,37.7,30.7,46.8,39.7,69.7,-3.3,Santa Clara,,,2025,,pre,0.0
55,BW,32.0,112.3,97.8,0.8309,55.4,47.7,13.4,23.3,25.6,28.4,33.8,29.8,56.1,46.2,36.5,33.1,49.6,44.3,66.5,0.9,UC San Diego,12.0,R64,2025,,pre,0.0
56,MVC,31.0,112.8,98.3,0.8285,53.8,51.7,18.6,22.1,36.0,25.8,43.0,35.8,54.6,54.3,35.0,31.8,36.8,39.1,59.4,2.7,Drake,11.0,R32,2025,,pre,0.0
57,CUSA,31.0,112.5,98.3,0.825,58.4,45.9,15.3,16.9,18.9,28.0,30.9,26.3,57.7,48.0,39.5,28.0,47.7,34.4,66.1,-0.21,Liberty,12.0,R64,2025,,pre,0.0
58,B10,33.0,116.4,102.0,0.8208,54.6,52.4,17.8,17.8,28.2,30.9,36.4,34.9,54.3,54.3,36.7,32.9,34.7,38.5,69.0,-3.2,USC,,,2025,,pre,0.0
59,B10,31.0,112.1,98.2,0.8201,51.5,50.9,16.2,17.6,26.8,28.8,36.0,27.0,53.3,50.6,32.5,34.1,38.5,46.2,68.3,-0.9,Nebraska,,,2025,,pre,0.0
60,Amer,34.0,112.4,98.7,0.8166,53.6,48.5,19.2,19.1,35.1,32.3,39.4,33.6,52.0,48.6,38.0,32.2,33.1,40.7,71.4,5.0,Memphis,5.0,R64,2025,,pre,0.0
61,B10,31.0,114.2,100.6,0.812,54.1,51.9,17.4,19.8,28.6,29.1,37.9,29.4,55.6,51.3,34.3,35.3,36.2,38.3,70.9,-3.2,Penn St.,,,2025,,pre,0.0
62,Slnd,31.0,113.5,99.9,0.8118,53.3,47.5,16.2,21.6,34.7,31.3,35.7,31.4,53.2,46.9,35.6,32.2,36.7,46.6,66.0,-0.6,McNeese St.,12.0,R32,2025,,pre,0.0
63,B12,33.0,109.9,97.1,0.8046,50.6,49.0,17.7,18.1,29.4,31.7,27.6,28.6,51.8,49.9,32.5,31.5,40.2,35.7,67.7,-2.5,Kansas St.,,,2025,,pre,0.0
64,WCC,32.0,111.0,98.2,0.8041,53.0,48.7,17.0,18.2,29.0,28.1,35.0,35.9,54.7,52.1,34.0,28.3,43.6,35.1,68.5,0.11,San Francisco,,,2025,,pre,0.0
65,B10,33.0,119.7,105.9,0.8039,56.8,54.4,13.7,17.9,25.1,32.2,26.0,28.3,56.6,56.2,38.0,34.4,41.0,38.8,70.5,-1.9,Iowa,,,2025,,pre,0.0
66,B12,32.0,112.5,100.0,0.7946,51.4,50.5,17.5,16.0,25.2,30.4,35.9,31.2,49.8,51.4,35.8,32.9,42.8,40.3,69.1,-3.1,Arizona St.,,,2025,,pre,0.0
67,ACC,32.0,114.7,102.3,0.7887,52.2,51.1,14.8,18.3,29.0,29.9,34.2,32.8,52.4,50.4,34.6,34.7,41.4,41.3,67.2,-3.9,Pittsburgh,,,2025,,pre,0.0
68,B12,32.0,112.1,100.2,0.7828,51.7,48.7,18.1,15.7,34.9,28.4,37.0,33.4,53.9,47.4,32.6,33.8,43.8,40.0,69.5,-2.9,Utah,,,2025,,pre,0.0
69,B10,32.0,115.7,103.7,0.7772,50.6,52.8,15.4,17.4,30.8,32.2,36.2,30.5,51.3,52.9,32.9,35.1,36.3,37.7,69.4,-3.0,Rutgers,,,2025,,pre,0.0
70,Amer,30.0,109.6,98.5,0.7737,51.6,46.8,17.0,19.5,33.1,27.7,36.6,39.5,50.5,47.6,35.7,30.3,37.3,37.7,61.1,-1.7,North Texas,,,2025,,pre,0.0
71,B12,32.0,106.2,95.6,0.7697,46.8,50.9,17.3,19.5,33.0,29.6,33.5,28.3,47.8,53.4,30.0,31.6,34.7,42.5,67.2,-1.7,TCU,,,2025,,pre,0.0
72,B12,33.0,114.8,103.4,0.7691,49.4,51.1,17.2,18.1,32.4,34.4,36.3,30.8,48.6,52.1,33.6,33.0,41.3,37.0,72.4,-2.0,UCF,,,2025,,pre,0.0
73,A10,33.0,105.3,95.1,0.764,51.5,45.0,20.0,18.9,32.1,29.1,41.7,31.5,50.7,44.6,35.3,30.3,35.8,45.5,65.4,-0.42,George Mason,,,2025,,pre,0.0
74,ACC,32.0,107.1,97.0,0.7581,49.4,47.2,16.7,19.7,26.8,31.5,36.1,31.5,52.9,48.2,28.5,30.7,35.2,45.8,67.9,0.6,Wake Forest,,,2025,,pre,0.0
75,SEC,32.0,109.6,99.4,0.755,48.9,51.5,18.4,15.6,30.4,27.3,43.3,30.4,49.8,51.1,31.6,34.8,39.0,34.6,66.1,-5.5,South Carolina,,,2025,,pre,0.0
76,ACC,33.0,112.6,102.3,0.7517,50.4,50.6,15.8,17.6,31.1,28.2,29.7,36.0,49.9,50.9,34.1,33.4,41.4,34.1,66.8,-2.8,Stanford,,,2025,,pre,0.0
77,A10,31.0,115.1,104.6,0.7501,52.6,50.4,15.5,17.7,29.6,28.8,37.9,30.7,52.1,51.9,35.6,32.3,40.4,42.4,66.5,-1.6,Dayton,,,2025,,pre,0.0
78,BE,33.0,115.4,104.9,0.7488,53.0,49.4,16.4,11.5,26.4,29.3,37.3,20.4,51.7,50.9,36.6,31.3,40.9,36.8,68.1,-6.0,Butler,,,2025,,pre,0.0
79,Ivy,28.0,114.1,103.8,0.7474,54.8,48.8,14.4,16.1,33.2,25.8,32.0,28.7,53.4,47.3,38.5,33.7,32.0,48.0,68.0,-2.6,Yale,13.0,R64,2025,,pre,0.0
80,BW,33.0,105.5,96.4,0.7382,51.6,46.2,18.3,17.9,28.5,25.9,36.3,21.9,51.0,43.3,35.2,34.0,35.1,37.8,69.4,0.09,UC Irvine,,,2025,,pre,0.0
81,SEC,32.0,108.6,99.4,0.7348,51.1,48.3,18.6,16.5,29.5,34.3,32.5,29.5,55.2,48.2,30.5,32.3,43.5,35.8,68.8,-3.8,LSU,,,2025,,pre,0.0
82,B12,34.0,108.3,99.2,0.7333,50.6,49.5,21.0,16.4,28.9,28.3,36.3,34.8,51.9,48.5,32.2,34.1,37.3,39.1,68.3,-4.4,Colorado,,,2025,,pre,0.0
83,A10,34.0,110.0,101.0,0.7284,52.1,47.1,16.6,16.1,30.4,27.4,32.3,25.9,53.1,45.5,34.0,33.5,46.5,33.3,68.7,-4.8,Saint Joseph's,,,2025,,pre,0.0
84,B10,32.0,109.8,101.3,0.7159,49.9,50.1,16.6,16.3,30.2,30.6,31.5,33.0,50.7,49.2,32.2,34.5,35.9,34.3,63.4,-3.9,Minnesota,,,2025,,pre,0.0
85,WCC,31.0,115.5,106.6,0.7155,54.6,51.1,16.6,16.6,31.8,27.6,38.9,32.3,54.5,50.4,36.5,34.7,35.9,41.2,64.5,-4.2,Oregon St.,,,2025,,pre,0.0
86,WAC,32.0,107.9,99.7,0.7137,51.2,47.0,18.4,20.6,32.5,28.6,43.9,32.2,53.2,46.4,31.6,32.1,33.6,34.4,72.2,-2.6,Grand Canyon,13.0,R64,2025,,pre,0.0
87,MWC,33.0,112.2,103.7,0.7114,53.7,51.3,15.5,18.7,27.4,26.5,37.3,37.9,55.3,49.5,34.1,35.7,37.5,44.7,64.6,-6.5,Nevada,,,2025,,pre,0.0
88,A10,32.0,107.0,98.9,0.7109,50.2,49.7,16.0,18.7,28.0,26.9,30.9,24.4,51.9,50.8,31.4,32.3,34.9,47.6,65.0,-4.2,St. Bonaventure,,,2025,,pre,0.0
89,BSth,32.0,117.5,108.7,0.7099,56.4,49.1,15.3,16.5,34.0,29.9,37.6,36.3,57.4,48.9,36.6,32.9,39.0,36.0,67.2,-1.7,High Point,13.0,R64,2025,,pre,0.0
90,ACC,32.0,108.2,100.2,0.7082,50.7,48.5,17.4,19.1,29.7,31.8,39.4,37.5,52.3,48.9,31.7,32.0,33.7,42.1,70.4,-5.3,Florida St.,,,2025,,pre,0.0
91,MVC,33.0,111.7,103.5,0.7049,56.8,47.9,17.3,15.6,26.3,28.1,32.4,35.5,54.5,47.4,40.0,32.4,41.9,43.1,66.4,-1.6,Bradley,,,2025,,pre,0.0
92,BE,32.0,106.8,99.3,0.6969,50.4,49.4,17.1,19.6,31.6,28.9,25.8,29.3,52.1,48.5,31.8,33.8,37.4,39.6,68.9,-4.6,Georgetown,,,2025,,pre,0.0
93,B12,32.0,107.5,100.2,0.6936,48.3,53.5,19.1,20.6,31.0,29.4,41.6,36.2,48.0,54.6,32.5,34.8,35.1,43.7,72.0,-3.4,Oklahoma St.,,,2025,,pre,0.0
94,SB,33.0,109.3,101.9,0.6921,49.3,45.7,15.0,17.1,33.9,30.6,34.2,37.6,50.5,46.0,31.8,30.1,44.6,35.0,70.3,-4.4,Arkansas St.,,,2025,,pre,0.0
95,MWC,33.0,107.4,100.3,0.6887,49.7,49.3,16.2,17.8,27.3,29.8,35.8,32.0,49.6,50.5,33.3,31.9,34.6,43.4,66.5,-5.1,UNLV,,,2025,,pre,0.0
96,WCC,33.0,112.8,105.4,0.6851,56.7,51.3,20.4,17.3,31.3,33.4,32.4,32.6,58.0,52.0,36.5,33.5,41.5,38.8,71.4,-4.7,Washington St.,,,2025,,pre,0.0
97,ACC,33.0,111.1,104.0,0.6827,51.7,51.4,16.5,14.9,29.6,26.0,31.8,30.0,50.8,53.6,35.5,32.1,37.5,40.5,65.4,-7.1,Notre Dame,,,2025,,pre,0.0
98,ASun,32.0,110.0,103.1,0.6779,55.9,48.6,14.4,15.9,24.0,26.5,31.4,22.3,56.7,49.9,36.7,31.0,47.4,37.2,66.9,-4.1,Lipscomb,14.0,R64,2025,,pre,0.0
99,MAC,32.0,113.4,106.4,0.6756,55.4,49.5,16.6,17.2,33.3,29.0,26.8,33.7,55.8,50.6,36.6,31.9,45.4,38.0,71.9,-1.6,Akron,13.0,R64,2025,,pre,0.0
100,ACC,33.0,106.9,100.4,0.6728,50.4,48.8,17.4,15.6,30.5,28.6,31.2,28.5,49.9,46.7,34.1,34.6,36.2,40.5,69.4,-5.2,Georgia Tech,,,2025,,pre,0.0
101,SB,31.0,106.6,100.5,0.6633,50.1,47.2,19.9,19.8,38.6,32.0,37.8,29.3,53.9,46.2,30.3,32.6,44.8,38.1,66.9,-4.2,Troy,14.0,R64,2025,,pre,0.0
102,ACC,32.0,110.1,103.8,0.6627,52.7,50.8,16.4,15.7,22.4,29.7,26.4,28.8,49.9,50.6,37.5,34.1,42.8,38.7,61.7,-5.7,Virginia,,,2025,,pre,0.0
103,Amer,33.0,116.6,110.1,0.6588,50.7,51.6,13.9,15.5,38.8,30.7,31.6,29.2,50.5,50.6,34.1,35.7,29.4,34.2,69.8,-6.1,UAB,,,2025,,pre,0.0
104,BE,32.0,110.6,104.6,0.6569,52.1,49.5,19.0,13.8,33.2,28.7,29.6,32.8,51.1,49.0,35.6,33.5,45.5,37.0,66.9,-8.4,Providence,,,2025,,pre,0.0
105,MVC,31.0,109.6,104.1,0.6433,55.5,51.5,15.9,17.4,25.6,25.2,35.2,28.3,55.3,49.9,37.2,36.0,35.9,40.9,65.7,-6.2,Northern Iowa,,,2025,,pre,0.0
106,B10,30.0,108.9,103.5,0.6423,50.6,53.0,17.5,16.7,27.5,28.5,34.5,36.2,50.1,53.3,34.4,35.1,35.7,35.4,68.4,-4.9,Washington,,,2025,,pre,0.0
107,Sum,31.0,114.3,108.7,0.6403,57.8,52.5,13.7,18.5,21.5,31.2,34.0,35.9,58.1,52.1,38.3,35.4,46.8,41.3,68.6,-5.2,St. Thomas,,,2025,,pre,0.0
108,Sum,29.0,116.3,110.7,0.64,58.2,51.4,15.6,11.1,26.2,29.0,32.6,27.1,56.5,51.3,39.8,34.3,53.6,39.1,65.8,-6.4,North Dakota St.,,,2025,,pre,0.0
109,BE,33.0,109.4,104.1,0.6397,52.7,51.4,17.9,15.5,27.2,28.7,27.4,28.9,53.3,51.3,34.6,34.4,46.4,35.5,67.8,-7.4,DePaul,,,2025,,pre,0.0
110,ACC,31.0,107.9,102.7,0.6386,48.3,51.0,14.4,18.6,28.8,32.5,32.3,32.2,48.3,50.8,32.2,34.3,36.2,32.6,65.9,-9.0,N.C. State,,,2025,,pre,0.0
111,A10,32.0,107.2,102.1,0.6361,52.6,49.0,17.6,17.9,29.9,27.5,31.7,33.2,53.0,48.3,34.7,33.3,42.0,40.4,67.6,-4.8,Loyola Chicago,,,2025,,pre,0.0
112,CUSA,29.0,104.9,100.1,0.6317,46.2,46.9,15.6,15.0,32.5,27.7,34.5,39.2,46.1,48.8,30.9,29.5,37.0,42.8,65.5,-8.4,New Mexico St.,,,2025,,pre,0.0
113,Amer,32.0,112.2,107.1,0.631,53.2,49.6,16.3,16.0,30.7,31.6,33.2,33.3,53.8,46.6,34.9,36.8,40.3,35.3,69.7,-7.7,Florida Atlantic,,,2025,,pre,0.0
114,CUSA,31.0,108.8,103.9,0.6281,50.8,48.5,16.6,16.1,30.7,29.0,32.3,31.0,52.9,49.2,31.7,31.6,39.5,35.5,69.0,-4.1,Middle Tennessee,,,2025,,pre,0.0
115,CAA,32.0,111.9,107.0,0.6258,52.2,50.9,16.0,17.4,35.4,28.1,37.8,30.3,53.8,50.4,33.0,34.4,36.2,42.6,65.9,-3.2,UNC Wilmington,14.0,R64,2025,,pre,0.0
116,A10,31.0,108.6,104.1,0.6191,56.3,48.6,18.6,14.4,23.6,28.0,29.8,24.3,59.8,47.8,35.3,33.2,50.3,39.4,67.9,-6.5,Saint Louis,,,2025,,pre,0.0
117,ACC,33.0,110.0,105.5,0.617,51.0,52.9,17.9,14.0,31.4,26.1,33.1,33.0,51.9,53.6,32.8,34.5,32.7,38.1,68.9,-7.9,Syracuse,,,2025,,pre,0.0
118,A10,32.0,107.2,103.1,0.6099,50.6,48.4,18.2,19.4,32.1,32.7,40.8,26.7,53.2,49.0,31.3,31.6,41.9,38.9,67.6,-6.6,George Washington,,,2025,,pre,0.0
119,WAC,31.0,106.1,102.1,0.6093,50.8,47.4,17.3,16.9,31.1,26.6,41.8,31.8,51.4,45.7,33.0,33.8,31.1,32.9,68.7,-3.2,Utah Valley,,,2025,,pre,0.0
120,Sum,29.0,110.1,106.0,0.6079,53.6,50.9,17.6,12.7,33.6,21.4,31.2,29.9,54.5,52.3,34.8,32.9,40.0,47.8,69.8,-6.2,South Dakota St.,,,2025,,pre,0.0
121,BSky,31.0,111.6,107.4,0.6075,57.3,52.1,15.7,15.5,25.2,22.2,33.4,35.4,58.9,51.8,36.5,35.2,38.1,34.1,69.4,-4.1,Northern Colorado,,,2025,,pre,0.0
122,ASun,32.0,111.1,107.0,0.606,51.7,50.5,12.5,16.8,33.5,29.0,30.8,27.6,51.5,51.7,34.8,32.6,34.8,43.3,67.2,-5.8,North Alabama,,,2025,,pre,0.0
123,MVC,32.0,112.8,108.7,0.6043,56.0,53.8,15.8,16.7,24.6,24.9,30.7,31.4,56.6,53.5,36.9,36.1,47.5,43.3,66.3,-7.8,Illinois St.,,,2025,,pre,0.0
124,ACC,33.0,110.2,106.4,0.601,47.8,53.0,16.6,16.3,34.7,28.8,38.9,32.8,48.2,51.3,31.5,37.6,37.8,32.8,68.2,-8.2,California,,,2025,,pre,0.0
125,MAC,31.0,104.6,101.0,0.5996,48.7,48.4,17.3,18.9,35.7,28.3,30.0,39.2,50.4,49.4,30.5,31.3,37.7,41.7,66.5,-5.8,Kent St.,,,2025,,pre,0.0
126,Ivy,27.0,114.5,110.8,0.5927,58.7,52.2,16.8,15.3,25.5,28.9,28.6,31.3,61.1,52.3,37.4,34.7,48.6,39.1,71.4,-7.2,Cornell,,,2025,,pre,0.0
127,SC,30.0,111.2,107.8,0.5891,54.6,53.2,18.3,21.8,34.6,33.5,29.3,41.8,54.0,53.8,36.9,35.0,46.7,43.8,71.6,-4.8,Samford,,,2025,,pre,0.0
128,SB,30.0,106.2,103.1,0.5864,50.8,48.5,14.6,20.6,28.3,32.2,33.6,24.4,53.6,46.9,31.7,33.1,45.6,59.3,63.8,-6.3,South Alabama,,,2025,,pre,0.0
129,MVC,32.0,112.1,108.8,0.5852,54.8,53.7,15.9,17.6,27.2,29.4,26.1,27.0,52.9,54.6,38.1,35.1,44.6,43.4,71.3,-5.1,Belmont,,,2025,,pre,0.0
130,CUSA,30.0,106.6,103.8,0.5756,49.3,48.3,19.7,15.1,32.5,27.4,38.8,42.6,52.2,48.1,30.6,32.5,45.5,38.4,70.8,-7.2,Kennesaw St.,,,2025,,pre,0.0
131,A10,31.0,105.8,103.1,0.575,50.0,50.2,18.3,20.0,32.9,30.7,30.0,39.5,49.2,48.1,34.0,35.9,43.2,35.9,65.8,-13.0,Duquesne,,,2025,,pre,0.0
132,A10,32.0,109.9,107.2,0.5702,52.4,52.3,14.6,15.4,24.4,26.9,29.2,28.1,53.3,51.9,34.1,35.3,42.1,39.9,66.4,-9.2,Davidson,,,2025,,pre,0.0
133,CUSA,30.0,106.2,103.7,0.5683,49.3,52.4,16.6,22.0,25.4,32.4,37.0,40.0,47.7,54.0,34.6,33.4,36.2,41.2,69.2,-8.5,UTEP,,,2025,,pre,0.0
134,CUSA,29.0,107.9,105.4,0.5676,52.5,47.8,18.9,14.7,29.3,28.7,35.0,32.0,53.5,48.8,34.1,30.8,41.4,38.9,65.1,-6.4,Louisiana Tech,,,2025,,pre,0.0
135,BW,30.0,106.8,104.4,0.5653,51.8,49.9,18.9,20.5,35.4,24.1,35.8,45.1,51.5,46.4,35.0,35.6,30.8,50.8,72.9,-5.0,Cal St. Northridge,,,2025,,pre,0.0
136,CUSA,31.0,108.3,106.0,0.562,49.6,49.4,15.7,13.3,30.9,26.5,32.2,28.0,49.1,47.7,33.5,34.5,36.4,42.5,65.4,-5.5,Jacksonville St.,,,2025,,pre,0.0
137,Amer,32.0,106.3,104.1,0.5584,48.7,49.9,16.4,15.7,31.9,28.4,35.2,28.3,50.1,49.9,30.2,33.3,28.4,38.3,69.4,-7.3,Wichita St.,,,2025,,pre,0.0
138,SC,31.0,113.4,111.1,0.5578,56.5,51.2,15.4,16.2,25.8,29.9,31.5,33.8,57.5,50.0,36.8,35.4,45.3,41.0,67.3,-4.0,Chattanooga,,,2025,,pre,0.0
139,Amer,31.0,107.7,105.7,0.5555,52.1,48.4,15.9,17.4,27.2,32.4,35.1,32.8,52.9,48.3,33.9,32.3,39.4,43.1,67.4,-8.6,Tulane,,,2025,,pre,0.0
140,Sum,32.0,111.1,109.0,0.5547,53.5,53.1,15.7,14.9,29.2,25.4,36.4,37.7,52.5,53.5,36.7,35.1,38.6,44.5,68.5,-6.4,Nebraska Omaha,15.0,R64,2025,,pre,0.0
141,SC,31.0,108.9,107.0,0.5507,53.6,49.2,17.0,16.5,30.0,31.0,35.4,29.0,53.2,49.2,36.0,32.9,51.4,38.6,66.6,-4.3,Furman,,,2025,,pre,0.0
142,WAC,30.0,103.8,102.2,0.5444,46.5,51.2,17.0,20.9,29.9,27.0,42.3,36.7,46.3,53.3,31.3,31.9,36.3,38.6,66.7,-12.1,Seattle,,,2025,,pre,0.0
143,Slnd,30.0,106.8,105.2,0.5421,52.8,49.9,17.8,18.3,31.9,30.7,36.7,40.4,53.0,48.4,34.7,35.0,29.2,36.7,68.2,-8.2,Texas A&M Corpus Chris,,,2025,,pre,0.0
144,BSky,31.0,110.8,109.2,0.5419,56.4,52.2,16.2,15.5,22.6,29.0,36.2,31.9,57.3,53.1,36.5,33.7,36.8,35.0,67.8,-3.0,Montana,14.0,R64,2025,,pre,0.0
145,SC,32.0,111.1,109.6,0.5398,53.3,51.8,16.9,14.9,35.5,26.2,31.1,36.2,54.6,51.8,34.5,34.5,47.7,45.8,64.7,-9.6,Wofford,15.0,R64,2025,,pre,0.0
146,MAC,32.0,108.1,106.7,0.5372,55.4,51.3,17.4,19.1,27.5,29.0,28.1,33.3,53.9,51.9,38.2,33.6,44.0,39.9,69.6,-4.3,Miami OH,,,2025,,pre,0.0
147,ACC,32.0,106.6,105.3,0.5357,51.2,52.3,20.1,16.2,31.0,29.2,30.8,31.8,50.3,54.6,35.0,32.6,40.4,41.2,65.8,-9.3,Virginia Tech,,,2025,,pre,0.0
148,WCC,31.0,103.9,102.8,0.5313,50.2,48.5,15.2,15.7,22.8,30.9,29.0,28.9,50.6,49.0,33.1,31.8,40.4,36.6,67.8,-6.9,Loyola Marymount,,,2025,,pre,0.0
149,Horz,30.0,106.4,105.7,0.5199,51.4,51.5,19.4,18.3,39.8,26.6,38.0,32.4,53.1,52.2,31.9,33.6,31.5,38.6,69.4,-6.8,Milwaukee,,,2025,,pre,0.0
150,CUSA,30.0,103.1,102.5,0.5186,47.9,47.4,15.5,17.0,23.5,28.1,32.1,40.6,48.0,48.7,31.7,30.5,39.7,44.1,72.5,-8.2,Western Kentucky,,,2025,,pre,0.0
151,MVC,32.0,105.5,104.8,0.5181,49.3,51.2,16.9,17.3,29.1,26.4,41.2,35.5,48.6,52.6,33.6,32.1,40.1,32.1,65.4,-10.2,Murray St.,,,2025,,pre,0.0
152,SB,30.0,110.0,109.4,0.5161,50.7,50.9,15.8,15.6,32.0,30.5,30.4,33.4,50.0,49.6,34.3,35.5,45.2,35.1,65.7,-7.3,James Madison,,,2025,,pre,0.0
153,SB,29.0,101.1,100.6,0.5154,49.6,46.1,16.9,14.8,27.6,29.6,35.1,22.2,48.7,47.0,34.0,29.8,41.1,40.1,63.9,-9.3,Appalachian St.,,,2025,,pre,0.0
154,BW,32.0,108.1,107.6,0.5133,54.6,48.9,18.2,17.2,27.5,29.2,29.7,32.0,52.4,50.5,38.1,30.8,47.4,36.9,66.0,-8.1,UC Santa Barbara,,,2025,,pre,0.0
155,CAA,32.0,105.2,104.7,0.5131,52.4,50.1,16.2,16.4,26.5,28.3,34.6,26.5,51.8,51.4,35.5,32.1,40.0,39.7,71.0,-4.5,Charleston,,,2025,,pre,0.0
156,AE,32.0,106.0,105.5,0.5123,51.0,47.7,16.5,16.4,34.2,28.8,30.4,30.0,51.5,47.3,33.4,32.2,34.8,36.0,73.1,-7.0,Bryant,15.0,R64,2025,,pre,0.0
157,MWC,32.0,107.2,106.8,0.5119,50.6,51.9,17.4,16.6,26.9,32.2,31.5,28.6,49.1,53.9,35.1,32.0,41.2,35.2,67.0,-10.3,San Jose St.,,,2025,,pre,0.0
158,A10,30.0,107.2,106.8,0.5114,52.8,49.3,17.9,16.0,28.3,28.6,41.1,30.8,53.3,50.6,34.6,31.5,37.7,39.7,71.1,-7.9,Rhode Island,,,2025,,pre,0.0
159,Amer,31.0,110.0,109.5,0.5112,49.9,50.6,15.7,15.1,32.0,31.2,45.2,36.4,48.2,51.0,35.8,33.3,31.3,36.4,69.5,-9.5,Temple,,,2025,,pre,0.0
160,Horz,33.0,104.9,104.9,0.5027,51.3,50.3,18.5,18.8,35.3,28.3,38.4,30.0,50.7,49.8,34.9,34.2,36.8,35.6,68.7,-4.0,Robert Morris,15.0,R64,2025,,pre,0.0
161,Horz,30.0,109.0,108.9,0.5013,54.7,53.3,13.8,20.1,22.0,32.8,29.1,30.0,54.0,56.2,37.1,32.6,45.6,40.0,70.3,-8.2,Purdue Fort Wayne,,,2025,,pre,0.0
162,BW,31.0,108.8,108.8,0.5005,49.5,51.4,15.8,15.8,32.2,28.9,28.7,33.4,49.0,51.4,33.5,34.4,42.3,38.8,67.8,-4.8,UC Riverside,,,2025,,pre,0.0
163,WAC,32.0,105.7,105.7,0.5001,48.3,50.1,17.7,18.1,33.3,29.6,29.7,33.4,48.6,50.3,31.7,33.2,35.0,31.3,66.5,-9.7,Cal Baptist,,,2025,,pre,0.0
164,BSth,31.0,109.4,109.4,0.4993,51.1,51.0,17.7,16.5,33.8,30.0,41.3,37.0,49.9,49.3,35.6,35.8,36.3,40.1,63.7,-7.3,Radford,,,2025,,pre,0.0
165,CUSA,29.0,110.7,110.9,0.4934,51.0,53.1,18.3,17.2,30.3,32.2,36.3,33.2,46.9,52.3,38.3,36.2,38.6,41.2,68.5,-11.7,Sam Houston St.,,,2025,,pre,0.0
166,Slnd,30.0,105.7,106.0,0.4925,48.1,48.1,15.3,16.7,30.6,31.5,33.1,35.9,45.6,49.9,35.0,30.1,36.8,37.6,68.8,-7.2,Nicholls St.,,,2025,,pre,0.0
167,SC,29.0,105.4,106.0,0.4838,50.7,47.8,15.3,16.4,31.1,30.1,29.8,34.0,48.0,48.7,36.2,31.0,42.4,43.1,64.4,-7.6,UNC Greensboro,,,2025,,pre,0.0
168,Slnd,30.0,101.8,102.5,0.4807,47.2,47.6,19.0,17.7,35.5,31.8,29.0,34.8,44.3,47.9,35.6,31.4,32.8,39.1,66.0,-7.1,Lamar,,,2025,,pre,0.0
169,MVC,29.0,106.9,107.7,0.4801,51.1,51.6,17.5,15.8,30.0,27.9,35.1,31.6,51.1,51.6,34.0,34.4,39.4,35.3,69.8,-8.0,Illinois Chicago,,,2025,,pre,0.0
170,SC,30.0,105.1,105.9,0.48,50.3,50.3,16.1,18.9,35.7,29.8,33.2,34.3,48.9,49.5,34.7,34.2,41.7,41.1,65.8,-9.1,East Tennessee St.,,,2025,,pre,0.0
171,Horz,30.0,102.6,103.6,0.474,49.3,50.6,18.3,22.3,34.5,34.1,31.0,38.1,49.6,49.8,32.5,34.5,32.7,40.4,66.2,-7.5,Cleveland St.,,,2025,,pre,0.0
172,SB,31.0,105.2,106.2,0.4714,49.9,49.3,16.5,16.8,33.0,29.6,34.8,40.9,51.0,49.7,32.3,32.2,39.6,32.8,69.4,-8.6,Marshall,,,2025,,pre,0.0
173,ASun,31.0,106.9,107.9,0.4714,53.9,50.5,16.2,14.3,30.0,26.5,23.1,29.5,54.1,48.9,35.7,35.1,38.4,44.0,65.9,-9.3,Florida Gulf Coast,,,2025,,pre,0.0
174,MAC,31.0,106.7,107.8,0.471,53.4,52.3,14.9,17.8,23.9,29.0,33.5,36.4,53.9,50.4,35.0,37.6,40.1,32.6,71.0,-11.6,Ohio,,,2025,,pre,0.0
175,CAA,32.0,105.2,106.5,0.4634,47.9,50.8,14.5,17.3,35.3,28.0,28.4,30.7,46.7,50.7,33.4,34.1,37.2,38.8,64.3,-5.8,Towson,,,2025,,pre,0.0
176,MVC,31.0,105.9,107.4,0.459,51.6,52.6,18.3,15.2,30.3,28.0,34.2,33.7,51.0,51.5,35.1,36.1,33.6,39.8,68.6,-12.5,Southern Illinois,,,2025,,pre,0.0
177,ACC,31.0,113.2,114.8,0.4585,51.9,57.4,16.0,15.0,28.2,30.8,26.4,28.8,55.1,55.9,31.3,39.7,38.5,39.9,68.2,-13.6,Miami FL,,,2025,,pre,0.0
178,ACC,31.0,105.3,106.8,0.4584,48.9,51.9,17.3,15.5,28.8,30.0,31.5,37.1,47.5,51.3,34.5,35.2,33.0,35.9,67.4,-10.0,Boston College,,,2025,,pre,0.0
179,BSth,31.0,106.9,108.6,0.4543,53.3,51.4,17.7,18.7,31.2,31.5,47.7,37.1,55.0,50.6,33.8,35.2,38.3,37.9,73.4,-6.2,Winthrop,,,2025,,pre,0.0
180,Amer,31.0,105.7,107.4,0.4534,48.6,47.8,17.8,14.0,33.7,29.6,43.3,35.9,47.8,47.5,33.2,32.1,38.8,36.9,66.1,-13.0,Rice,,,2025,,pre,0.0
181,Horz,33.0,106.2,108.0,0.4511,50.1,51.4,18.0,16.2,34.1,32.6,31.7,27.8,53.2,49.7,30.6,35.9,42.3,41.0,64.3,-10.8,Oakland,,,2025,,pre,0.0
182,MWC,31.0,103.2,105.0,0.45,50.3,51.0,19.9,15.8,30.0,27.2,30.4,41.1,49.5,51.7,34.4,33.3,40.7,37.3,65.3,-10.9,Wyoming,,,2025,,pre,0.0
183,BSky,32.0,104.9,106.7,0.45,52.8,48.8,15.1,15.3,20.7,29.4,31.9,31.9,53.8,50.6,34.3,29.8,43.0,32.0,66.7,-12.0,Montana St.,,,2025,,pre,0.0
184,Amer,31.0,106.1,108.2,0.4459,48.4,51.7,15.6,17.4,33.8,31.2,35.2,31.6,49.3,48.5,31.2,38.4,35.2,35.3,67.2,-8.8,East Carolina,,,2025,,pre,0.0
185,ASun,30.0,109.0,111.1,0.4452,49.7,52.6,13.8,17.8,32.4,33.2,26.0,31.8,47.7,52.1,34.9,35.5,42.2,37.3,68.3,-8.8,Eastern Kentucky,,,2025,,pre,0.0
186,MEAC,31.0,106.7,108.8,0.4431,52.4,49.7,18.3,18.6,32.8,33.8,39.0,34.9,54.5,48.9,31.3,33.9,27.7,42.7,67.1,-5.3,Norfolk St.,16.0,R64,2025,,pre,0.0
187,CAA,32.0,103.3,105.5,0.4409,52.2,47.8,18.6,14.4,33.0,30.1,24.2,28.2,51.9,48.1,35.0,31.6,37.1,35.4,63.7,-11.6,Drexel,,,2025,,pre,0.0
188,Amer,29.0,107.1,109.5,0.4366,49.7,53.3,15.7,20.6,27.0,35.5,29.0,43.9,46.1,53.2,36.1,35.7,44.1,37.9,70.4,-12.6,UTSA,,,2025,,pre,0.0
189,CAA,32.0,104.0,106.3,0.4363,51.1,50.3,18.6,18.2,31.4,31.4,28.0,30.3,51.3,49.2,33.7,34.9,34.8,34.7,68.2,-11.0,Northeastern,,,2025,,pre,0.0
190,ASun,30.0,100.9,103.4,0.4303,50.1,50.7,19.3,18.7,35.3,30.5,28.2,34.5,47.3,50.0,37.0,34.6,33.9,38.2,68.1,-7.6,Jacksonville,,,2025,,pre,0.0
191,MAAC,33.0,98.9,101.3,0.4302,49.4,46.9,13.8,23.2,20.8,38.6,24.4,29.9,49.3,47.2,33.0,31.0,42.9,36.3,65.2,-9.8,Merrimack,,,2025,,pre,0.0
192,Amer,31.0,103.2,105.8,0.4297,49.7,49.7,16.2,18.3,27.7,33.2,34.9,36.7,51.1,49.6,31.6,33.3,37.6,37.5,69.0,-12.4,South Florida,,,2025,,pre,0.0
193,NEC,30.0,99.1,101.8,0.425,52.2,47.7,17.2,18.1,26.5,25.3,25.9,18.9,53.7,49.0,32.9,30.6,34.8,42.0,66.3,-4.6,Central Connecticut,,,2025,,pre,0.0
194,MEAC,30.0,101.9,104.6,0.4245,50.8,50.1,19.9,22.8,35.7,32.7,42.9,47.0,50.2,51.8,34.7,31.1,33.0,34.1,69.9,-9.2,South Carolina St.,,,2025,,pre,0.0
195,Ivy,28.0,104.2,107.0,0.4244,51.5,53.4,15.2,17.3,26.2,24.2,24.6,31.7,50.1,53.5,35.3,35.5,48.7,40.8,67.4,-6.2,Princeton,,,2025,,pre,0.0
196,BSky,29.0,101.1,103.8,0.4242,50.5,50.0,18.4,19.6,33.4,30.4,34.3,34.9,51.7,51.6,32.0,31.7,31.7,39.1,68.9,-9.3,Portland St.,,,2025,,pre,0.0
197,BW,34.0,108.3,111.2,0.4226,55.2,53.2,20.7,19.1,27.6,33.2,26.8,32.4,56.0,54.3,36.3,34.4,51.1,39.9,75.2,-11.8,Cal Poly,,,2025,,pre,0.0
198,Ivy,26.0,100.4,103.2,0.4224,50.3,49.1,16.2,13.8,22.8,24.9,30.3,23.2,49.8,52.1,33.9,29.6,46.5,38.5,71.5,-10.6,Dartmouth,,,2025,,pre,0.0
199,WCC,34.0,106.0,109.2,0.4173,49.6,52.5,16.1,15.3,27.7,30.0,31.6,27.2,48.9,53.3,34.0,34.2,34.7,38.9,69.8,-12.4,Pepperdine,,,2025,,pre,0.0
200,Horz,31.0,109.0,112.2,0.4171,56.3,53.2,17.8,14.2,28.0,27.9,27.0,34.5,55.3,52.2,38.6,36.7,37.8,36.0,68.1,-13.5,Wright St.,,,2025,,pre,0.0
201,Slnd,30.0,103.7,106.9,0.4153,49.2,51.4,17.4,18.8,30.9,29.4,34.7,36.5,49.5,51.9,32.4,33.7,31.6,42.2,67.6,-9.3,Southeastern Louisiana,,,2025,,pre,0.0
202,Ivy,26.0,102.8,106.0,0.4116,51.1,49.3,17.1,15.7,30.1,30.7,28.0,29.1,52.1,49.2,33.1,32.9,40.5,37.4,66.5,-8.6,Brown,,,2025,,pre,0.0
203,SB,30.0,108.4,111.9,0.4111,50.7,49.9,18.1,16.1,35.2,31.5,36.0,41.6,49.3,47.4,36.4,36.1,27.8,36.4,66.7,-11.4,Texas St.,,,2025,,pre,0.0
204,MVC,30.0,108.6,112.1,0.4103,54.6,54.3,19.5,15.8,26.2,27.0,35.9,38.8,56.6,54.5,35.0,35.9,50.1,38.0,73.0,-12.1,Indiana St.,,,2025,,pre,0.0
205,Horz,32.0,101.3,104.7,0.4055,49.8,48.8,17.6,18.0,29.3,31.2,36.4,35.8,52.1,48.1,31.3,33.5,46.2,32.8,69.9,-8.9,Youngstown St.,,,2025,,pre,0.0
206,ASun,31.0,105.3,108.9,0.404,52.3,51.7,18.0,16.0,31.1,28.7,33.7,32.1,52.6,51.4,34.6,34.8,44.2,37.8,69.2,-8.7,Queens,,,2025,,pre,0.0
207,MAAC,32.0,101.7,105.3,0.4016,48.4,49.5,17.9,17.1,33.5,26.0,31.1,28.3,50.7,46.7,29.8,36.1,38.0,37.1,72.2,-9.3,Quinnipiac,,,2025,,pre,0.0
208,OVC,30.0,101.2,104.9,0.3991,51.3,47.6,15.4,19.0,24.0,28.7,28.9,42.8,51.1,48.8,34.5,30.0,36.0,31.6,69.6,-8.6,Southeast Missouri St.,,,2025,,pre,0.0
209,CAA,30.0,106.5,110.4,0.3987,50.2,48.1,19.0,13.3,36.3,31.4,38.8,24.7,50.8,47.1,32.8,32.9,41.7,43.5,65.7,-10.9,Elon,,,2025,,pre,0.0
210,MVC,30.0,102.2,105.9,0.3985,50.9,54.7,20.7,19.1,32.0,28.4,34.3,38.5,49.1,55.0,36.0,36.1,37.0,39.4,64.5,-16.9,Missouri St.,,,2025,,pre,0.0
211,A10,32.0,103.3,107.2,0.3963,46.1,52.6,15.5,16.7,30.5,29.5,31.4,30.0,44.5,54.5,32.8,33.2,33.2,41.5,69.4,-11.8,La Salle,,,2025,,pre,0.0
212,MVC,32.0,105.9,109.8,0.3959,47.7,53.7,14.0,17.1,26.5,28.5,33.6,35.4,47.3,54.2,32.3,35.2,38.4,36.0,68.6,-12.5,Valparaiso,,,2025,,pre,0.0
213,BE,32.0,97.7,101.4,0.3957,44.7,54.6,19.1,22.2,31.2,31.8,32.9,39.6,43.9,54.5,31.2,36.6,30.5,44.4,65.1,-13.1,Seton Hall,,,2025,,pre,0.0
214,WAC,29.0,98.0,101.8,0.3935,46.7,51.4,20.7,24.0,30.0,31.5,37.2,51.3,47.8,52.6,28.9,32.6,25.3,32.5,69.9,-10.5,Abilene Christian,,,2025,,pre,0.0
215,BSky,27.0,105.2,109.4,0.3899,47.8,54.1,16.3,17.9,38.3,25.9,34.4,32.7,48.3,53.0,31.2,37.3,36.6,37.7,66.6,-10.5,Idaho St.,,,2025,,pre,0.0
216,SWAC,29.0,98.6,102.6,0.3882,47.2,49.2,18.5,21.1,34.4,28.5,38.1,42.3,47.4,48.2,31.2,33.8,33.3,39.4,69.1,-7.0,Southern,,,2025,,pre,0.0
217,MAC,27.0,104.2,108.5,0.3872,49.8,53.1,17.6,18.2,32.1,29.1,35.8,31.3,51.2,52.5,31.3,35.9,33.3,43.9,67.9,-11.4,Central Michigan,,,2025,,pre,0.0
218,CAA,30.0,107.3,111.7,0.3865,53.7,53.5,18.1,17.6,26.2,30.2,35.6,35.5,55.8,54.4,34.5,34.8,51.5,41.6,72.1,-10.6,William & Mary,,,2025,,pre,0.0
219,Slnd,27.0,105.3,109.6,0.3851,51.7,51.4,19.2,17.6,30.8,33.9,22.7,29.9,55.4,52.0,31.8,33.4,49.0,35.1,71.2,-9.9,UT Rio Grande Valley,,,2025,,pre,0.0
220,Slnd,30.0,102.4,106.9,0.3808,48.7,49.8,20.2,17.4,33.1,32.6,32.2,33.1,46.5,46.8,35.2,36.2,35.7,39.7,64.5,-9.4,Northwestern St.,,,2025,,pre,0.0
221,CAA,30.0,102.9,107.4,0.3788,47.5,52.6,16.0,18.8,34.0,28.7,30.3,43.6,46.9,53.3,32.4,34.2,36.7,35.7,66.2,-11.5,Hampton,,,2025,,pre,0.0
222,OVC,30.0,101.1,105.6,0.3784,48.9,47.5,17.1,17.3,31.8,29.1,33.1,33.2,47.8,46.3,34.0,33.0,36.3,38.6,66.6,-7.7,SIU Edwardsville,16.0,R64,2025,,pre,0.0
223,BSth,28.0,107.6,112.4,0.3781,52.0,53.4,14.8,18.0,29.7,34.1,34.4,40.1,52.4,53.8,34.2,35.2,35.0,38.9,68.6,-6.5,UNC Asheville,,,2025,,pre,0.0
224,CAA,31.0,97.6,102.0,0.3775,48.9,45.9,17.6,16.4,25.8,28.6,25.3,38.0,48.1,42.6,33.2,33.9,42.3,40.4,64.3,-13.4,Hofstra,,,2025,,pre,0.0
225,A10,31.0,101.6,106.2,0.3772,45.1,49.8,16.1,17.5,34.3,31.0,34.0,36.6,46.6,49.7,28.0,33.2,32.2,39.9,71.1,-13.5,Massachusetts,,,2025,,pre,0.0
226,BSth,29.0,105.1,109.8,0.3755,51.3,55.9,18.0,20.7,32.1,29.6,45.4,38.3,52.3,59.8,32.9,33.7,33.9,41.6,69.7,-9.7,Longwood,,,2025,,pre,0.0
227,CAA,34.0,109.1,114.3,0.3705,55.1,52.2,16.6,15.5,22.4,32.5,30.0,32.9,54.1,51.9,37.7,35.3,39.9,34.1,71.0,-15.0,Delaware,,,2025,,pre,0.0
228,A10,32.0,105.6,110.6,0.369,48.6,52.8,18.4,16.7,31.5,30.6,32.8,39.2,49.1,52.6,32.0,35.5,41.5,31.8,70.3,-14.1,Fordham,,,2025,,pre,0.0
229,BW,29.0,102.5,107.6,0.3622,50.6,49.5,20.7,13.1,31.0,24.9,39.9,33.7,53.1,48.0,31.0,35.0,37.4,32.4,66.6,-11.1,Hawaii,,,2025,,pre,0.0
230,CAA,30.0,100.8,106.0,0.3588,50.0,52.4,15.8,18.8,24.6,27.7,29.7,29.9,51.5,55.8,31.9,31.1,41.8,36.8,66.5,-12.6,Campbell,,,2025,,pre,0.0
231,Sum,29.0,100.8,106.0,0.3581,48.4,51.2,18.6,17.1,32.8,29.7,30.9,35.2,47.5,53.6,33.1,31.8,44.0,40.8,65.1,-14.7,UMKC,,,2025,,pre,0.0
232,Pat,33.0,101.7,107.0,0.3573,53.8,50.3,18.6,17.0,26.0,28.0,36.7,35.4,54.4,49.0,35.3,34.7,41.0,40.6,68.2,-10.3,Bucknell,,,2025,,pre,0.0
233,AE,32.0,99.0,104.2,0.3569,51.6,50.4,15.5,21.9,21.8,32.3,28.2,29.0,50.6,50.7,35.7,33.3,33.0,36.2,66.7,-10.2,Maine,,,2025,,pre,0.0
234,A10,30.0,103.0,108.6,0.3534,48.4,52.7,15.4,15.8,19.3,27.7,29.7,37.1,49.7,52.4,31.2,35.4,45.6,48.6,64.5,-15.1,Richmond,,,2025,,pre,0.0
235,Sum,30.0,109.2,115.1,0.3517,50.1,54.8,12.6,17.3,30.0,35.7,45.4,35.2,51.7,55.4,31.6,35.9,37.5,38.9,75.2,-8.8,South Dakota,,,2025,,pre,0.0
236,AE,31.0,99.0,104.5,0.3502,49.0,48.8,17.3,15.7,26.2,25.8,29.8,27.1,49.5,48.3,32.3,33.0,43.5,38.6,63.3,-8.1,Vermont,,,2025,,pre,0.0
237,WAC,29.0,106.5,112.4,0.3496,51.7,50.4,19.2,16.4,32.8,32.5,37.0,34.3,50.6,48.5,35.4,36.0,42.2,34.9,68.3,-12.9,UT Arlington,,,2025,,pre,0.0
238,MAC,32.0,110.8,117.4,0.3413,50.5,56.4,13.7,15.5,29.8,30.9,35.5,26.5,50.6,55.9,33.6,38.2,28.6,37.5,69.0,-8.9,Toledo,,,2025,,pre,0.0
239,Slnd,29.0,105.8,112.2,0.3393,51.1,52.0,18.1,17.5,34.5,31.4,27.5,34.7,49.7,50.8,35.8,36.4,36.3,31.2,64.9,-11.7,Incarnate Word,,,2025,,pre,0.0
240,OVC,30.0,102.4,108.6,0.3383,51.3,48.8,21.1,17.4,33.8,30.3,41.4,39.3,52.5,48.1,32.6,33.4,33.6,35.9,71.2,-12.9,Tennessee St.,,,2025,,pre,0.0
241,MAAC,32.0,105.1,111.7,0.333,51.0,51.8,17.7,17.6,31.4,29.9,26.3,27.6,50.3,50.8,34.5,35.4,44.6,43.1,71.0,-14.6,Sacred Heart,,,2025,,pre,0.0
242,Amer,31.0,101.7,108.0,0.3327,49.5,49.7,16.9,14.4,27.2,31.1,34.2,33.6,51.5,50.0,31.2,32.7,42.3,34.0,67.0,-14.4,Tulsa,,,2025,,pre,0.0
243,Pat,32.0,101.7,108.0,0.3325,51.8,52.1,16.8,17.6,23.8,27.4,29.5,34.1,51.1,53.1,35.1,33.6,44.8,35.7,64.2,-8.2,American,16.0,R68,2025,,pre,0.0
244,BSky,29.0,104.0,110.6,0.3306,50.3,53.3,15.4,14.8,31.5,23.8,29.6,34.3,49.4,52.8,34.5,36.0,38.2,37.0,67.4,-11.5,Northern Arizona,,,2025,,pre,0.0
245,OVC,31.0,97.6,103.9,0.3288,49.5,46.7,20.4,21.5,30.4,35.4,29.0,37.9,47.2,46.3,36.6,31.4,30.3,44.2,67.5,-9.9,Little Rock,,,2025,,pre,0.0
246,Sum,30.0,107.9,114.9,0.328,49.7,56.5,16.6,15.0,33.7,28.7,33.6,33.0,50.3,57.1,32.5,37.1,40.0,40.6,69.7,-15.1,North Dakota,,,2025,,pre,0.0
247,Horz,31.0,101.6,108.2,0.3255,49.8,52.5,17.3,19.9,31.0,32.5,31.3,29.3,50.0,50.6,33.0,37.0,40.0,40.1,66.7,-11.0,Northern Kentucky,,,2025,,pre,0.0
248,BSky,31.0,107.9,115.1,0.324,51.8,54.0,17.9,15.1,28.9,31.3,33.6,35.7,51.5,55.1,34.7,34.9,47.9,39.9,67.1,-14.0,Idaho,,,2025,,pre,0.0
249,SB,32.0,102.3,109.2,0.3205,50.6,50.1,19.0,18.4,33.0,33.0,26.5,43.1,49.8,51.2,34.5,32.3,44.3,40.1,70.3,-11.2,Georgia Southern,,,2025,,pre,0.0
250,Ivy,26.0,101.5,108.4,0.3199,50.6,52.2,18.0,17.7,25.0,31.1,24.4,24.6,52.2,53.4,32.0,33.5,39.9,36.5,66.4,-10.8,Harvard,,,2025,,pre,0.0
251,MAAC,34.0,98.7,105.5,0.3171,47.5,51.7,20.9,22.8,39.1,30.9,27.9,35.6,47.5,53.9,31.8,32.6,34.7,44.5,69.0,-13.8,Iona,,,2025,,pre,0.0
252,SB,32.0,106.1,113.4,0.3166,50.4,51.0,16.9,12.9,32.4,31.9,33.8,26.2,49.8,51.8,34.4,33.2,33.3,41.5,69.8,-13.1,Georgia St.,,,2025,,pre,0.0
253,BW,30.0,96.5,103.2,0.3146,46.3,50.0,19.7,21.8,27.6,33.6,38.3,39.2,45.1,48.3,32.2,35.2,35.5,37.7,67.9,-11.4,UC Davis,,,2025,,pre,0.0
254,AE,29.0,107.5,115.3,0.3097,54.6,51.6,18.1,14.7,26.1,30.3,31.6,25.2,56.3,50.5,34.2,35.6,34.6,34.7,69.4,-11.5,UMass Lowell,,,2025,,pre,0.0
255,MVC,31.0,97.8,105.1,0.3032,48.8,50.2,17.7,16.7,22.6,29.2,31.1,34.6,51.5,49.4,29.9,34.1,40.6,44.9,67.6,-14.7,Evansville,,,2025,,pre,0.0
256,Slnd,30.0,100.8,108.5,0.3005,49.1,52.6,18.0,17.9,26.0,32.0,30.5,29.4,49.3,54.5,32.5,32.3,44.0,31.8,65.3,-14.4,Houston Christian,,,2025,,pre,0.0
257,BSth,29.0,103.1,111.0,0.3,51.2,52.5,16.3,17.7,29.6,31.3,31.2,39.2,49.7,52.9,36.0,34.4,34.2,34.7,65.1,-13.8,Presbyterian,,,2025,,pre,0.0
258,BSth,31.0,102.5,110.4,0.2993,51.9,52.0,20.8,14.8,33.4,30.2,36.2,37.2,53.1,54.2,33.0,32.3,33.1,38.0,69.8,-14.9,Gardner Webb,,,2025,,pre,0.0
259,Amer,32.0,104.3,112.5,0.2949,48.3,54.2,15.1,14.6,25.4,29.2,42.7,37.0,49.6,56.4,31.0,33.3,40.9,34.5,65.5,-16.4,Charlotte,,,2025,,pre,0.0
260,MWC,32.0,100.2,108.1,0.2943,46.1,54.0,17.7,18.0,27.0,34.0,36.4,23.5,45.6,56.0,31.3,34.2,35.3,43.0,71.5,-16.5,Fresno St.,,,2025,,pre,0.0
261,MAAC,29.0,107.1,115.6,0.2939,50.7,50.5,17.0,15.2,32.6,31.9,31.0,25.9,50.3,51.8,34.2,32.5,41.9,42.3,68.2,-10.0,Manhattan,,,2025,,pre,0.0
262,BW,31.0,104.8,113.2,0.2934,48.2,54.3,18.8,18.9,35.6,29.7,34.5,46.9,45.3,54.8,37.2,35.7,28.4,41.5,66.7,-14.0,Cal St. Bakersfield,,,2025,,pre,0.0
263,SWAC,34.0,99.3,107.3,0.2905,47.7,50.6,19.5,17.4,30.1,30.0,37.5,30.6,47.1,50.3,32.6,34.1,33.7,41.7,69.2,-10.6,Jackson St.,,,2025,,pre,0.0
264,CUSA,31.0,96.2,104.0,0.2895,46.1,51.6,19.5,20.6,31.0,29.6,36.0,37.5,47.4,52.6,28.8,33.3,30.1,39.5,69.2,-17.4,FIU,,,2025,,pre,0.0
265,MAC,28.0,103.6,112.1,0.2889,51.3,51.6,16.4,14.1,26.4,27.9,44.5,30.7,51.0,54.5,34.6,31.5,37.1,39.7,67.1,-13.7,Ball St.,,,2025,,pre,0.0
266,CAA,33.0,103.3,111.7,0.2881,47.2,50.7,16.2,16.6,29.8,34.8,36.7,36.1,44.2,50.7,35.2,33.8,34.6,40.7,67.9,-14.4,Monmouth,,,2025,,pre,0.0
267,MAAC,33.0,99.1,107.3,0.2871,51.0,48.0,21.7,15.9,31.1,28.3,31.0,26.7,50.1,48.7,34.9,31.4,41.0,44.5,68.1,-8.1,Mount St. Mary's,16.0,R64,2025,,pre,0.0
268,WCC,30.0,104.9,113.5,0.2869,50.1,54.6,18.0,13.2,23.9,29.9,32.2,22.1,49.8,53.3,33.7,37.8,43.6,40.9,69.0,-12.6,Portland,,,2025,,pre,0.0
269,ASun,30.0,108.4,117.3,0.2863,53.2,54.1,15.0,14.7,27.9,34.2,24.8,31.1,54.0,54.5,35.0,35.5,54.0,31.1,72.9,-11.5,North Florida,,,2025,,pre,0.0
270,Pat,32.0,103.5,112.3,0.2825,54.2,53.3,16.7,16.3,23.7,26.9,22.6,25.5,54.6,51.5,35.7,37.3,42.2,40.0,67.7,-14.9,Colgate,,,2025,,pre,0.0
271,MAAC,32.0,101.5,110.3,0.2773,49.4,51.7,17.2,18.2,28.8,30.0,37.3,31.4,49.5,51.8,32.8,34.3,39.9,34.2,67.7,-14.5,Siena,,,2025,,pre,0.0
272,BSky,30.0,102.3,111.3,0.2752,50.9,54.4,18.7,19.0,26.9,33.6,31.1,39.7,52.5,53.8,32.3,36.9,37.6,38.4,67.7,-16.4,Eastern Washington,,,2025,,pre,0.0
273,SC,31.0,98.9,107.6,0.275,48.9,50.8,16.6,16.8,28.8,28.7,29.8,32.8,49.8,49.7,31.8,34.7,40.1,46.0,71.7,-14.4,Mercer,,,2025,,pre,0.0
274,MAAC,30.0,97.1,105.9,0.27,49.9,46.9,18.4,16.4,30.6,25.6,22.4,33.2,51.5,44.9,31.4,33.7,37.6,35.4,64.7,-8.0,Marist,,,2025,,pre,0.0
275,MAC,30.0,100.2,109.3,0.2689,49.9,52.6,17.5,17.3,25.6,27.4,34.5,29.8,49.6,54.6,33.5,33.2,39.7,42.4,69.5,-14.2,Bowling Green,,,2025,,pre,0.0
276,SWAC,33.0,101.4,110.6,0.2687,47.1,50.3,13.2,18.6,28.3,31.1,29.9,38.7,45.4,50.4,32.9,33.4,42.9,39.5,68.4,-10.1,Alabama St.,16.0,R64,2025,,pre,0.0
277,Slnd,28.0,94.8,103.6,0.2668,46.7,49.2,22.2,20.2,34.6,33.1,32.3,34.1,48.8,47.8,28.7,34.4,36.9,37.1,68.0,-12.0,Stephen F. Austin,,,2025,,pre,0.0
278,MAC,31.0,103.8,113.4,0.2663,52.4,53.7,18.7,17.8,29.6,31.7,33.0,38.5,52.4,51.9,35.0,37.7,38.2,38.8,67.9,-12.0,Eastern Michigan,,,2025,,pre,0.0
279,AE,31.0,103.1,112.6,0.2657,49.3,54.9,15.7,19.8,32.3,28.4,29.5,34.7,50.2,55.8,31.7,35.6,36.0,34.9,68.3,-12.9,Albany,,,2025,,pre,0.0
280,MAC,31.0,101.9,111.7,0.2589,47.0,54.5,15.8,16.6,34.4,27.9,31.0,33.2,49.3,55.0,28.2,35.8,32.9,41.0,68.4,-14.7,Western Michigan,,,2025,,pre,0.0
281,Sum,29.0,100.1,109.7,0.2588,50.3,54.3,18.5,17.6,26.1,29.1,31.6,49.8,50.5,56.2,33.3,34.1,36.9,37.9,67.2,-15.9,Denver,,,2025,,pre,0.0
282,Ivy,25.0,105.5,115.6,0.2585,52.6,56.4,15.4,16.4,25.9,26.7,29.5,25.4,53.9,54.6,33.8,39.2,39.1,41.8,71.5,-11.3,Columbia,,,2025,,pre,0.0
283,OVC,30.0,101.8,111.6,0.2577,47.6,52.3,19.5,18.9,34.7,30.8,34.4,33.9,48.5,52.0,31.1,35.0,47.3,48.2,67.0,-15.4,Tennessee Martin,,,2025,,pre,0.0
284,WCC,31.0,100.9,110.7,0.2558,48.1,53.2,19.3,15.4,28.8,28.2,32.8,37.1,50.3,52.9,29.7,35.8,37.8,39.5,67.2,-15.6,Pacific,,,2025,,pre,0.0
285,NEC,31.0,94.9,104.5,0.2483,47.7,48.0,20.1,19.2,32.3,27.0,27.6,43.5,48.8,48.8,30.3,31.2,33.4,39.8,65.6,-12.6,LIU,,,2025,,pre,0.0
286,SWAC,29.0,95.7,105.5,0.246,47.5,47.4,19.8,19.6,30.5,34.7,28.9,36.2,46.2,46.5,33.1,32.6,35.8,41.3,70.6,-11.9,Texas Southern,,,2025,,pre,0.0
287,OVC,30.0,101.4,111.8,0.245,50.7,49.6,17.4,15.2,25.0,32.4,28.8,22.2,49.0,50.6,35.1,31.9,46.4,34.1,68.5,-13.2,Tennessee Tech,,,2025,,pre,0.0
288,SWAC,33.0,97.2,107.4,0.2413,48.2,48.8,19.5,16.7,28.8,30.0,35.9,32.4,48.4,49.8,31.9,31.3,33.9,36.9,69.6,-10.1,Bethune Cookman,,,2025,,pre,0.0
289,BSky,31.0,101.4,112.2,0.2391,50.2,53.4,16.9,16.5,24.4,30.1,34.7,37.2,51.1,52.2,32.4,36.7,37.2,43.0,66.2,-17.1,Weber St.,,,2025,,pre,0.0
290,Pat,33.0,101.2,112.0,0.2388,48.0,52.5,16.1,17.8,31.3,27.2,33.8,33.8,46.8,52.6,33.3,34.9,37.1,41.2,67.7,-16.2,Navy,,,2025,,pre,0.0
291,MAAC,27.0,95.1,105.3,0.2379,44.7,47.3,20.7,17.6,37.0,31.0,34.7,37.6,42.4,47.0,32.2,31.9,38.5,38.0,64.5,-13.3,Saint Peter's,,,2025,,pre,0.0
292,WCC,32.0,99.2,110.1,0.2323,45.7,54.0,18.4,18.5,29.9,31.6,30.5,46.1,46.3,51.6,29.7,38.5,35.8,38.3,71.7,-19.5,San Diego,,,2025,,pre,0.0
293,WAC,29.0,92.9,103.2,0.2318,45.9,52.1,25.1,23.3,28.1,33.9,41.5,48.3,45.0,52.9,32.2,33.9,25.6,42.2,66.3,-13.3,Tarleton St.,,,2025,,pre,0.0
294,MWC,32.0,98.8,109.7,0.2315,50.1,54.6,20.8,15.7,22.7,29.0,35.4,35.4,50.5,54.8,33.1,36.3,48.5,36.2,65.2,-19.3,Air Force,,,2025,,pre,0.0
295,ASun,31.0,100.1,111.2,0.2305,48.7,53.8,14.8,16.8,25.8,31.2,28.9,36.0,47.1,52.0,34.0,37.9,40.2,35.9,66.7,-13.5,Austin Peay,,,2025,,pre,0.0
296,SB,33.0,99.4,110.8,0.2236,44.1,51.2,16.9,16.0,36.4,32.0,30.9,35.0,45.0,51.2,28.3,34.1,35.8,35.3,66.7,-15.3,Old Dominion,,,2025,,pre,0.0
297,Pat,32.0,97.5,108.7,0.2226,50.2,50.4,16.6,16.7,24.0,28.0,30.5,26.9,49.7,48.3,34.0,35.8,40.3,37.9,66.8,-16.8,Lafayette,,,2025,,pre,0.0
298,MEAC,28.0,104.0,116.1,0.2198,53.5,52.3,21.2,16.5,29.0,33.8,35.7,40.9,52.6,53.1,36.6,33.8,38.4,33.5,70.4,-13.6,Howard,,,2025,,pre,0.0
299,Sum,26.0,104.2,116.5,0.2185,50.0,55.0,16.3,13.9,22.6,33.1,35.0,38.2,48.5,56.6,34.4,35.0,45.7,40.2,67.9,-16.2,Oral Roberts,,,2025,,pre,0.0
300,WAC,31.0,101.5,113.6,0.2142,48.8,53.0,18.3,17.4,26.2,33.5,33.7,41.1,47.9,53.7,33.4,34.4,39.8,31.5,68.1,-19.9,Utah Tech,,,2025,,pre,0.0
301,SB,31.0,97.1,108.8,0.2135,47.9,50.2,19.5,16.1,28.1,30.2,33.8,35.4,49.8,51.2,29.8,32.5,36.9,38.4,71.5,-16.9,Southern Miss,,,2025,,pre,0.0
302,Pat,28.0,99.5,111.5,0.2133,51.1,50.7,15.6,16.1,21.4,29.1,31.5,33.9,49.1,53.0,36.4,31.2,37.3,36.7,67.9,-15.2,Lehigh,,,2025,,pre,0.0
303,SB,32.0,98.3,110.1,0.2133,45.7,51.3,16.0,19.1,25.9,35.5,29.8,43.8,45.0,53.8,31.3,31.5,38.1,36.9,67.0,-15.7,Louisiana,,,2025,,pre,0.0
304,NEC,30.0,99.9,112.0,0.2119,51.6,51.3,19.6,16.4,25.4,30.0,23.8,28.7,52.6,53.4,33.4,32.3,41.9,43.2,67.9,-12.1,Saint Francis,16.0,R68,2025,,pre,0.0
305,BSth,30.0,99.3,111.5,0.2076,48.7,53.4,19.9,13.5,31.2,28.2,43.9,33.3,50.7,55.4,30.7,32.4,42.0,29.2,68.2,-16.2,Charleston Southern,,,2025,,pre,0.0
306,NEC,30.0,98.6,110.8,0.2068,49.1,50.5,17.1,17.6,25.9,32.0,32.1,30.4,49.7,53.3,32.2,30.3,41.5,35.6,70.0,-15.7,Fairleigh Dickinson,,,2025,,pre,0.0
307,Pat,29.0,100.6,113.1,0.2062,49.7,53.7,14.7,16.0,25.8,29.3,25.8,27.1,52.1,55.2,30.8,34.5,41.1,42.2,68.3,-12.0,Army,,,2025,,pre,0.0
308,Ivy,27.0,102.6,115.5,0.2051,49.4,53.0,16.4,13.4,26.8,29.7,28.9,25.8,49.9,50.8,32.6,37.5,44.4,39.2,67.6,-13.8,Penn,,,2025,,pre,0.0
309,WAC,28.0,97.1,109.3,0.2044,46.8,49.9,21.6,15.1,30.1,32.0,36.2,33.0,47.2,49.8,30.5,33.3,32.6,27.7,69.7,-13.6,Southern Utah,,,2025,,pre,0.0
310,AE,29.0,105.1,118.3,0.2039,55.2,54.1,15.9,17.4,19.4,33.7,31.6,27.9,53.8,54.2,38.4,35.8,38.4,34.4,71.2,-15.6,UMBC,,,2025,,pre,0.0
311,Horz,29.0,108.7,122.4,0.2033,50.4,57.0,15.7,16.0,30.6,33.6,34.1,35.1,46.2,57.8,36.8,37.3,47.3,40.8,65.6,-17.5,IU Indy,,,2025,,pre,0.0
312,OVC,29.0,98.4,111.1,0.198,45.9,50.3,18.4,14.4,31.2,25.4,37.6,34.7,45.5,49.9,31.2,34.1,34.1,33.4,64.8,-13.1,Morehead St.,,,2025,,pre,0.0
313,SB,30.0,101.0,114.2,0.1963,49.4,48.6,18.4,10.5,29.0,28.7,34.4,36.9,47.7,48.5,34.8,32.5,39.2,36.3,63.9,-18.2,Coastal Carolina,,,2025,,pre,0.0
314,MAAC,33.0,101.3,114.5,0.1956,47.7,53.1,17.2,16.0,32.2,30.7,29.6,27.3,48.1,52.8,31.2,35.7,30.1,40.9,65.6,-14.6,Rider,,,2025,,pre,0.0
315,Pat,30.0,99.8,112.9,0.1951,50.1,52.8,17.7,16.9,28.6,27.9,29.3,30.2,50.7,52.9,32.9,35.1,39.6,35.7,67.2,-16.1,Loyola MD,,,2025,,pre,0.0
316,SC,30.0,98.7,111.7,0.193,48.5,54.2,18.0,17.6,25.2,32.1,37.5,30.5,50.3,56.3,31.0,34.5,46.9,47.5,68.8,-14.7,VMI,,,2025,,pre,0.0
317,Pat,31.0,98.1,111.2,0.1911,50.2,52.4,20.6,16.7,32.5,23.4,30.7,32.0,50.7,51.2,33.0,36.1,41.9,40.2,64.0,-13.2,Boston University,,,2025,,pre,0.0
318,OVC,28.0,93.9,106.4,0.1908,44.1,51.0,18.7,20.8,30.0,30.9,33.0,39.7,42.6,50.2,31.7,34.7,29.7,44.4,66.8,-14.4,Eastern Illinois,,,2025,,pre,0.0
319,BW,30.0,100.5,114.0,0.1904,49.2,53.4,21.7,17.1,28.5,34.9,35.5,35.2,47.0,51.2,35.3,38.1,37.1,37.6,64.8,-19.1,Long Beach St.,,,2025,,pre,0.0
320,AE,29.0,99.0,112.5,0.1884,51.6,49.7,19.6,12.8,26.9,26.9,33.7,31.9,50.6,51.1,35.4,31.8,36.2,40.3,66.3,-14.1,Binghamton,,,2025,,pre,0.0
321,MEAC,29.0,102.5,116.4,0.1878,50.1,54.8,19.2,21.0,34.6,38.8,39.8,42.0,49.9,57.6,33.7,32.7,34.0,32.8,67.7,-15.3,North Carolina Central,,,2025,,pre,0.0
322,MEAC,26.0,100.5,114.2,0.1856,48.8,53.8,18.1,20.0,34.0,32.1,36.3,40.3,47.6,56.3,35.5,33.5,20.7,41.1,70.8,-10.9,Delaware St.,,,2025,,pre,0.0
323,NEC,30.0,100.3,114.1,0.1838,51.1,50.9,18.3,16.2,26.4,29.4,31.4,32.7,49.4,50.1,35.4,34.9,44.5,33.3,65.9,-13.7,Stonehill,,,2025,,pre,0.0
324,SWAC,31.0,95.6,108.9,0.1823,47.3,49.3,19.2,18.3,26.3,31.1,35.1,31.3,46.9,47.0,32.0,35.7,35.0,35.6,64.6,-16.8,Grambling St.,,,2025,,pre,0.0
325,OVC,30.0,94.5,107.7,0.1816,45.0,50.7,17.9,19.4,30.0,31.5,36.0,34.7,47.6,50.0,26.7,34.6,34.6,37.5,70.1,-12.8,Lindenwood,,,2025,,pre,0.0
326,MAAC,30.0,100.9,115.1,0.181,52.0,53.0,18.6,16.8,23.6,27.3,30.4,29.8,51.8,51.8,34.9,36.7,42.8,38.4,65.6,-16.7,Niagara,,,2025,,pre,0.0
327,Pat,30.0,101.4,115.8,0.1774,53.1,53.5,17.9,13.6,23.3,27.0,22.2,25.4,49.6,54.5,38.6,34.5,42.3,37.8,66.6,-15.5,Holy Cross,,,2025,,pre,0.0
328,Horz,31.0,100.9,115.4,0.1752,50.9,54.8,18.0,14.6,18.4,32.0,37.0,35.4,52.2,54.1,32.9,37.3,46.2,39.4,69.8,-21.6,Green Bay,,,2025,,pre,0.0
329,SWAC,31.0,97.1,111.2,0.1734,46.1,53.0,19.6,18.3,33.6,32.5,30.4,31.5,45.4,54.6,31.8,34.1,29.6,45.3,65.5,-13.9,Alcorn St.,,,2025,,pre,0.0
330,SWAC,29.0,101.1,116.3,0.1677,50.6,51.4,20.7,15.4,27.7,31.9,36.7,39.9,50.8,51.5,33.6,34.2,46.6,36.5,67.9,-10.8,Florida A&M,,,2025,,pre,0.0
331,Slnd,31.0,96.2,111.1,0.1609,49.2,53.8,22.5,19.9,28.1,35.9,28.0,36.5,51.1,52.6,31.4,37.4,48.3,34.6,68.1,-19.8,Texas A&M Commerce,,,2025,,pre,0.0
332,BSth,29.0,99.3,114.8,0.1581,49.8,56.1,19.0,16.6,25.3,32.4,30.4,39.5,53.1,58.3,29.4,35.2,36.9,40.2,73.4,-21.0,USC Upstate,,,2025,,pre,0.0
333,OVC,28.0,98.7,114.3,0.1554,47.9,51.8,17.2,16.7,27.9,31.3,30.7,35.6,45.4,50.0,35.2,36.7,33.5,36.5,67.7,-17.4,Southern Indiana,,,2025,,pre,0.0
334,CAA,31.0,97.2,113.0,0.1503,45.8,51.5,15.4,15.3,27.0,31.4,31.2,30.0,46.3,52.4,30.0,33.3,36.0,38.5,70.0,-20.1,North Carolina A&T,,,2025,,pre,0.0
335,MAAC,31.0,98.2,114.1,0.1502,46.3,53.7,15.5,18.2,28.6,31.0,25.4,31.0,45.8,53.4,31.5,36.0,38.3,36.9,66.6,-16.9,Fairfield,,,2025,,pre,0.0
336,NEC,28.0,99.4,115.7,0.1484,48.6,55.0,16.4,20.3,22.2,33.3,30.9,38.3,45.8,56.0,35.7,35.7,36.4,39.8,65.3,-12.6,Mercyhurst,,,2025,,pre,0.0
337,CAA,31.0,101.0,117.6,0.1475,47.7,56.0,18.3,14.9,29.5,31.2,31.6,28.4,45.7,57.2,33.8,36.3,39.0,42.3,65.2,-19.6,Stony Brook,,,2025,,pre,0.0
338,MEAC,28.0,100.6,117.7,0.1414,49.0,52.4,17.9,17.0,34.1,36.9,35.7,39.1,49.5,51.0,31.6,36.8,21.7,34.3,71.1,-14.4,Morgan St.,,,2025,,pre,0.0
339,NEC,26.0,92.5,108.4,0.1393,43.7,50.4,19.4,18.2,31.7,25.0,29.3,39.9,41.5,50.8,31.6,33.2,37.6,42.9,60.8,-13.0,Wagner,,,2025,,pre,0.0
340,Horz,31.0,94.7,111.5,0.1322,45.6,51.2,19.1,15.5,31.9,30.5,28.9,39.8,43.9,52.4,33.3,33.2,28.4,47.0,67.8,-18.9,Detroit Mercy,,,2025,,pre,0.0
341,Slnd,31.0,99.1,116.8,0.1315,45.9,54.9,18.8,16.1,31.6,35.5,33.9,26.6,46.0,55.1,30.4,36.4,30.7,42.4,69.9,-19.6,New Orleans,,,2025,,pre,0.0
342,OVC,28.0,99.3,117.0,0.1307,50.1,51.1,18.2,14.4,28.1,31.8,27.2,30.6,46.7,50.2,37.3,35.1,37.2,34.8,65.1,-16.2,Western Illinois,,,2025,,pre,0.0
343,MAC,29.0,95.9,113.4,0.1275,48.8,54.2,19.5,16.2,24.8,31.3,32.7,31.2,51.3,53.4,30.5,37.2,43.9,35.2,71.3,-17.2,Buffalo,,,2025,,pre,0.0
344,ASun,29.0,102.8,121.6,0.1271,53.7,58.1,17.4,15.4,20.2,30.0,26.5,34.9,53.9,57.8,35.6,39.0,43.2,47.4,67.0,-21.3,Bellarmine,,,2025,,pre,0.0
345,SC,27.0,94.6,111.9,0.127,45.4,51.1,19.0,13.5,25.7,29.4,27.0,34.0,46.3,52.8,29.7,32.6,48.2,44.0,71.2,-16.6,Western Carolina,,,2025,,pre,0.0
346,SB,30.0,96.3,113.8,0.1267,45.0,53.6,17.1,16.1,29.0,32.5,31.1,25.1,43.1,55.8,32.5,34.0,33.9,45.1,68.5,-20.8,Louisiana Monroe,,,2025,,pre,0.0
347,NEC,30.0,102.1,120.8,0.126,51.5,54.7,19.6,16.3,25.7,32.9,37.7,36.9,53.2,54.1,32.8,37.0,41.3,41.4,69.3,-19.1,Le Moyne,,,2025,,pre,0.0
348,ASun,30.0,96.8,114.8,0.1241,47.2,56.1,16.3,16.6,26.1,29.2,28.8,36.3,48.4,56.9,29.7,36.8,30.1,43.7,68.8,-20.4,West Georgia,,,2025,,pre,0.0
349,BSky,29.0,94.8,113.2,0.1147,48.0,55.1,20.3,17.1,27.4,27.6,31.3,39.2,49.1,55.2,31.2,36.6,44.9,46.0,66.1,-20.8,Sacramento St.,,,2025,,pre,0.0
350,MAC,28.0,93.9,112.1,0.1144,47.1,53.2,16.3,16.6,17.8,30.8,31.6,44.0,45.3,51.0,32.7,38.0,49.2,37.5,69.6,-20.8,Northern Illinois,,,2025,,pre,0.0
351,ASun,31.0,96.9,116.3,0.109,47.4,56.8,18.2,16.7,28.6,30.0,28.8,22.6,50.2,55.4,29.6,38.7,47.8,52.1,67.0,-18.3,Central Arkansas,,,2025,,pre,0.0
352,BW,30.0,93.1,112.1,0.1062,44.2,54.3,21.3,16.1,25.9,29.8,39.2,34.1,46.1,55.9,27.0,34.9,34.1,45.8,68.8,-19.5,Cal St. Fullerton,,,2025,,pre,0.0
353,SWAC,31.0,97.4,117.4,0.1042,48.2,56.2,16.7,20.0,24.5,39.1,33.8,40.5,48.6,57.6,31.5,35.7,33.7,32.7,71.0,-21.2,Prairie View A&M,,,2025,,pre,0.0
354,ASun,30.0,98.9,119.5,0.1023,50.2,53.1,18.7,13.1,24.1,34.3,33.1,27.7,50.2,52.6,33.5,35.9,37.7,41.4,68.3,-19.5,Stetson,,,2025,,pre,0.0
355,AE,30.0,93.3,112.9,0.1011,45.3,50.0,18.0,13.8,27.7,31.8,27.4,38.6,45.0,51.9,30.5,31.0,37.8,35.2,67.0,-21.5,NJIT,,,2025,,pre,0.0
356,MAAC,31.0,99.8,121.3,0.0959,51.2,56.9,18.5,16.4,18.3,34.3,23.3,31.4,48.4,58.7,36.7,36.2,41.4,40.9,66.9,-23.2,Canisius,,,2025,,pre,0.0
357,AE,30.0,93.4,115.0,0.0836,47.1,54.4,19.0,16.9,27.4,31.6,26.4,33.0,46.8,56.4,31.7,34.1,40.8,39.7,68.4,-20.3,New Hampshire,,,2025,,pre,0.0
358,SWAC,29.0,92.9,114.6,0.0822,45.1,54.3,21.9,21.0,33.9,34.6,38.6,46.7,44.3,51.8,30.8,39.0,41.6,37.5,71.5,-18.7,Alabama A&M,,,2025,,pre,0.0
359,MEAC,27.0,95.6,119.0,0.0748,45.7,55.3,19.7,15.5,27.1,34.1,35.6,40.6,44.7,58.6,31.5,33.3,37.2,37.7,66.8,-19.3,Maryland Eastern Shore,,,2025,,pre,0.0
360,NEC,32.0,91.8,114.6,0.0725,44.4,54.9,18.5,18.2,22.6,33.6,26.8,36.9,43.4,55.7,30.6,35.8,40.9,39.4,69.3,-21.7,Chicago St.,,,2025,,pre,0.0
361,SC,26.0,93.5,117.1,0.0702,46.9,54.5,19.5,15.2,27.2,32.0,32.8,32.8,49.5,56.3,29.2,34.7,45.2,42.7,65.3,-21.4,The Citadel,,,2025,,pre,0.0
362,SWAC,29.0,96.0,122.3,0.0584,50.3,56.3,20.4,16.8,26.3,34.6,32.8,40.5,52.6,58.5,31.0,35.7,37.9,44.9,72.3,-20.0,Arkansas Pine Bluff,,,2025,,pre,0.0
363,MEAC,29.0,87.7,112.6,0.0535,44.0,55.6,21.6,20.5,26.5,33.9,36.4,37.1,44.2,56.3,29.0,36.3,32.1,38.8,68.7,-19.0,Coppin St.,,,2025,,pre,0.0
364,SWAC,29.0,83.3,125.3,0.009,42.1,57.9,24.3,15.0,22.7,38.0,30.3,38.4,41.6,58.8,28.8,37.7,30.6,38.4,65.5,-21.0,Mississippi Valley St.,,,2025,,pre,0.0
