rk,conf,g,rec,adjoe,adjde,barthag,efg_,efgd_,tor,tord,orb,drb,ftr,ftrd,2p_,2p_d,3p_,3p_d,3pr,3prd,adj_t_,wab,team,seed,tourney_res,year,type,venue
1,B12,17,13–4 6–3,119.9 5,90.0 2,.9646 1,55.0 10,45.2 10,19.5 237,18.0 152,30.7 115,30.3 157,38.6 73,39.0 170,52.6 22,43.4 11,39.8 15,32.6 65,34.7 183,32.1 62,69.2 158,+6.8 1,Kansas,1,Elite Eight,2016,R,A-N
2,BE,18,14–4 8–1,117.5 13,90.8 4,.9508 2,52.8 32,47.7 48,16.7 60,19.0 88,25.5 278,27.5 60,32.3 234,33.3 66,55.0 6,44.7 18,33.2 212,35.6 188,41.5 44,34.7 139,67.5 246,+6.4 2,Villanova,2,CHAMPS,2016,R,A-N
3,B10,18,15–3 6–3,124.4 1,97.1 49,.9455 3,56.9 2,44.5 5,16.9 70,14.5 327,35.7 22,25.8 24,27.5 328,42.5 250,50.2 74,44.1 16,46.4 1,30.2 17,34.6 187,30.9 41,67.0 270,+5.7 3,Michigan St.,2,R64,2016,R,A-N
4,ACC,18,11–7 4–5,118.6 9,92.9 15,.9427 4,53.9 16,50.1 130,15.3 15,19.8 49,29.1 169,25.8 24,26.5 338,40.4 200,51.5 37,47.1 70,39.8 15,37.5 270,29.3 296,32.7 76,61.6 349,+3.5 12,Virginia,1,Elite Eight,2016,R,A-N
5,ACC,18,13–5 6–3,121.3 4,96.0 34,.9365 5,51.0 82,47.2 35,15.7 20,15.9 271,38.5 3,30.1 151,32.3 234,33.8 69,53.2 16,41.9 5,30.2 306,38.0 289,27.5 324,35.4 174,71.5 65,+5.6 4,North Carolina,1,Finals,2016,R,A-N
6,B10,16,9–7 4–5,114.8 25,91.3 7,.9336 6,52.6 39,45.1 8,17.7 110,12.4 349,32.0 75,22.9 3,26.9 332,31.7 49,51.7 33,45.5 32,36.1 94,29.5 10,34.8 181,31.6 53,67.6 241,+1.4 27,Purdue,5,R64,2016,R,A-N
7,BE,16,12–4 6–3,114.4 30,91.4 8,.9295 7,49.7 130,46.4 16,19.1 207,19.6 58,36.8 9,27.4 57,39.0 67,36.3 113,51.1 44,48.8 128,31.4 283,28.5 5,34.4 192,40.0 307,72.5 39,+4.8 6,Xavier,2,R32,2016,R,A-N
8,B12,17,11–6 4–5,117.5 12,94.4 22,.9256 8,54.2 13,47.9 56,18.9 197,17.3 195,28.5 190,31.4 217,31.9 246,29.9 30,47.1 172,45.4 29,42.4 4,35.1 161,42.9 29,33.5 109,70.1 111,+4.3 8,Oklahoma,2,Final Four,2016,R,A-N
9,ACC,16,10–6 4–5,119.8 6,96.6 42,.9227 9,53.0 31,51.6 198,15.8 25,17.1 206,31.2 99,26.4 39,39.8 53,32.5 58,52.2 29,49.0 132,36.3 85,38.8 311,32.7 231,29.0 12,67.9 229,+3.0 14,Miami FL,3,Sweet Sixteen,2016,R,A-N
10,B12,19,13–6 6–3,115.6 20,93.4 16,.9204 10,50.3 108,50.9 166,21.9 327,24.1 2,40.3 1,28.2 79,46.5 4,61.8 351,50.5 65,49.6 160,33.1 220,35.3 174,28.9 302,37.7 255,70.0 116,+5.3 5,West Virginia,3,R64,2016,R,A-N
11,BE,17,12–5 6–3,112.7 45,92.1 11,.9103 11,50.0 122,45.5 13,19.6 243,18.6 113,35.8 19,30.5 170,38.3 82,36.9 122,48.6 122,47.6 90,35.6 112,27.8 2,29.5 292,34.8 145,70.4 99,+4.0 10,Seton Hall,6,R64,2016,R,A-N
12,WCC,18,15–3 8–1,119.4 7,97.7 54,.9096 12,55.9 6,46.5 20,16.3 41,15.2 305,31.5 89,28.0 73,38.4 79,29.2 21,57.0 2,44.0 14,35.9 101,34.3 132,34.9 174,33.9 119,67.4 252,+4.0 9,Gonzaga,11,Sweet Sixteen,2016,R,A-N
13,B12,16,7–9 3–6,122.3 3,100.1 92,.9086 13,56.0 5,51.4 186,16.4 43,15.0 309,27.8 215,31.1 203,23.5 349,27.3 8,56.0 4,51.2 208,37.3 54,34.6 144,32.2 241,34.9 149,71.0 79,+0.9 34,Iowa St.,4,Sweet Sixteen,2016,R,A-N
14,B10,16,8–8 5–4,116.5 18,95.5 27,.9083 14,51.6 61,49.3 99,15.7 20,18.6 113,31.9 77,30.7 181,26.9 332,25.0 4,49.0 107,51.9 242,37.5 44,30.5 22,36.0 150,41.3 323,69.0 168,+0.44 40,Iowa,7,R32,2016,R,A-N
15,SEC,17,9–8 4–5,123.7 2,101.4 117,.9076 15,52.0 50,47.8 50,14.6 6,15.7 280,34.7 29,34.4 298,37.6 96,47.1 315,49.1 102,44.8 22,38.9 19,36.5 227,31.2 255,30.7 35,67.0 270,+1.2 31,Kentucky,4,R32,2016,R,A-N
16,B10,15,8–7 4–5,115.1 23,95.2 25,.8982 16,53.4 25,47.4 40,19.9 260,15.9 271,29.6 155,31.2 206,32.4 233,34.5 80,52.7 21,44.7 18,36.3 85,35.1 161,37.6 111,34.6 134,69.1 162,+1.7 21,Maryland,5,Sweet Sixteen,2016,R,A-N
17,MVC,17,10–7 8–1,110.0 69,91.2 6,.8965 17,48.6 174,44.1 3,16.7 60,21.2 14,30.8 111,23.5 6,33.5 205,51.0 337,47.0 176,40.9 2,34.1 174,32.8 70,39.3 74,38.5 279,67.2 258,-0.7 66,Wichita St.,11,R32,2016,R,A-N
18,Amer,13,9–4 5–4,116.4 19,96.7 44,.8935 18,53.4 25,47.8 50,18.4 167,18.9 95,36.4 14,29.2 115,30.0 280,38.1 151,50.2 74,46.2 48,42.4 4,33.6 102,24.4 347,38.0 266,67.5 246,+1.5 24,SMU,,,2016,R,A-N
19,A10,18,15–3 7–2,115.1 22,95.7 29,.8932 19,52.5 40,48.2 61,14.7 8,16.6 232,28.0 207,26.0 30,34.7 171,27.7 11,53.6 13,50.5 191,33.6 196,29.8 13,35.1 171,39.6 301,71.0 79,+4.5 7,Saint Joseph's,8,R32,2016,R,A-N
20,SEC,16,5–11 3–6,113.5 38,94.6 24,.8902 20,51.7 57,43.7 2,18.3 156,12.6 347,28.4 195,30.6 173,35.0 158,39.0 170,49.0 107,44.1 16,37.2 58,28.4 4,40.1 63,30.2 26,68.2 204,-1.9 94,Vanderbilt,11,R68,2016,R,A-N
21,BE,16,10–6 5–4,113.0 42,94.3 21,.8885 21,49.6 132,48.5 74,16.8 66,19.3 67,29.6 155,35.0 313,34.3 181,28.5 16,47.3 165,48.5 119,35.8 105,32.3 52,36.7 135,30.8 39,68.3 199,+3.6 11,Providence,9,R32,2016,R,A-N
22,SEC,16,9–7 5–4,113.0 44,94.5 23,.8863 22,49.2 147,47.8 50,18.4 167,19.4 64,35.3 25,31.0 196,35.0 158,36.2 109,47.8 152,46.2 48,34.4 155,33.3 89,36.7 135,41.9 331,66.6 286,+1.5 23,Texas A&M,3,Sweet Sixteen,2016,R,A-N
23,Amer,17,10–7 5–4,109.6 76,91.7 9,.8856 23,50.1 116,44.1 3,16.9 70,16.6 232,26.4 259,29.2 115,27.9 321,40.1 192,47.9 146,41.7 4,36.2 91,32.4 56,34.9 174,34.6 134,67.5 246,+1.5 25,Connecticut,9,R32,2016,R,A-N
24,B12,13,7–6 6–3,114.6 28,96.0 36,.8837 24,50.1 116,50.9 166,20.4 283,18.1 144,34.3 31,30.8 185,42.5 24,41.5 221,49.1 102,50.5 191,35.1 130,34.4 134,27.6 323,34.0 123,70.4 99,+3.2 13,Baylor,5,R64,2016,R,A-N
25,ACC,13,6–7 3–6,114.2 31,96.0 37,.8800 25,49.2 147,52.3 240,18.5 174,15.2 305,35.7 22,27.5 60,32.1 243,35.4 96,46.9 182,52.5 265,36.2 91,34.6 144,31.2 255,34.0 123,65.9 314,+1.4 28,Pittsburgh,10,R64,2016,R,A-N
26,WCC,13,9–4 7–2,116.6 16,98.6 67,.8731 26,54.1 14,47.1 33,14.7 8,14.1 333,30.2 134,29.5 126,28.9 302,23.7 2,52.0 31,46.8 62,38.2 33,31.9 44,39.3 74,30.7 35,61.2 351,+0.7 37,Saint Mary's,,,2016,R,A-N
27,A10,15,11–4 7–2,107.2 100,90.7 3,.8726 27,50.8 87,46.9 30,19.6 243,16.7 227,27.2 232,22.0 1,37.4 103,38.0 150,51.3 42,44.7 18,33.1 220,34.0 121,34.4 192,35.6 186,69.8 130,+2.7 16,Dayton,7,R64,2016,R,A-N
28,ACC,11,4–7 4–5,113.3 40,95.9 33,.8720 28,48.1 195,50.2 133,16.5 45,18.7 107,34.1 34,34.1 291,29.8 282,54.4 347,47.2 170,45.9 37,33.5 198,38.5 306,31.0 261,36.2 211,67.1 263,+1.0 33,Louisville,,,2016,R,A-N
29,BE,15,8–7 4–5,118.0 10,100.3 95,.8663 29,48.9 163,52.0 222,14.2 3,19.5 61,33.0 59,31.8 232,37.3 105,38.3 155,44.6 279,51.1 206,39.6 17,35.7 193,29.2 298,36.4 217,68.1 213,+1.5 26,Butler,9,R32,2016,R,A-N
30,ACC,15,8–7 5–4,119.3 8,101.7 122,.8624 30,52.2 49,52.2 235,15.8 25,17.0 210,31.6 87,35.7 331,38.6 73,27.1 7,49.4 95,53.8 303,37.5 44,32.1 48,40.3 59,28.5 9,68.1 213,+1.9 18,Duke,4,Sweet Sixteen,2016,R,A-N
31,P12,16,10–6 5–4,117.3 14,100.0 88,.8618 31,52.8 32,51.6 198,16.9 70,20.6 25,33.3 54,32.2 246,37.5 99,38.7 165,50.4 70,47.2 77,38.3 30,39.7 333,34.0 201,35.2 161,68.0 222,+2.6 17,Oregon,1,Elite Eight,2016,R,A-N
32,P12,15,8–7 4–5,112.6 46,96.4 39,.8572 32,49.8 126,48.2 61,18.8 190,16.1 261,35.1 26,27.4 57,36.6 123,32.1 55,48.8 117,46.4 57,35.2 127,34.7 148,25.6 342,31.1 42,69.3 153,+0.9 35,Arizona,6,R64,2016,R,A-N
33,B12,15,6–9 4–5,112.3 49,96.4 40,.8528 33,48.0 201,48.7 78,14.7 8,17.8 167,27.9 212,34.4 298,38.4 79,43.0 255,47.2 170,45.9 37,33.0 225,36.1 214,34.7 183,33.3 103,65.5 321,+0.24 43,Texas,6,R64,2016,R,A-N
34,ACC,15,6–9 3–6,114.1 34,98.1 60,.8500 34,49.4 143,49.6 111,18.3 156,19.2 73,32.8 61,36.6 340,36.1 131,34.2 74,44.0 296,51.5 227,38.0 34,31.1 28,41.4 45,39.7 302,67.2 258,-0.18 55,Syracuse,10,Final Four,2016,R,A-N
35,BE,16,6–10 3–6,115.2 21,99.1 73,.8496 35,51.9 55,48.7 78,18.0 131,15.1 307,27.8 215,28.2 79,34.6 175,51.2 338,50.3 73,45.4 29,36.1 94,37.2 262,41.7 42,31.5 50,68.1 213,-0.6 64,Georgetown,,,2016,R,A-N
36,B10,14,7–7 5–4,107.5 98,92.6 13,.8474 36,45.8 284,48.0 57,18.6 177,18.8 100,33.3 54,29.2 115,35.3 149,44.2 283,44.1 294,44.8 22,32.6 239,36.7 234,36.4 144,30.6 32,64.2 338,+1.3 29,Wisconsin,7,Sweet Sixteen,2016,R,A-N
37,B10,17,9–8 4–5,116.8 15,101.2 112,.8395 37,53.9 16,52.7 263,16.0 30,16.2 256,24.1 308,28.8 98,27.7 322,30.0 31,51.0 45,52.3 257,38.4 27,35.5 184,43.4 24,35.2 161,67.0 270,+1.0 32,Michigan,11,R64,2016,R,A-N
38,Horz,18,13–5 8–1,107.0 103,92.7 14,.8383 38,49.6 132,44.8 6,19.1 207,17.9 158,35.9 18,26.6 44,35.5 145,41.2 216,46.8 189,41.0 3,36.0 100,35.0 158,38.5 92,32.9 85,67.3 254,+0.42 42,Valparaiso,,,2016,R,A-N
39,P12,17,10–7 5–4,114.1 33,99.1 74,.8354 39,52.5 40,49.2 91,19.4 232,11.9 350,28.1 205,29.8 134,35.0 158,22.5 1,53.4 14,46.3 54,33.9 188,36.9 248,35.9 155,32.4 71,64.9 333,+3.0 15,Utah,3,R32,2016,R,A-N
40,ACC,15,5–10 1–8,111.5 57,96.9 46,.8327 40,47.1 244,49.7 114,17.0 80,15.4 298,35.4 24,31.2 206,33.4 208,30.1 34,46.3 212,46.3 54,32.7 236,37.1 257,29.9 284,36.6 224,68.2 204,-1.6 90,N.C. State,,,2016,R,A-N
41,Amer,14,7–7 4–5,102.9 177,89.6 1,.8319 41,44.5 319,45.3 11,17.8 114,18.7 107,34.0 38,28.7 92,29.5 288,28.1 13,41.7 338,40.6 1,32.8 232,36.4 226,37.6 111,33.5 109,63.5 343,+0.01 52,Cincinnati,9,R64,2016,R,A-N
42,A10,17,9–8 6–3,107.9 92,94.0 19,.8313 42,48.0 201,50.1 130,16.6 53,19.9 40,30.7 115,26.3 37,30.9 263,43.5 265,48.5 128,50.7 195,31.5 282,32.5 63,33.1 225,29.3 13,70.8 90,-0.47 60,VCU,10,R32,2016,R,A-N
43,B12,16,5–11 1–8,105.2 130,92.1 10,.8228 43,44.3 322,51.9 215,21.1 305,21.4 10,36.8 9,32.0 242,37.1 109,39.7 185,44.5 281,52.0 247,29.2 330,34.5 140,29.9 284,35.7 191,66.8 279,-1.0 77,Kansas St.,,,2016,R,A-N
44,P12,15,5–10 3–6,109.4 77,95.9 30,.8195 44,49.3 144,46.8 26,18.1 140,14.5 327,29.2 164,26.5 41,37.0 113,46.2 304,46.9 182,42.5 6,36.4 79,38.9 313,31.2 255,26.9 5,68.8 176,-1.8 93,California,4,R64,2016,R,A-N
45,MWC,17,12–5 8–1,103.4 170,91.0 5,.8133 45,46.3 271,43.2 1,18.6 177,19.2 73,31.3 97,26.1 32,43.3 19,40.0 190,43.8 303,42.8 7,35.0 135,29.2 8,29.1 299,38.6 283,65.7 316,+1.6 22,San Diego St.,,,2016,R,A-N
46,ACC,15,6–9 3–6,113.9 36,100.3 94,.8131 46,46.9 250,50.9 166,18.4 167,14.8 315,38.4 5,29.3 119,33.5 205,37.7 142,44.9 268,51.5 227,34.8 142,32.9 72,27.9 319,29.9 16,68.0 222,+0.04 48,Georgia Tech,,,2016,R,A-N
47,SEC,17,7–10 3–6,104.9 136,92.4 12,.8108 47,46.0 279,46.6 23,17.1 90,17.7 172,31.0 105,31.9 236,35.0 158,37.2 132,46.7 197,45.0 25,29.9 314,33.4 92,38.6 88,32.1 62,68.7 179,+0.03 50,Florida,,,2016,R,A-N
48,B10,15,8–7 6–3,114.8 26,101.3 115,.8076 48,54.4 12,52.0 222,21.4 314,17.2 201,35.8 19,30.2 154,31.3 255,29.6 27,50.8 53,50.5 191,39.9 13,36.8 245,40.0 64,32.2 67,68.5 183,-0.21 56,Indiana,5,Sweet Sixteen,2016,R,A-N
49,BW,12,10–2 7–1,107.7 94,95.2 26,.8041 49,52.7 36,45.0 7,19.9 260,17.9 158,29.4 158,25.3 16,44.7 9,42.7 252,54.3 7,46.2 48,33.5 198,28.3 3,39.1 82,33.5 109,70.5 96,+1.7 20,Hawaii,13,R32,2016,R,A-N
50,BE,14,8–6 4–5,110.2 65,97.6 53,.8021 50,52.0 50,50.2 133,20.5 288,17.4 189,22.8 329,31.1 203,45.7 6,34.3 76,52.4 26,48.4 115,34.0 178,36.1 214,27.1 328,31.9 57,70.9 84,+1.8 19,Marquette,,,2016,R,A-N
51,ACC,16,7–9 4–5,117.9 11,104.4 180,.8010 51,52.5 40,50.4 140,16.4 43,13.2 341,32.8 61,34.9 310,28.0 318,27.8 12,50.5 65,48.0 103,37.7 41,36.5 227,33.2 223,34.9 149,65.2 328,+0.6 38,Notre Dame,6,Elite Eight,2016,R,A-N
52,SEC,15,9–6 4–5,107.6 96,95.9 32,.7903 52,48.6 174,49.9 118,21.6 318,21.2 14,37.2 8,29.5 126,36.3 129,44.3 285,45.0 261,46.2 48,38.4 27,36.6 232,28.6 307,42.7 341,69.2 158,+0.43 41,South Carolina,,,2016,R,A-N
53,AE,16,11–5 7–1,104.9 134,93.7 17,.7865 53,51.1 75,46.8 26,17.5 104,18.9 95,33.1 58,23.5 6,29.0 301,30.0 31,50.9 47,45.9 37,34.3 160,32.4 56,29.4 294,32.6 73,69.1 162,-1.1 78,Stony Brook,13,R64,2016,R,A-N
54,BE,15,6–9 4–5,112.5 47,100.5 97,.7856 54,51.1 75,51.7 205,15.7 20,17.2 201,23.9 311,28.0 73,35.6 144,36.6 121,49.5 93,49.3 143,35.6 112,37.5 270,39.2 80,33.9 119,71.6 60,-0.7 68,Creighton,,,2016,R,A-N
55,B10,14,6–8 3–6,112.1 51,100.1 91,.7855 55,51.4 69,48.2 61,16.2 35,14.7 322,27.4 225,29.8 134,23.9 347,36.2 109,48.9 114,46.0 43,36.6 72,34.8 151,41.6 43,36.3 212,64.0 341,-0.47 61,Northwestern,,,2016,R,A-N
56,P12,15,5–10 2–7,111.6 55,99.8 85,.7841 56,49.3 144,49.9 118,17.0 80,15.1 307,31.1 101,29.1 113,32.9 220,31.7 49,46.8 189,48.4 115,36.5 76,35.3 174,31.1 258,34.5 130,73.6 16,-1.6 89,USC,8,R64,2016,R,A-N
57,Horz,20,13–7 8–1,115.0 24,102.8 145,.7839 57,52.7 36,49.2 91,16.2 35,15.6 285,32.1 72,27.3 56,39.1 62,34.6 84,48.6 122,47.8 97,40.4 10,34.6 144,34.0 201,32.9 85,73.2 23,-0.39 59,Oakland,,,2016,R,A-N
58,Amer,15,6–9 2–7,110.4 63,98.8 68,.7812 58,47.0 249,47.3 38,15.1 14,17.6 178,30.6 119,26.9 51,34.8 167,47.0 313,43.0 312,47.6 90,37.2 58,31.2 30,30.9 264,31.5 50,74.3 9,-2.8 111,Memphis,,,2016,R,A-N
59,A10,14,8–6 6–3,114.0 35,102.2 131,.7793 59,50.4 101,49.4 103,16.7 60,18.0 152,31.5 89,35.2 317,32.8 225,43.4 262,47.6 157,52.4 263,36.8 66,29.6 12,36.6 139,37.5 254,68.1 213,-0.5 63,St. Bonaventure,,,2016,R,A-N
60,CAA,14,9–5 6–3,109.3 78,98.0 58,.7792 60,52.8 32,45.4 12,19.4 232,14.5 327,31.5 89,28.5 86,35.0 158,40.8 210,50.5 65,46.8 62,37.4 50,28.9 7,41.0 51,40.5 314,67.8 234,+0.04 49,James Madison,,,2016,R,A-N
61,Ivy,15,9–6 5–2,108.4 87,97.3 51,.7776 61,50.6 93,49.4 103,16.2 35,18.5 119,27.0 237,26.5 41,32.9 220,28.6 17,48.3 134,47.4 86,35.7 108,36.1 214,42.3 38,30.2 26,69.5 143,-0.9 72,Princeton,,,2016,R,A-N
62,Ivy,15,9–6 6–1,106.5 117,95.5 28,.7774 62,50.7 91,46.4 16,20.4 283,17.0 210,37.6 7,26.2 33,36.7 121,33.3 66,50.6 62,46.8 62,34.0 178,30.4 19,28.4 313,32.1 62,67.1 263,-0.9 73,Yale,12,R32,2016,R,A-N
63,SB,19,15–4 7–3,104.4 149,93.7 18,.7763 63,50.2 109,45.1 8,16.5 45,21.4 10,25.3 283,30.8 185,35.2 152,39.2 173,48.7 121,44.0 14,35.3 123,31.1 28,35.2 165,40.1 310,64.0 341,+1.3 30,Little Rock,12,R32,2016,R,A-N
64,BW,19,11–8 6–2,109.2 80,98.0 59,.7761 64,51.4 69,47.4 40,19.2 217,17.9 158,30.4 128,27.7 69,27.7 322,42.9 253,49.8 87,49.1 135,36.3 85,30.0 15,34.9 174,41.2 322,68.1 213,-1.4 85,UC Santa Barbara,,,2016,R,A-N
65,P12,15,6–9 3–6,110.2 66,99.1 75,.7726 65,47.8 209,50.4 140,18.3 156,19.2 73,31.8 78,36.0 333,36.5 126,52.8 342,45.7 234,50.4 186,34.6 149,33.7 107,33.4 216,26.9 5,77.2 5,-0.8 69,Washington,,,2016,R,A-N
66,ACC,18,9–9 3–6,112.1 50,100.8 104,.7724 66,49.7 130,52.7 263,18.0 131,19.0 88,34.1 34,30.0 145,35.1 154,40.3 196,50.0 79,51.4 219,32.8 232,36.7 234,31.9 246,36.0 203,71.6 60,-0.16 54,Florida St.,,,2016,R,A-N
67,WCC,17,9–8 6–3,111.9 53,100.7 102,.7702 67,51.6 61,49.9 118,16.6 53,17.5 183,30.8 111,27.5 60,34.9 164,34.0 72,48.2 137,47.2 77,38.8 21,36.2 220,34.2 197,36.7 229,74.3 9,-1.4 84,BYU,,,2016,R,A-N
68,Slnd,18,13–5 9–0,110.1 67,99.2 78,.7679 68,53.6 19,49.9 118,18.1 140,24.4 1,34.3 31,31.2 206,33.2 214,44.0 279,53.4 14,48.6 121,35.9 101,35.3 174,37.4 117,31.7 55,68.5 183,-1.4 83,Stephen F. Austin,14,R32,2016,R,A-N
69,B10,16,6–10 3–6,111.7 54,100.7 101,.7678 69,50.6 93,51.9 215,16.9 70,17.3 195,29.7 150,28.4 83,27.1 331,42.3 243,50.0 79,47.7 93,34.7 147,39.4 328,29.6 290,36.7 229,68.4 194,-0.9 74,Nebraska,,,2016,R,A-N
70,P12,16,7–9 2–7,109.7 74,99.2 77,.7602 70,50.2 109,51.4 186,17.1 90,18.3 131,26.1 269,32.0 242,37.1 109,45.0 293,44.3 287,51.2 208,41.1 7,34.5 140,34.2 197,39.2 295,68.1 213,-0.32 57,Oregon St.,7,R64,2016,R,A-N
71,B12,14,5–9 3–6,113.0 43,102.2 133,.7596 71,47.8 209,51.5 193,18.0 131,17.0 210,32.4 68,33.8 284,37.9 90,33.1 63,46.4 208,47.9 99,34.1 174,38.3 300,29.1 299,37.1 241,66.0 310,-0.9 71,Texas Tech,8,R64,2016,R,A-N
72,MVC,20,11–9 4–5,109.0 82,98.8 70,.7555 72,53.5 21,49.2 91,16.1 32,19.2 73,17.0 351,31.0 196,29.4 290,24.5 3,50.8 53,49.1 135,38.0 34,32.9 72,42.4 35,39.9 304,62.8 346,-1.5 87,Northern Iowa,11,R32,2016,R,A-N
73,Amer,13,7–6 6–3,116.6 17,105.9 212,.7509 73,53.2 28,48.9 83,16.2 35,18.1 144,34.2 33,35.5 322,30.7 267,35.8 101,50.8 53,50.7 195,38.9 19,30.4 19,32.5 235,35.6 186,66.3 298,-0.9 75,Houston,,,2016,R,A-N
74,SEC,14,5–9 3–6,108.5 86,98.8 69,.7443 74,46.5 262,47.2 35,19.4 232,14.4 331,32.0 75,31.3 211,42.3 27,48.3 323,43.9 298,43.2 9,35.0 135,36.0 208,30.0 282,37.2 244,68.7 179,-0.8 70,Georgia,,,2016,R,A-N
75,ACC,14,4–10 3–6,113.2 41,103.2 152,.7439 75,49.9 123,52.5 250,16.1 32,17.4 189,29.3 162,32.2 246,28.6 307,36.2 109,50.1 77,50.8 199,33.1 220,37.3 265,41.2 47,33.1 95,64.6 335,-2.9 117,Clemson,,,2016,R,A-N
76,MVC,18,12–6 6–3,107.0 105,97.6 52,.7415 76,52.4 46,46.8 26,17.7 110,17.5 183,21.6 340,25.2 14,41.9 30,30.9 42,52.4 26,45.3 27,35.0 135,33.5 96,25.8 339,30.6 32,68.2 204,-0.04 53,Evansville,,,2016,R,A-N
77,Amer,18,10–8 6–3,107.6 97,98.4 62,.7370 77,47.4 231,46.3 15,14.3 4,15.0 309,27.9 212,30.4 166,26.2 339,31.0 43,43.1 311,45.9 37,36.6 72,31.5 32,36.0 150,32.0 59,66.6 286,-0.48 62,Temple,10,R64,2016,R,A-N
78,SEC,18,8–10 3–6,110.5 61,101.2 113,.7339 78,47.6 223,51.1 178,17.6 108,20.2 32,34.1 34,32.8 263,34.8 167,40.3 196,43.9 298,49.5 156,35.7 108,35.9 202,38.4 96,37.9 264,68.1 213,-2.1 100,Mississippi,,,2016,R,A-N
79,CAA,16,8–8 5–4,114.4 29,105.0 193,.7293 79,54.5 11,52.3 240,16.9 70,15.9 271,26.0 272,28.2 79,38.7 71,28.1 13,54.3 7,51.9 242,36.6 72,35.1 161,37.4 117,43.0 343,68.5 183,-2.2 106,William & Mary,,,2016,R,A-N
80,A10,16,9–7 5–4,110.0 70,101.1 111,.7258 80,49.2 147,50.2 133,18.3 156,17.4 189,33.5 51,28.9 103,37.5 99,29.3 24,45.3 248,48.6 121,37.8 39,35.6 188,34.5 190,34.3 127,66.6 286,-1.0 76,George Washington,,,2016,R,A-N
81,ACC,15,6–9 3–6,106.9 106,98.4 63,.7224 81,48.9 163,52.3 240,19.6 243,16.8 221,27.4 225,31.9 236,44.6 11,37.0 125,48.8 117,54.8 328,32.8 232,31.8 39,28.5 311,35.0 155,70.7 91,-0.38 58,Virginia Tech,,,2016,R,A-N
82,MAAC,23,17–6 8–2,107.1 101,98.6 66,.7209 82,49.8 126,46.8 26,16.6 53,19.9 40,28.7 183,31.3 211,40.9 39,38.5 159,46.3 212,45.2 26,37.7 41,32.7 69,34.1 200,41.9 331,73.1 25,+0.22 46,Monmouth,,,2016,R,A-N
83,CAA,17,12–5 7–2,108.0 91,99.6 82,.7181 83,50.1 116,47.6 44,15.6 18,19.9 40,31.1 101,26.9 51,31.9 246,61.4 350,50.8 53,45.4 29,32.5 243,35.1 161,31.0 261,30.8 39,71.6 60,+0.05 47,UNC Wilmington,13,R64,2016,R,A-N
84,SEC,18,8–10 3–6,104.7 139,96.6 41,.7173 84,49.0 160,46.4 16,20.9 300,16.3 252,26.0 272,36.0 333,37.6 96,43.7 272,47.5 159,43.8 12,34.0 178,34.1 124,44.2 20,35.3 165,66.5 291,+0.46 39,Alabama,,,2016,R,A-N
85,ACC,16,5–11 0–9,107.1 102,98.9 71,.7144 85,48.9 163,48.2 61,20.0 267,14.6 324,32.1 72,33.8 284,39.1 62,42.0 234,49.0 107,47.2 77,32.5 243,33.8 114,32.7 231,30.0 19,72.7 36,-1.5 88,Wake Forest,,,2016,R,A-N
86,P12,18,8–10 2–7,103.7 164,96.0 35,.7081 86,46.4 268,47.4 40,18.7 185,14.8 315,33.7 47,23.2 5,34.5 176,40.4 200,42.4 328,45.8 35,36.3 85,34.1 124,33.5 212,28.8 11,70.0 116,-1.8 92,Colorado,8,R64,2016,R,A-N
87,MAAC,19,11–8 8–2,109.6 75,101.6 121,.7053 87,52.5 40,48.3 65,18.0 131,18.8 100,30.2 134,31.8 232,33.8 197,38.4 157,49.6 91,47.3 84,37.5 44,33.3 89,42.8 30,35.9 194,72.9 33,-2.2 103,Iona,13,R64,2016,R,A-N
88,P12,15,4–11 2–7,111.4 58,103.3 154,.7045 88,47.9 204,52.5 250,17.3 95,15.7 280,33.4 53,33.0 270,31.5 251,40.2 193,46.8 189,51.6 231,34.0 178,36.1 214,25.4 345,38.4 277,69.6 138,-2.2 105,UCLA,,,2016,R,A-N
89,MWC,16,6–10 4–5,106.4 120,99.0 72,.6979 89,51.7 57,52.5 250,17.6 108,19.8 49,22.7 331,26.2 33,39.3 61,43.0 255,53.0 17,53.0 282,33.2 212,34.4 134,42.0 40,38.8 289,70.1 111,-3.6 132,Boise St.,,,2016,R,A-N
90,Ivy,13,7–6 5–2,114.2 32,106.2 216,.6977 90,53.6 19,54.7 317,15.3 15,19.8 49,26.7 247,27.8 71,40.3 46,40.3 196,52.6 22,54.3 316,36.5 76,36.7 234,45.4 13,41.1 320,66.1 306,-1.7 91,Columbia,,,2016,R,A-N
91,Sum,20,13–7 4–4,109.2 79,101.6 120,.6976 91,50.2 109,48.4 68,17.9 119,16.8 221,32.4 68,26.4 39,39.7 54,41.1 215,48.1 140,46.1 46,35.7 108,35.4 180,38.4 96,32.9 85,70.1 111,-2.2 102,South Dakota St.,12,R64,2016,R,A-N
92,MAC,19,11–8 4–5,108.4 88,100.9 105,.6954 92,53.2 28,47.8 50,17.9 119,15.6 285,27.1 233,29.5 126,26.2 339,36.4 117,50.5 65,47.8 97,37.3 54,31.9 44,49.2 4,32.9 85,68.0 222,-2.2 104,Akron,,,2016,R,A-N
93,A10,16,7–9 4–5,113.6 37,106.1 215,.6876 93,53.8 18,52.6 256,14.9 12,18.0 152,22.4 334,34.8 308,35.8 139,37.0 125,52.0 31,52.0 247,37.9 38,36.0 208,37.1 125,30.7 35,68.1 213,-1.2 80,Richmond,,,2016,R,A-N
94,BW,21,9–12 5–3,112.0 52,104.6 183,.6875 94,51.6 61,53.4 278,16.9 70,17.4 189,26.2 266,29.7 132,34.0 194,38.3 155,48.5 128,51.3 214,37.7 41,38.0 289,38.6 88,35.5 179,71.0 79,-2.8 110,Long Beach St.,,,2016,R,A-N
95,CAA,20,13–7 7–2,112.5 48,105.1 197,.6850 95,51.5 64,50.5 149,16.6 53,15.5 293,31.5 89,30.8 185,41.1 37,25.7 6,48.8 117,48.3 114,37.0 62,36.7 234,39.3 74,32.8 81,69.4 149,-0.7 67,Hofstra,,,2016,R,A-N
96,SEC,15,3–12 3–6,107.0 104,100.0 89,.6837 96,45.9 281,50.6 152,16.2 35,19.0 88,29.2 164,31.7 228,33.2 214,46.5 307,42.8 316,49.3 143,36.4 79,35.5 184,25.8 339,33.3 103,69.9 123,-4.5 160,Arkansas,,,2016,R,A-N
97,BW,20,13–7 7–1,104.4 146,97.7 55,.6829 97,48.3 189,47.8 50,18.0 131,17.9 158,30.4 128,28.1 76,37.0 113,31.7 49,47.0 176,43.2 9,34.2 168,36.9 248,30.4 277,37.4 251,67.2 258,+0.02 51,UC Irvine,,,2016,R,A-N
98,SEC,15,3–12 2–7,109.0 83,102.2 134,.6764 98,50.4 101,52.6 256,18.3 156,18.1 144,26.9 240,32.8 263,27.7 322,44.7 289,50.4 70,52.0 247,33.5 198,35.9 202,36.5 142,34.6 134,71.6 60,-4.2 150,Mississippi St.,,,2016,R,A-N
99,MVC,16,10–6 5–4,105.9 124,99.4 81,.6731 99,50.4 101,51.2 181,19.8 255,19.9 40,31.7 83,22.1 2,35.1 154,45.7 299,49.8 87,54.7 323,34.4 155,29.8 13,32.6 234,34.7 139,70.4 99,-1.2 79,Southern Illinois,,,2016,R,A-N
100,WAC,17,10–7 5–2,101.9 197,95.9 31,.6684 100,47.2 239,46.5 20,17.9 119,21.1 17,33.2 57,29.3 119,36.6 123,43.8 274,46.3 212,42.8 7,33.2 212,35.6 188,26.6 333,34.4 129,68.5 183,-3.0 121,Cal St. Bakersfield,15,R64,2016,R,A-N
101,B10,14,6–8 4–5,104.6 143,98.4 64,.6684 101,47.7 215,50.6 152,19.3 227,16.1 261,28.7 183,30.8 185,32.3 234,34.8 87,46.0 223,49.1 135,34.4 155,35.6 188,31.1 258,36.8 232,69.3 153,+0.24 44,Ohio St.,,,2016,R,A-N
102,B12,16,4–12 0–9,105.4 128,99.2 79,.6673 102,46.7 259,47.3 38,19.6 243,15.4 298,28.2 202,34.1 291,39.1 62,42.2 239,45.8 229,45.3 27,32.2 254,33.8 114,35.2 165,36.6 224,65.7 316,-3.5 129,Oklahoma St.,,,2016,R,A-N
103,SEC,18,3–15 1–8,110.0 71,103.6 165,.6665 103,46.2 274,51.1 178,15.0 13,16.8 221,30.3 131,36.6 340,30.1 278,40.7 205,45.4 244,51.4 219,31.7 276,33.7 107,37.8 107,33.5 109,69.8 130,-5.6 196,Tennessee,,,2016,R,A-N
104,MWC,14,3–11 1–8,99.8 232,94.2 20,.6611 104,48.3 189,47.5 43,20.3 281,19.2 73,26.6 249,31.4 217,34.5 176,42.1 237,49.1 102,46.0 43,31.3 286,33.7 107,36.7 135,32.3 69,73.7 14,-4.6 167,UNLV,,,2016,R,A-N
105,Amer,16,8–8 4–5,110.3 64,104.1 176,.6608 105,50.1 116,49.2 91,15.7 20,18.9 95,26.7 247,33.7 282,42.7 22,41.6 226,50.8 53,47.1 70,32.5 243,35.3 174,34.9 174,36.4 217,70.0 116,-1.3 81,Tulsa,11,R68,2016,R,A-N
106,SB,18,10–8 5–5,105.7 126,99.9 87,.6569 106,47.4 231,49.4 103,19.2 217,19.3 67,36.4 14,27.2 54,33.8 197,48.7 327,49.0 107,47.7 93,30.2 306,34.4 134,41.4 45,42.2 337,72.8 35,-2.8 112,UT Arlington,,,2016,R,A-N
107,CUSA,18,12–6 6–3,102.0 196,96.7 43,.6482 107,50.8 87,47.8 50,17.9 119,18.8 100,26.9 240,25.6 22,36.7 121,43.9 277,47.1 172,47.2 77,38.4 27,32.6 65,34.6 187,34.9 149,68.5 183,-1.3 82,Middle Tennessee,15,R32,2016,R,A-N
108,CAA,18,10–8 6–3,106.1 122,100.6 100,.6478 108,52.0 50,50.4 140,19.2 217,16.6 232,26.5 255,29.7 132,37.8 94,27.6 9,49.9 84,49.7 165,36.4 79,34.7 148,44.3 19,32.9 85,65.3 327,-2.1 101,Northeastern,,,2016,R,A-N
109,SEC,15,4–11 3–6,103.8 161,98.5 65,.6475 109,45.8 284,51.4 186,18.1 140,17.9 158,29.4 158,30.8 185,35.0 158,38.4 157,46.9 182,52.0 247,28.9 332,33.5 96,33.0 226,34.8 145,73.8 13,-2.8 113,LSU,,,2016,R,A-N
110,B10,17,7–10 2–7,106.6 115,101.3 114,.6422 110,48.9 163,53.2 275,15.4 17,18.4 124,23.0 325,28.9 103,27.7 322,28.8 18,45.9 226,51.3 214,35.9 101,37.5 270,37.2 122,38.1 269,67.1 263,-2.0 96,Illinois,,,2016,R,A-N
111,MWC,17,10–7 5–4,106.2 121,101.1 110,.6398 111,48.2 193,48.9 83,14.8 11,20.2 32,30.5 123,30.8 185,34.1 189,49.7 331,45.4 244,49.3 143,36.1 94,32.3 52,31.6 250,40.2 311,69.1 162,-0.7 65,Fresno St.,14,R64,2016,R,A-N
112,CUSA,16,10–6 7–2,106.8 108,102.0 126,.6295 112,52.0 50,49.3 99,17.9 119,18.6 113,29.7 150,31.6 225,27.5 328,31.9 54,51.7 33,48.8 128,35.1 130,33.4 92,35.4 161,34.8 145,68.9 169,-2.0 97,UAB,,,2016,R,A-N
113,Horz,19,10–9 4–5,110.8 60,105.8 211,.6288 113,53.5 21,52.3 240,17.1 90,14.7 322,26.1 269,26.2 33,32.6 231,29.6 27,52.1 30,49.7 165,36.9 65,38.7 308,44.7 18,31.1 42,66.6 286,-3.8 139,Milwaukee,,,2016,R,A-N
114,A10,15,6–9 3–6,107.7 95,103.4 156,.6143 114,51.4 69,50.2 133,17.9 119,14.6 324,27.4 225,28.5 86,29.4 290,41.7 229,51.5 37,44.7 18,34.2 168,39.3 326,41.2 47,38.8 289,72.4 41,-2.9 116,Duquesne,,,2016,R,A-N
115,SC,19,15–4 7–2,102.3 191,98.2 61,.6135 115,48.4 183,50.6 152,19.9 260,20.6 25,33.5 51,29.4 123,39.6 57,33.1 63,45.9 226,52.5 265,35.1 130,31.5 32,36.0 150,37.4 251,66.5 291,+0.9 36,Chattanooga,12,R64,2016,R,A-N
116,MAC,16,7–9 4–5,113.4 39,109.0 271,.6124 116,55.5 9,52.6 256,16.9 70,14.1 333,23.5 318,29.1 113,28.7 306,37.6 138,51.4 40,49.4 151,41.0 8,39.0 317,40.4 55,35.1 157,70.1 111,-4.5 163,Ohio,,,2016,R,A-N
117,Sum,18,9–9 4–4,109.7 72,105.5 204,.6110 117,52.4 46,52.5 250,15.8 25,19.8 49,25.8 277,30.7 181,40.7 40,43.5 265,54.1 10,52.1 254,32.1 258,35.4 180,28.6 307,34.3 127,76.6 6,-4.6 165,Nebraska Omaha,,,2016,R,A-N
118,AE,19,9–10 6–2,107.4 99,103.4 159,.6079 118,53.5 21,50.4 140,20.0 267,16.4 244,28.3 199,28.1 76,37.1 109,41.4 220,50.4 70,47.9 99,40.2 12,36.7 234,31.0 261,33.9 119,68.7 179,-4.3 152,Vermont,,,2016,R,A-N
119,P12,15,4–11 1–8,105.3 129,101.5 118,.6048 119,44.9 302,54.0 296,16.3 41,16.9 217,30.8 111,26.8 47,32.8 225,43.4 262,44.4 285,53.2 287,30.5 300,37.1 257,37.1 125,35.5 179,67.7 237,-2.5 108,Arizona St.,,,2016,R,A-N
120,CUSA,18,9–9 7–2,104.7 138,101.1 109,.6014 120,45.6 287,48.5 74,14.4 5,15.5 293,35.0 27,25.0 12,25.3 343,38.7 165,45.7 234,48.5 119,30.2 306,32.3 52,23.5 350,36.4 217,62.1 348,-3.5 130,Old Dominion,,,2016,R,A-N
121,A10,16,5–11 2–7,111.6 56,107.8 251,.5982 121,47.9 204,53.3 276,12.7 1,14.8 315,26.8 245,31.8 232,29.4 290,31.0 43,46.8 189,54.5 320,33.0 225,34.1 124,42.7 31,35.4 174,70.4 99,-3.5 128,Davidson,,,2016,R,A-N
122,Pat,18,13–5 6–3,100.2 227,96.9 45,.5940 122,50.8 87,47.6 44,20.3 281,20.2 32,31.5 89,25.3 16,42.4 25,38.1 151,51.6 36,47.6 90,32.4 249,31.6 35,25.6 342,41.4 326,66.4 295,-1.9 95,Navy,,,2016,R,A-N
123,ASun,17,8–9 4–3,114.7 27,111.0 301,.5932 123,56.4 4,51.8 210,16.6 53,13.4 340,24.6 295,34.8 308,27.2 330,29.2 21,50.9 47,52.8 273,41.6 6,32.6 65,47.1 7,25.4 2,71.3 70,-3.6 133,North Florida,,,2016,R,A-N
124,A10,15,4–11 2–7,105.0 132,101.7 123,.5912 124,47.3 237,50.9 166,18.4 167,18.4 124,31.8 78,27.2 54,33.0 218,46.8 309,46.9 182,47.1 70,32.2 254,39.9 335,31.4 252,29.9 16,65.0 332,-4.5 161,Rhode Island,,,2016,R,A-N
125,MWC,16,5–11 4–5,106.9 107,103.5 162,.5911 125,49.6 132,49.8 116,21.3 309,16.6 232,29.2 164,31.9 236,39.6 57,37.3 134,46.6 200,51.4 219,37.4 50,31.7 37,30.8 267,40.0 307,71.0 79,-4.8 176,New Mexico,,,2016,R,A-N
126,OVC,19,9–10 5–3,111.3 59,108.3 259,.5793 126,56.8 3,49.3 99,19.8 255,15.7 280,26.1 269,32.6 258,32.0 245,35.3 95,63.4 1,48.1 107,33.5 198,34.4 134,50.3 3,32.9 85,72.4 41,-4.8 175,Belmont,,,2016,R,A-N
127,MAC,19,10–9 5–4,105.6 127,102.8 144,.5772 127,48.2 193,50.6 152,19.9 260,16.4 244,34.0 38,27.6 67,39.7 54,42.3 243,46.4 208,48.1 107,34.2 168,36.7 234,37.4 117,35.6 186,73.0 29,-2.0 98,Buffalo,14,R64,2016,R,A-N
128,MWC,17,6–11 2–7,108.9 85,106.0 214,.5761 128,48.5 181,50.5 149,17.9 119,12.9 346,31.8 78,25.3 16,39.6 57,39.5 178,46.1 220,53.3 291,34.5 152,30.6 24,42.4 35,38.1 269,69.7 135,-5.6 195,Colorado St.,,,2016,R,A-N
129,WAC,16,8–8 6–1,99.4 242,97.0 48,.5717 129,49.2 147,46.6 23,22.4 337,16.0 268,33.0 59,26.0 30,40.7 40,30.1 34,48.5 128,43.8 12,33.9 188,35.1 161,26.4 335,31.4 48,65.1 330,-3.0 120,New Mexico St.,,,2016,R,A-N
130,BSth,19,11–8 5–4,100.3 224,97.9 56,.5693 130,48.6 174,48.7 78,18.5 174,21.5 7,29.8 148,27.9 72,43.4 18,32.1 55,49.2 99,52.5 265,31.6 278,27.7 1,31.1 258,34.8 145,72.4 41,-3.8 138,UNC Asheville,15,R64,2016,R,A-N
131,Horz,21,12–9 4–5,106.6 116,104.1 174,.5681 131,49.5 138,50.4 140,16.6 53,20.6 25,30.2 134,33.6 280,44.0 15,37.2 132,47.8 152,49.2 142,35.5 119,35.2 167,30.4 277,33.7 115,78.7 3,-2.8 114,Green Bay,14,R64,2016,R,A-N
132,MAC,17,8–9 4–5,106.8 109,104.5 182,.5618 132,51.9 55,52.9 270,18.0 131,17.2 201,26.6 249,24.8 11,31.6 250,29.3 24,52.6 22,47.1 70,33.8 191,42.1 349,38.2 102,36.3 212,69.8 130,-5.0 179,Toledo,,,2016,R,A-N
133,A10,16,5–11 2–7,104.3 152,102.1 129,.5597 133,47.7 215,49.1 87,17.0 80,16.5 238,24.9 291,30.6 173,35.1 154,41.8 231,46.5 203,49.4 151,33.2 212,32.4 56,38.5 92,37.2 244,71.7 58,-4.2 149,Massachusetts,,,2016,R,A-N
134,MWC,15,6–9 3–6,109.2 81,107.0 232,.5586 134,50.2 109,52.3 240,16.8 66,16.7 227,28.8 180,31.1 203,28.3 312,34.5 80,45.5 240,50.8 199,38.5 24,36.5 227,38.4 96,37.8 259,67.5 246,-3.1 122,Utah St.,,,2016,R,A-N
135,WCC,18,8–10 4–5,104.4 147,102.4 136,.5569 135,48.6 174,51.4 186,16.5 45,16.2 256,28.0 207,29.2 115,41.4 35,31.3 46,47.9 146,51.6 231,33.8 191,34.0 121,26.3 336,34.5 130,69.2 158,-4.0 148,Pepperdine,,,2016,R,A-N
136,AE,17,10–7 5–3,104.3 153,102.2 132,.5565 136,47.9 204,48.8 81,19.0 202,17.8 167,36.5 12,28.0 73,44.2 13,27.6 9,48.6 122,52.6 268,30.9 296,28.6 6,29.7 287,38.9 291,66.8 279,-3.8 137,Albany,,,2016,R,A-N
137,WAC,14,10–4 5–2,103.7 167,101.9 124,.5512 137,48.5 181,49.2 91,17.0 80,18.3 131,28.4 195,28.7 92,42.6 23,36.0 105,46.7 197,50.4 186,35.4 122,31.5 32,27.5 324,37.8 259,71.2 74,+0.23 45,Grand Canyon,,,2016,R,A-N
138,Sum,19,11–8 5–3,106.8 114,105.1 196,.5459 138,52.7 36,52.0 222,18.9 197,16.4 244,26.5 255,28.9 103,32.6 231,33.7 68,45.8 229,51.0 203,40.4 10,36.0 208,46.5 9,33.5 109,69.9 123,-2.5 107,Purdue Fort Wayne,,,2016,R,A-N
139,MWC,17,7–10 4–5,98.7 255,97.2 50,.5446 139,43.8 331,46.4 16,18.7 185,17.4 189,28.8 180,30.6 173,42.4 25,43.7 272,44.4 285,45.7 34,28.2 339,31.8 39,28.5 311,34.1 125,73.7 14,-3.7 136,Nevada,,,2016,R,A-N
140,CAA,16,7–9 3–6,98.4 259,97.0 47,.5432 140,49.1 155,50.7 159,19.7 251,20.6 25,29.9 143,25.9 28,30.0 280,45.6 297,48.6 122,50.6 194,33.3 209,33.9 118,33.3 221,35.9 194,65.5 321,-3.9 142,Charleston,,,2016,R,A-N
141,P12,13,3–10 2–7,103.8 162,102.5 138,.5371 141,43.9 329,53.5 280,19.0 202,18.7 107,31.5 89,35.2 317,40.1 48,50.0 333,46.3 212,51.4 219,25.9 350,38.0 289,32.8 229,38.1 269,67.0 270,-2.1 99,Stanford,,,2016,R,A-N
142,BSth,16,9–7 7–2,106.8 110,105.5 205,.5341 142,49.5 138,51.8 210,15.7 20,19.8 49,30.2 134,31.9 236,37.7 95,33.8 69,46.5 203,52.2 255,38.3 30,34.2 128,27.3 326,38.5 279,66.8 279,-3.2 123,High Point,,,2016,R,A-N
143,BSky,20,13–7 6–3,103.3 171,102.1 130,.5338 143,55.8 8,49.3 99,21.6 318,15.8 276,26.9 240,25.5 21,45.2 8,29.5 26,54.3 7,47.2 77,38.5 24,36.0 208,43.7 23,30.1 22,67.1 263,-3.3 125,Weber St.,15,R64,2016,R,A-N
144,SB,17,5–12 4–6,106.8 113,105.7 209,.5284 144,46.4 268,51.6 198,17.8 114,15.6 285,36.3 16,26.8 47,39.0 67,41.0 212,47.3 165,48.4 115,29.8 319,39.3 326,33.4 216,30.1 22,72.2 47,-6.4 212,Louisiana,,,2016,R,A-N
145,NEC,16,10–6 7–2,104.4 148,103.5 163,.5251 145,48.8 167,47.6 44,18.8 190,20.7 22,38.3 6,28.9 103,29.1 297,44.9 291,45.5 240,46.7 61,37.4 50,33.0 75,30.4 277,31.8 56,66.3 298,-3.2 124,Wagner,,,2016,R,A-N
146,SB,15,4–11 2–8,96.9 291,96.1 38,.5244 146,46.9 250,48.9 83,17.8 114,23.2 4,22.6 333,28.8 98,33.2 214,41.6 226,45.2 252,47.9 99,34.6 149,33.5 96,25.5 344,42.8 342,66.5 291,-6.9 228,Georgia St.,,,2016,R,A-N
147,MAAC,17,8–9 5–5,105.7 125,104.9 189,.5208 147,50.4 101,47.7 48,21.6 318,16.5 238,38.6 2,29.9 141,37.3 105,43.3 261,48.1 140,46.9 67,37.5 44,32.9 72,28.8 306,34.2 126,70.6 94,-4.7 169,Siena,,,2016,R,A-N
148,Pat,16,7–9 7–2,103.7 165,103.1 150,.5157 148,51.7 57,50.9 166,19.0 202,18.4 124,28.7 183,28.2 79,30.1 278,30.6 37,48.2 137,50.1 180,38.8 21,34.9 152,34.3 196,38.3 275,69.3 153,-4.5 162,Lehigh,,,2016,R,A-N
149,MVC,16,5–11 4–5,101.7 202,101.5 119,.5069 149,45.6 287,49.9 118,18.1 140,19.1 85,29.2 164,27.5 60,28.9 302,46.3 305,45.0 261,49.5 156,31.2 289,33.6 102,35.6 159,37.7 255,69.4 149,-4.6 166,Illinois St.,,,2016,R,A-N
150,CAA,17,8–9 5–4,104.7 141,104.5 181,.5050 150,50.2 109,50.4 140,16.7 60,15.6 285,26.6 249,30.6 173,26.9 332,31.8 53,52.9 18,48.1 107,31.3 286,37.1 257,45.0 16,31.2 44,71.2 74,-2.7 109,Elon,,,2016,R,A-N
151,OVC,17,7–10 4–4,104.0 158,103.8 170,.5039 151,46.5 262,52.4 249,18.4 167,20.4 30,36.8 9,30.2 154,35.9 137,54.2 346,42.4 328,53.2 287,38.3 30,34.0 121,27.8 322,35.9 194,66.0 310,-5.1 185,Morehead St.,,,2016,R,A-N
152,MAC,16,4–12 4–5,110.4 62,110.3 294,.5026 152,49.0 160,53.8 289,13.2 2,15.7 280,27.5 222,30.9 193,29.4 290,37.0 125,49.1 102,52.3 257,32.6 239,37.5 270,48.2 6,35.9 194,66.6 286,-7.2 238,Central Michigan,,,2016,R,A-N
153,BSth,15,7–8 5–4,103.5 168,103.4 157,.5015 153,49.8 126,48.3 65,20.2 276,14.9 312,30.0 142,29.3 119,38.2 86,35.2 93,49.3 98,47.4 86,33.8 191,33.1 81,36.6 139,38.5 279,67.5 246,-4.5 159,Coastal Carolina,,,2016,R,A-N
154,CUSA,19,7–12 5–4,110.1 68,110.3 293,.4962 154,53.4 25,53.7 287,17.0 80,15.9 271,27.5 222,33.0 270,29.4 290,42.2 239,56.3 3,51.7 240,33.2 212,39.0 317,44.8 17,30.1 22,77.8 4,-5.9 206,Marshall,,,2016,R,A-N
155,CUSA,18,6–12 3–6,109.7 73,109.9 285,.4955 155,52.8 32,53.6 283,19.3 227,13.1 344,34.7 29,28.7 92,37.1 109,34.5 80,53.9 12,52.9 279,33.8 191,36.6 232,33.4 216,36.1 207,68.5 183,-6.7 222,Western Kentucky,,,2016,R,A-N
156,MAAC,17,8–9 5–5,103.1 175,103.4 155,.4943 156,50.6 93,48.9 83,18.3 156,19.9 40,23.0 325,37.6 346,33.6 200,34.3 76,47.9 146,50.4 186,36.3 85,30.6 24,42.4 35,33.1 95,73.1 25,-4.0 146,Fairfield,,,2016,R,A-N
157,MAC,14,7–7 5–4,102.4 186,102.6 141,.4937 157,53.1 30,48.1 60,21.1 305,16.3 252,25.4 281,25.1 13,38.3 82,44.2 283,50.9 47,44.8 22,37.5 44,36.3 222,40.3 59,34.6 134,67.6 241,-3.9 141,Ball St.,,,2016,R,A-N
158,MWC,16,4–12 2–7,105.9 123,106.2 217,.4920 158,52.0 50,49.6 111,17.7 110,16.2 256,17.9 349,32.7 260,48.5 2,40.7 205,48.6 122,51.6 231,36.8 66,30.9 27,52.4 1,37.9 264,66.1 306,-6.7 224,Wyoming,,,2016,R,A-N
159,B12,15,3–12 0–9,99.6 236,100.1 90,.4879 159,43.8 331,52.2 235,22.0 331,18.7 107,29.8 148,34.4 298,40.5 44,43.6 267,41.6 339,52.8 273,32.5 243,34.1 124,30.6 271,35.2 161,68.9 169,-2.9 119,TCU,,,2016,R,A-N
160,Ivy,17,6–11 2–5,98.8 252,99.3 80,.4852 160,51.0 82,48.4 68,22.0 331,18.5 119,28.2 202,30.4 166,27.6 327,36.2 109,45.8 229,48.0 103,39.9 13,32.8 70,36.3 145,35.6 186,67.4 252,-5.0 180,Harvard,,,2016,R,A-N
161,Amer,16,4–12 3–6,103.8 160,104.6 184,.4798 161,47.2 239,50.4 140,18.8 190,17.6 178,28.9 176,35.5 322,28.0 318,29.0 20,43.9 298,54.0 310,34.9 139,30.1 16,38.9 85,39.8 303,67.8 234,-4.9 177,East Carolina,,,2016,R,A-N
162,MVC,15,5–10 4–5,97.2 286,97.9 57,.4790 162,46.0 279,50.6 152,18.3 156,22.3 6,23.4 320,28.8 98,26.6 336,42.4 248,42.8 316,51.7 240,34.8 142,32.3 52,33.7 209,32.9 85,66.1 306,-4.4 157,Loyola Chicago,,,2016,R,A-N
163,Pat,15,9–6 7–2,106.8 111,107.7 245,.4763 163,52.5 40,50.9 166,18.6 177,17.7 172,28.3 199,28.7 92,44.6 11,41.9 233,50.7 60,51.0 203,37.2 58,33.8 114,34.4 192,34.9 149,70.9 84,-2.9 118,Bucknell,,,2016,R,A-N
164,B10,17,5–12 2–8,99.9 230,100.8 103,.4758 164,44.6 314,50.0 128,16.6 53,16.4 244,28.7 183,28.9 103,28.2 315,44.6 288,44.6 279,46.4 57,29.7 321,37.7 281,36.2 148,35.7 191,67.1 263,-3.8 140,Penn St.,,,2016,R,A-N
165,ASun,16,8–8 4–3,102.5 184,103.4 160,.4745 165,50.6 93,50.3 137,18.6 177,19.9 40,25.5 278,35.6 325,34.3 181,38.6 161,47.1 172,51.4 219,36.8 66,32.4 56,44.2 20,41.9 331,70.3 105,-3.4 126,NJIT,,,2016,R,A-N
166,OVC,15,7–8 4–4,100.5 221,101.4 116,.4725 166,48.7 169,49.9 118,17.4 99,19.9 40,29.1 169,29.9 141,40.2 47,44.1 281,49.0 107,46.8 62,32.0 260,36.3 222,29.1 299,40.3 313,68.2 204,-4.7 171,Tennessee St.,,,2016,R,A-N
167,Sum,15,7–8 3–5,104.1 155,105.2 198,.4716 167,57.2 1,51.9 215,22.1 334,21.2 14,21.8 337,31.0 196,35.8 139,42.3 243,52.8 19,49.3 143,42.5 3,37.8 284,39.9 65,35.5 179,61.5 350,-4.3 155,Denver,,,2016,R,A-N
168,Horz,20,9–11 5–4,98.2 263,99.2 76,.4709 168,49.6 132,49.5 108,16.2 35,19.6 58,18.2 348,26.9 51,28.5 309,51.8 340,46.2 218,48.6 121,37.2 58,34.2 128,35.3 163,34.7 139,65.4 325,-5.2 188,Wright St.,,,2016,R,A-N
169,Pat,18,12–6 6–3,100.9 216,102.0 125,.4688 169,51.5 64,49.1 87,20.1 273,16.7 227,30.7 115,26.6 44,31.0 262,32.6 59,50.1 77,48.0 103,35.6 112,34.5 140,43.0 26,28.7 10,74.0 12,-2.9 115,Army,,,2016,R,A-N
170,WCC,17,6–11 3–6,103.7 166,105.0 191,.4655 170,47.1 244,53.9 294,16.9 70,19.9 40,29.1 169,31.4 217,25.2 344,46.1 303,44.8 272,52.0 247,34.3 160,37.7 281,35.1 171,41.7 329,67.5 246,-4.8 174,Loyola Marymount,,,2016,R,A-N
171,SB,20,7–13 5–5,99.5 240,101.0 108,.4568 171,46.8 256,47.0 31,19.5 237,16.2 256,31.7 83,31.7 228,28.3 312,35.2 93,46.8 189,45.9 37,31.2 289,32.4 56,31.3 254,37.8 259,65.4 325,-7.2 240,Louisiana Monroe,,,2016,R,A-N
172,BE,17,4–13 1–8,101.3 213,102.9 146,.4556 172,48.1 195,52.6 256,21.4 314,18.8 100,28.2 202,30.9 193,33.9 195,47.6 318,46.5 203,49.1 135,34.8 142,38.9 313,28.9 302,38.2 273,68.2 204,-4.8 173,DePaul,,,2016,R,A-N
173,OVC,17,7–10 4–4,104.9 133,106.6 221,.4548 173,51.5 64,55.3 329,18.6 177,19.0 88,27.4 225,26.2 33,29.8 282,39.8 187,50.8 53,53.9 307,35.2 127,38.7 308,37.8 107,35.1 157,65.1 330,-5.7 199,Murray St.,,,2016,R,A-N
174,Amer,18,7–11 2–7,98.4 260,100.2 93,.4472 174,45.9 281,49.1 87,19.6 243,17.8 167,30.4 128,31.3 211,29.8 282,39.1 172,45.3 248,47.5 89,31.4 283,35.2 167,34.6 187,30.0 19,68.1 213,-3.5 127,Tulane,,,2016,R,A-N
175,Sum,18,5–13 2–6,108.1 90,110.2 292,.4451 175,51.0 82,53.5 280,17.9 119,14.9 312,28.0 207,30.5 170,33.6 200,34.8 87,48.3 134,51.6 231,38.7 23,38.3 300,27.1 328,32.7 76,69.8 130,-6.2 209,Oral Roberts,,,2016,R,A-N
176,BW,18,5–13 2–6,107.9 93,110.0 291,.4440 176,48.8 167,53.9 294,16.0 30,15.6 285,28.7 183,30.0 145,36.8 119,44.3 285,44.7 274,52.3 257,36.8 66,38.3 300,38.8 86,32.1 62,68.3 199,-6.3 210,Cal Poly,,,2016,R,A-N
177,SC,19,10–9 6–3,104.4 150,106.5 220,.4436 177,50.4 101,49.6 111,17.5 104,17.9 158,29.7 150,31.8 232,31.4 252,42.1 237,48.2 137,49.4 151,36.1 94,33.3 89,36.8 132,38.3 275,69.1 162,-4.0 147,East Tennessee St.,,,2016,R,A-N
178,BSky,18,10–8 5–4,97.9 274,99.9 86,.4429 178,49.1 155,49.1 87,23.5 345,18.6 113,33.7 47,25.4 19,46.4 5,43.0 255,47.8 152,48.1 107,34.5 152,33.5 96,31.8 248,45.4 349,66.9 276,-4.5 164,Idaho,,,2016,R,A-N
179,Amer,14,4–10 3–6,100.5 219,102.6 140,.4426 179,49.5 138,46.5 20,22.3 335,13.2 341,29.9 143,32.6 258,38.3 82,30.7 39,51.0 45,46.8 62,31.4 283,30.5 22,39.2 80,34.7 139,69.3 153,-4.7 170,UCF,,,2016,R,A-N
180,Amer,15,4–11 3–6,100.7 218,102.7 142,.4425 180,45.5 290,46.7 25,21.9 327,13.7 337,35.8 19,34.4 298,30.4 273,34.3 76,46.2 218,48.4 115,28.9 332,29.4 9,23.9 348,38.5 279,67.7 237,-4.0 145,South Florida,,,2016,R,A-N
181,BSth,17,9–8 5–4,105.1 131,107.2 237,.4413 181,52.3 48,47.1 33,18.1 140,14.5 327,25.3 283,33.3 274,37.3 105,33.2 65,54.1 10,46.6 60,33.2 212,32.0 47,41.0 51,32.8 81,72.5 39,-4.3 154,Winthrop,,,2016,R,A-N
182,CUSA,15,5–10 4–5,103.3 172,105.8 210,.4339 182,51.1 75,48.0 57,18.6 177,12.6 347,31.3 97,26.5 41,31.2 258,37.0 125,49.2 99,47.0 68,37.3 54,33.0 75,28.0 317,40.2 311,66.2 302,-6.6 217,FIU,,,2016,R,A-N
183,BSky,18,9–9 7–2,102.5 183,105.0 194,.4326 183,50.1 116,49.9 118,18.4 167,17.0 210,29.4 158,24.4 10,36.1 131,47.8 320,49.7 90,51.2 208,34.0 178,31.8 39,33.7 209,36.0 203,66.4 295,-4.3 153,Montana,,,2016,R,A-N
184,CAA,17,8–9 5–4,104.1 156,106.7 225,.4293 184,46.1 276,52.0 222,18.8 190,19.2 73,38.5 3,27.4 57,45.3 7,40.0 190,46.4 208,49.9 172,30.1 310,37.2 262,30.4 277,35.5 179,67.0 270,-4.4 158,Towson,,,2016,R,A-N
185,Horz,16,5–11 4–5,108.2 89,111.0 304,.4259 185,50.9 85,54.6 316,18.2 150,16.4 244,31.4 95,30.5 170,38.2 86,49.3 329,49.6 91,53.8 303,35.6 112,37.3 265,33.0 226,36.4 217,75.1 8,-5.8 202,Detroit Mercy,,,2016,R,A-N
186,OVC,15,5–10 4–4,104.8 137,107.7 248,.4197 186,55.9 6,53.8 289,23.8 347,20.4 30,27.7 220,36.9 342,38.5 77,39.5 178,51.4 40,52.8 273,42.6 2,36.9 248,36.6 139,39.2 295,71.3 70,-5.2 189,Eastern Kentucky,,,2016,R,A-N
187,CUSA,15,7–8 4–5,103.8 163,106.9 231,.4161 187,50.4 101,54.5 314,16.5 45,17.9 158,28.4 195,24.3 9,38.4 79,41.0 212,52.3 28,53.4 296,31.0 294,37.8 284,33.5 212,34.7 139,72.6 37,-4.4 156,Louisiana Tech,,,2016,R,A-N
188,A10,17,4–13 2–7,101.3 212,104.4 179,.4155 188,45.4 293,48.4 68,20.8 297,8.0 351,33.9 42,23.7 8,30.7 267,28.3 15,45.8 229,46.3 54,29.8 319,35.2 167,30.6 271,32.8 81,68.9 169,-6.4 211,George Mason,,,2016,R,A-N
189,WCC,16,4–12 3–6,102.3 189,105.4 201,.4145 189,48.0 201,50.0 128,17.0 80,16.0 268,24.2 305,31.9 236,33.1 217,35.5 97,44.8 272,49.8 169,35.3 123,33.5 96,39.4 73,37.0 237,67.2 258,-5.9 203,Santa Clara,,,2016,R,A-N
190,ASun,16,6–10 3–4,104.6 144,107.9 253,.4115 190,52.5 40,51.9 215,19.1 207,17.3 195,26.9 240,29.8 134,34.8 167,39.8 187,50.9 47,49.6 160,36.3 85,36.8 245,45.1 15,41.7 329,73.0 29,-6.2 208,Lipscomb,,,2016,R,A-N
191,CUSA,15,5–10 2–7,103.4 169,106.7 224,.4113 191,51.2 74,49.4 103,17.0 80,18.1 144,22.9 328,35.3 319,39.1 62,40.8 210,50.9 47,47.4 86,34.5 152,34.9 152,32.0 244,41.3 323,72.6 37,-6.7 223,UTEP,,,2016,R,A-N
192,BSky,18,7–11 3–6,97.4 283,100.5 98,.4105 192,49.9 123,50.6 152,19.2 217,19.3 67,25.0 287,25.4 19,42.3 27,39.2 173,47.4 162,51.2 208,37.5 44,33.2 85,27.9 319,39.0 292,72.0 53,-7.3 246,North Dakota,,,2016,R,A-N
193,MAC,16,4–12 2–7,104.2 154,107.7 244,.4084 193,46.9 250,51.1 178,16.9 70,18.1 144,29.4 158,37.9 347,40.6 43,44.8 290,46.3 212,46.0 43,31.9 266,39.2 325,32.7 231,39.4 300,72.2 47,-5.9 205,Eastern Michigan,,,2016,R,A-N
194,Slnd,18,12–6 7–2,101.8 201,105.2 199,.4059 194,48.7 169,49.2 91,17.8 114,21.5 7,30.6 119,34.4 298,37.6 96,46.9 311,48.4 131,48.9 130,32.7 236,33.2 85,32.9 228,38.6 283,69.6 138,-1.4 86,Texas A&M Corpus Chris,,,2016,R,A-N
195,Sum,19,7–12 1–7,98.6 256,102.0 127,.4017 195,48.6 174,49.2 91,15.9 29,16.1 261,23.3 322,25.8 24,30.7 267,35.6 98,47.9 146,47.7 93,33.3 209,35.0 158,34.5 190,30.6 32,66.3 298,-7.0 234,North Dakota St.,,,2016,R,A-N
196,MAC,16,6–10 3–6,104.4 151,108.1 258,.4016 196,47.4 231,52.3 240,18.2 150,16.5 238,33.8 44,30.1 151,36.9 116,36.9 122,47.4 162,51.6 231,31.7 276,35.7 193,30.5 274,34.5 130,68.2 204,-5.2 186,Kent St.,,,2016,R,A-N
197,WCC,13,5–8 4–5,104.6 142,108.4 261,.3997 197,47.3 237,51.4 186,17.8 114,14.8 315,30.9 108,32.5 254,39.7 54,37.5 136,46.0 223,47.7 93,33.1 220,38.1 295,37.0 130,39.3 298,71.5 65,-3.5 131,San Francisco,,,2016,R,A-N
198,BSky,19,7–12 3–6,108.9 84,112.9 321,.3976 198,54.1 14,56.4 338,17.5 104,16.5 238,27.0 237,29.9 141,36.6 123,36.5 119,55.1 5,56.2 344,35.3 123,38.0 289,46.2 10,27.2 7,69.5 143,-8.1 265,Eastern Washington,,,2016,R,A-N
199,P12,14,1–13 0–9,98.9 249,102.9 147,.3892 199,48.3 189,51.3 184,20.5 288,14.1 333,21.1 344,28.8 98,27.7 322,42.9 253,48.4 131,49.6 160,32.0 260,36.7 234,32.4 237,31.6 53,70.0 116,-5.1 183,Washington St.,,,2016,R,A-N
200,ASun,14,5–9 2–5,101.9 199,106.0 213,.3877 200,51.1 75,50.7 159,18.1 140,14.6 324,32.5 66,26.3 37,32.3 234,38.1 151,50.8 53,49.4 151,34.6 149,35.2 167,22.2 351,36.1 207,67.8 234,-5.3 191,Florida Gulf Coast,16,R64,2016,R,A-N
201,Pat,17,9–8 5–4,102.6 181,106.8 229,.3862 201,51.5 64,49.4 103,19.7 251,16.9 217,27.1 233,31.0 196,36.1 131,32.2 57,49.2 99,49.3 143,36.6 72,33.0 75,39.3 74,36.9 234,70.5 96,-4.7 168,Boston University,,,2016,R,A-N
202,MVC,18,5–13 1–8,95.6 307,99.7 83,.3825 202,43.0 341,48.5 74,18.9 197,17.9 158,26.6 249,28.9 103,40.0 51,47.6 318,43.5 307,48.7 126,28.2 339,32.1 48,37.7 109,32.6 73,70.7 91,-6.9 231,Indiana St.,,,2016,R,A-N
203,A10,14,4–10 2–7,98.2 266,102.5 139,.3788 203,47.6 223,50.7 159,19.3 227,17.7 172,18.9 346,30.8 185,30.4 273,43.2 260,45.5 240,51.5 227,34.0 178,33.0 75,37.1 125,41.0 318,69.9 123,-3.7 135,Saint Louis,,,2016,R,A-N
204,MAC,17,3–14 2–7,98.0 272,102.3 135,.3778 204,44.6 314,52.1 232,19.0 202,17.2 201,30.3 131,25.9 28,38.9 69,42.3 243,44.5 281,50.7 195,29.9 314,35.8 196,26.7 332,45.2 347,68.9 169,-8.2 269,Western Michigan,,,2016,R,A-N
205,MAAC,20,6–14 2–8,97.6 279,102.1 128,.3752 205,47.1 244,47.0 31,20.1 273,17.1 206,29.0 172,30.3 157,31.9 246,31.4 47,47.9 146,47.0 68,30.5 300,31.3 31,36.0 150,36.7 229,64.1 340,-9.1 295,Rider,,,2016,R,A-N
206,Pat,16,4–12 3–6,106.5 119,111.4 309,.3722 206,50.5 98,53.6 283,19.8 255,16.6 232,33.7 47,31.3 211,36.0 135,41.3 217,51.7 33,50.4 186,31.8 269,39.9 335,30.0 282,33.7 115,68.0 222,-7.9 259,Loyola MD,,,2016,R,A-N
207,BW,17,7–10 4–4,99.2 246,103.8 169,.3717 207,48.4 183,48.3 65,19.2 217,17.5 183,27.8 215,30.6 173,34.7 171,37.8 145,46.8 189,47.2 77,33.9 188,33.8 114,39.7 68,32.3 69,68.2 204,-5.7 200,UC Riverside,,,2016,R,A-N
208,A10,12,3–9 3–6,99.0 247,103.7 167,.3708 208,47.4 231,54.0 296,21.8 323,19.7 55,30.6 119,28.9 103,31.2 258,43.6 267,46.7 197,56.1 343,32.3 252,33.7 107,40.3 59,39.1 293,66.0 310,-3.9 143,Fordham,,,2016,R,A-N
209,WCC,17,4–13 2–7,106.8 112,112.0 313,.3650 209,48.1 195,54.4 308,16.7 60,18.4 124,30.5 123,36.9 342,30.9 263,45.0 293,43.8 303,51.2 208,36.7 71,40.1 340,39.0 84,35.6 186,72.3 45,-7.2 242,Portland,,,2016,R,A-N
210,MAC,19,9–10 3–6,99.7 235,104.7 185,.3635 210,48.4 183,49.9 118,18.9 197,16.9 217,29.3 162,29.9 141,37.5 99,37.1 130,45.6 237,46.2 48,37.4 50,37.4 269,26.8 331,37.7 255,68.8 176,-5.2 190,Bowling Green,,,2016,R,A-N
211,Sum,14,3–11 1–7,101.6 207,106.7 226,.3620 211,50.9 85,51.7 205,20.0 267,14.4 331,23.9 311,26.7 46,28.1 316,42.0 234,46.1 220,48.0 103,40.8 9,39.7 333,32.0 244,31.5 50,67.9 229,-6.2 207,Western Illinois,,,2016,R,A-N
212,SC,19,7–12 2–7,103.3 174,108.6 263,.3610 212,48.7 169,51.0 174,19.5 237,15.7 280,35.0 27,27.5 60,30.5 271,37.7 142,46.8 189,47.1 70,35.2 127,37.6 278,32.3 240,42.0 334,65.2 328,-8.0 263,Mercer,,,2016,R,A-N
213,OVC,20,11–9 4–4,102.7 180,108.0 255,.3599 213,51.1 75,54.4 308,20.6 290,18.6 113,32.7 63,30.2 154,42.2 29,29.2 21,49.9 84,54.8 328,35.7 108,35.8 196,33.3 221,40.5 314,70.3 105,-3.9 144,Austin Peay,16,R64,2016,R,A-N
214,BW,18,5–13 3–5,101.9 198,107.2 236,.3583 214,47.7 215,52.3 240,19.5 237,18.3 131,27.5 222,31.7 228,44.2 13,37.6 138,47.6 157,47.9 99,32.0 260,40.3 342,24.5 346,35.5 179,70.6 94,-7.6 252,Cal St. Northridge,,,2016,R,A-N
215,BE,14,0–14 0–9,99.7 233,105.0 190,.3572 215,45.2 298,56.7 343,19.7 251,21.5 7,24.5 296,36.4 338,38.3 82,46.3 305,45.2 252,55.7 338,30.1 310,39.1 321,32.5 235,33.2 98,73.4 20,-5.5 194,St. John's,,,2016,R,A-N
216,MAAC,16,5–11 5–5,95.8 303,100.9 107,.3561 216,47.2 239,50.1 130,19.3 227,17.5 183,31.0 105,25.8 24,28.3 312,28.9 19,47.0 176,45.9 37,31.8 269,37.6 278,33.2 223,39.3 298,64.9 333,-6.5 214,Saint Peter's,,,2016,R,A-N
217,SC,19,4–15 3–6,99.5 239,105.0 192,.3518 217,47.6 223,54.8 319,18.0 131,18.4 124,24.5 296,25.7 23,33.3 213,45.7 299,42.5 323,54.4 318,37.3 54,37.0 254,37.7 109,29.6 15,66.0 310,-9.0 287,Wofford,,,2016,R,A-N
218,WAC,13,4–9 3–4,97.8 275,103.2 151,.3518 218,48.7 169,48.4 68,23.5 345,18.4 124,33.3 54,34.2 293,33.9 195,40.5 202,45.2 252,46.1 46,38.0 34,34.4 134,29.8 286,42.2 337,66.2 302,-5.1 184,Seattle,,,2016,R,A-N
219,NEC,17,9–8 7–2,102.0 195,107.6 242,.3516 219,49.5 138,50.3 137,18.2 150,19.8 49,27.3 231,33.8 284,36.0 135,47.3 316,47.7 156,50.7 195,35.6 112,33.1 81,31.5 251,38.4 277,72.2 47,-4.3 151,Fairleigh Dickinson,16,R68,2016,R,A-N
220,BSth,20,8–12 4–5,102.1 194,107.8 252,.3467 220,47.4 231,52.5 250,18.3 156,18.2 139,31.7 83,30.8 185,35.4 148,43.0 255,45.5 240,52.8 273,33.5 198,34.7 148,40.9 53,39.9 304,70.0 116,-6.6 221,Gardner Webb,,,2016,R,A-N
221,CUSA,18,6–12 3–6,101.7 204,107.5 238,.3456 221,49.1 155,55.2 326,17.3 95,18.7 107,29.7 150,28.1 76,28.5 309,32.9 62,46.3 212,53.5 297,36.4 79,39.1 321,33.7 209,33.3 103,71.1 78,-7.1 235,Charlotte,,,2016,R,A-N
222,MVC,17,5–12 3–6,98.3 261,104.0 173,.3445 222,44.9 302,51.9 215,19.4 232,16.9 217,26.6 249,27.5 60,36.9 116,36.3 113,43.2 310,50.0 176,33.0 225,37.0 254,28.2 315,35.3 165,69.7 135,-5.7 198,Missouri St.,,,2016,R,A-N
223,SWAC,22,9–13 5–4,94.3 314,99.7 84,.3438 223,44.8 307,45.6 14,18.1 140,20.7 22,31.7 83,28.6 89,30.2 277,50.2 334,43.5 307,45.6 33,31.6 278,30.4 19,34.4 192,35.3 165,68.8 176,-8.9 283,Jackson St.,,,2016,R,A-N
224,BW,17,5–12 2–6,99.2 245,105.0 195,.3421 224,46.5 262,49.2 91,19.1 207,15.4 298,26.9 240,30.3 157,44.7 9,38.8 167,44.2 289,46.2 48,33.8 191,36.0 208,35.3 163,37.7 255,69.9 123,-6.9 230,Cal St. Fullerton,,,2016,R,A-N
225,MAC,14,3–11 1–8,98.6 257,104.3 178,.3418 225,44.9 302,51.6 198,19.2 217,19.0 88,30.8 111,29.8 134,41.5 34,45.9 302,42.0 335,48.9 130,33.5 198,36.9 248,35.7 157,41.6 328,68.5 183,-7.0 232,Northern Illinois,,,2016,R,A-N
226,SWAC,21,10–11 3–6,97.8 276,103.6 164,.3417 226,46.9 250,47.2 35,17.0 80,19.5 61,28.0 207,33.0 270,37.9 90,41.0 212,44.7 274,47.1 70,34.8 142,31.6 35,28.6 307,35.9 194,69.5 143,-7.2 241,Southern,16,R68,2016,R,A-N
227,SC,20,8–12 1–8,102.9 179,109.3 274,.3333 227,48.6 174,52.6 256,18.8 190,19.7 55,28.5 190,32.0 242,46.9 3,48.4 324,47.5 159,49.0 132,34.0 178,39.1 321,30.3 281,36.9 234,68.4 194,-7.3 245,Samford,,,2016,R,A-N
228,Sum,19,7–12 2–6,104.9 135,111.6 310,.3298 228,51.5 64,54.9 323,16.5 45,18.2 139,23.6 316,30.7 181,29.1 297,37.5 136,50.6 62,51.4 219,35.8 105,40.0 337,30.6 271,41.0 318,71.5 65,-6.6 218,South Dakota,,,2016,R,A-N
229,Slnd,19,8–11 5–4,98.1 270,104.3 177,.3293 229,46.3 271,52.0 222,16.8 66,18.4 124,29.9 143,25.2 14,32.7 229,43.8 274,45.4 244,51.3 214,31.8 269,35.4 180,38.6 88,38.7 288,67.3 254,-6.4 213,Sam Houston St.,,,2016,R,A-N
230,B10,14,1–13 0–9,100.2 226,106.6 222,.3287 230,44.6 314,52.7 263,17.9 119,15.8 276,27.0 237,29.8 134,34.3 181,43.6 267,44.7 274,51.2 208,29.6 323,36.9 248,33.4 216,35.4 174,70.2 108,-7.0 233,Minnesota,,,2016,R,A-N
231,SC,19,5–14 2–7,102.1 192,108.7 265,.3282 231,50.1 116,52.7 263,20.6 290,18.3 131,31.4 95,28.9 103,40.1 48,40.2 193,51.5 37,49.7 165,32.2 254,38.8 311,42.6 34,35.3 165,65.5 321,-9.6 311,Furman,,,2016,R,A-N
232,BSth,17,8–9 4–5,102.6 182,109.4 276,.3224 232,50.2 109,51.0 174,20.9 300,17.4 189,36.2 17,31.5 223,32.7 229,36.5 119,48.0 143,51.6 231,36.2 91,33.1 81,34.7 183,30.1 22,66.5 291,-5.1 182,Radford,,,2016,R,A-N
233,AE,17,8–9 5–3,101.6 208,108.4 260,.3224 233,46.8 256,53.5 280,16.8 66,15.5 293,30.3 131,23.1 4,37.9 90,36.0 105,43.9 298,49.0 132,35.0 135,40.4 344,34.0 201,38.6 283,68.2 204,-5.0 181,New Hampshire,,,2016,R,A-N
234,Ivy,14,2–12 1–6,98.8 253,105.4 202,.3213 234,45.2 298,54.2 301,19.6 243,20.8 21,29.9 143,31.2 206,35.7 143,44.1 281,42.8 316,55.2 333,34.0 178,35.1 161,29.5 292,39.9 304,68.9 169,-7.5 250,Dartmouth,,,2016,R,A-N
235,OVC,15,5–10 4–4,104.0 159,111.0 302,.3198 235,49.6 132,54.2 301,18.9 197,15.6 285,26.0 272,32.2 246,41.4 35,36.1 108,48.3 134,52.3 257,34.3 160,38.3 300,43.3 25,35.9 194,70.4 99,-5.6 197,Tennessee Tech,,,2016,R,A-N
236,WCC,14,2–12 2–7,98.2 265,104.9 188,.3195 236,48.7 169,51.2 181,21.6 318,16.0 268,28.5 190,28.5 86,37.0 113,50.4 335,49.4 95,50.0 176,31.8 269,35.5 184,37.0 130,36.3 212,68.2 204,-6.7 225,Pacific,,,2016,R,A-N
237,MAAC,18,6–12 4–6,106.5 118,113.9 331,.3161 237,49.3 144,55.4 332,16.1 32,18.6 113,28.4 195,33.7 282,35.5 145,36.9 122,48.8 117,54.9 332,33.3 209,37.5 270,42.7 31,37.3 248,68.0 222,-7.9 258,Canisius,,,2016,R,A-N
238,BSky,17,5–12 3–6,100.5 220,107.6 241,.3141 238,50.5 98,53.8 289,18.6 177,18.3 131,27.9 212,26.8 47,32.9 220,34.9 90,52.6 22,51.3 214,29.5 324,39.4 328,25.8 339,32.9 85,72.9 33,-8.5 275,Portland St.,,,2016,R,A-N
239,SEC,16,3–13 1–8,97.2 285,104.1 175,.3133 239,44.7 309,52.2 235,20.2 276,17.6 178,28.5 190,32.8 263,37.9 90,46.5 307,42.5 323,49.3 143,31.8 269,38.0 289,42.2 39,37.3 248,70.9 84,-5.2 187,Auburn,,,2016,R,A-N
240,SB,17,5–12 2–8,96.6 296,103.6 166,.3086 240,45.6 287,50.4 140,18.8 190,20.7 22,29.0 172,31.9 236,36.4 127,35.8 101,45.9 226,48.6 121,30.0 313,35.8 196,27.9 319,35.5 179,64.5 336,-8.0 261,Texas St.,,,2016,R,A-N
241,SEC,14,0–14 0–9,96.8 293,103.9 171,.3082 241,43.6 336,52.0 222,18.4 167,15.4 298,24.9 291,32.0 242,31.1 261,43.9 277,44.9 268,53.3 291,27.3 345,33.2 85,32.4 237,39.2 295,70.0 116,-5.5 193,Missouri,,,2016,R,A-N
242,BSth,13,5–8 3–6,102.3 190,109.8 283,.3060 242,51.3 72,52.1 232,17.2 93,19.7 55,21.8 337,35.6 325,42.8 21,41.5 221,51.3 42,52.0 247,34.2 168,34.9 152,38.3 99,31.3 46,70.3 105,-5.7 201,Campbell,,,2016,R,A-N
243,SWAC,23,9–14 7–2,103.0 176,110.7 299,.3049 243,49.8 126,52.2 235,19.3 227,15.8 276,33.8 44,28.7 92,41.7 32,25.2 5,50.7 60,51.9 242,32.2 254,35.2 167,36.0 150,34.6 134,68.3 199,-7.8 257,Texas Southern,,,2016,R,A-N
244,OVC,15,2–13 2–6,97.4 282,104.7 187,.3031 244,46.1 276,51.8 210,17.2 93,19.2 73,27.6 221,36.1 335,26.0 341,44.9 291,42.6 319,51.9 242,34.3 160,34.3 132,38.8 86,30.3 28,66.2 302,-8.6 278,Jacksonville St.,,,2016,R,A-N
245,MEAC,19,12–7 6–2,99.6 238,107.1 233,.3028 245,47.6 223,48.6 77,18.7 185,15.9 271,34.0 38,27.7 69,41.0 38,39.5 178,48.0 143,47.2 77,31.1 292,34.5 140,35.2 165,31.4 48,71.7 58,-3.6 134,Hampton,16,R64,2016,R,A-N
246,Sum,21,4–17 3–5,93.5 320,100.5 99,.3018 246,42.8 343,50.6 152,19.2 217,17.8 167,28.0 207,29.5 126,29.5 288,42.2 239,42.4 328,51.9 242,29.3 329,31.7 37,30.9 264,30.0 19,69.7 135,-9.7 312,IU Indy,,,2016,R,A-N
247,SC,19,4–15 3–6,98.1 268,105.6 206,.3014 247,46.6 261,51.7 205,20.9 300,19.4 64,30.7 115,33.9 288,34.1 189,47.0 313,46.9 182,51.6 231,30.8 297,34.6 144,35.7 157,36.3 212,70.1 111,-9.0 291,Western Carolina,,,2016,R,A-N
248,BW,15,3–12 2–6,93.3 321,100.4 96,.3006 248,46.9 250,48.8 81,20.4 283,19.5 61,23.2 323,28.9 103,33.6 200,38.9 169,45.0 261,49.1 135,34.3 160,32.2 50,29.7 287,38.6 283,67.3 254,-7.2 239,UC Davis,,,2016,R,A-N
249,MVC,17,2–15 0–9,101.0 214,108.8 267,.3002 249,49.2 147,51.6 198,21.2 307,14.8 315,24.2 305,28.6 89,26.8 335,31.6 48,45.3 248,49.1 135,38.0 34,37.8 284,33.4 216,33.9 119,65.5 321,-9.5 308,Drake,,,2016,R,A-N
250,NEC,17,8–9 5–4,104.1 157,112.1 314,.2989 250,49.6 132,51.5 193,19.1 207,18.8 100,32.6 65,33.4 277,38.2 86,39.3 175,50.9 47,49.9 172,31.2 289,36.7 234,31.9 246,30.4 29,71.9 56,-6.8 226,LIU,,,2016,R,A-N
251,SB,15,4–11 2–8,102.1 193,110.0 290,.2984 251,47.7 215,52.0 222,16.5 45,16.5 238,29.0 172,32.2 246,38.7 71,34.6 84,49.4 95,48.7 126,29.7 321,38.5 306,34.7 183,36.1 207,69.5 143,-6.5 215,Troy,,,2016,R,A-N
252,OVC,19,8–11 3–5,101.8 200,109.8 282,.2971 252,49.2 147,51.3 184,18.3 156,16.4 244,28.9 176,30.3 157,33.6 200,30.0 31,50.2 74,51.4 219,31.8 269,34.2 128,38.5 92,42.2 337,66.9 276,-6.6 220,Tennessee Martin,,,2016,R,A-N
253,AE,17,6–11 3–5,104.7 140,112.8 320,.2968 253,51.1 75,52.2 235,15.6 18,17.0 210,17.5 350,35.8 332,32.8 225,39.3 175,48.6 122,54.2 313,35.9 101,31.9 44,48.4 5,32.2 67,69.6 138,-6.6 216,Hartford,,,2016,R,A-N
254,SC,17,3–14 3–6,102.9 178,111.3 308,.2896 254,50.6 93,56.0 336,18.1 140,16.8 221,28.7 183,27.5 60,23.8 348,45.4 296,49.5 93,53.7 300,34.8 142,39.6 332,39.3 74,40.5 314,68.9 169,-9.4 303,UNC Greensboro,,,2016,R,A-N
255,ASun,17,4–13 3–4,101.4 211,109.7 280,.2892 255,49.9 123,54.1 299,14.6 6,16.4 244,23.4 320,28.8 98,30.5 271,35.8 101,45.3 248,54.3 316,39.1 18,35.8 196,34.8 181,40.7 317,71.8 57,-9.1 296,Jacksonville,,,2016,R,A-N
256,MAAC,17,5–12 3–7,99.3 244,107.6 243,.2840 256,50.4 101,54.1 299,20.7 295,21.3 12,21.5 341,33.6 280,40.4 45,47.9 321,47.9 146,54.8 328,36.1 94,35.2 167,40.2 62,32.0 59,68.5 183,-7.5 249,Manhattan,,,2016,R,A-N
257,SB,19,6–13 3–7,94.3 313,102.4 137,.2796 257,45.0 301,49.7 114,20.0 267,18.9 95,28.9 176,32.9 269,38.5 77,42.6 251,45.8 229,49.9 172,28.9 332,33.0 75,35.2 165,35.4 174,71.3 70,-7.6 253,South Alabama,,,2016,R,A-N
258,CAA,18,3–15 1–8,95.1 311,103.4 161,.2744 258,41.5 349,52.0 222,17.3 95,18.8 100,28.5 190,28.4 83,35.9 137,54.8 348,39.0 351,51.4 219,31.8 269,35.5 184,28.0 317,32.9 85,66.7 284,-8.8 282,Drexel,,,2016,R,A-N
259,MAC,15,3–12 2–7,97.0 290,105.6 207,.2738 259,44.7 309,53.3 276,19.1 207,19.3 67,26.4 259,31.7 228,35.5 145,44.0 279,44.7 274,50.9 202,29.9 314,37.7 281,33.8 206,43.0 343,64.2 338,-6.9 229,Miami OH,,,2016,R,A-N
260,Horz,16,2–14 2–7,100.1 229,108.9 270,.2738 260,49.1 155,52.1 232,20.0 267,15.6 285,26.4 259,30.1 151,31.7 249,45.6 297,48.9 114,50.2 183,32.9 229,37.1 257,38.5 92,35.2 161,69.6 138,-8.2 267,Northern Kentucky,,,2016,R,A-N
261,Horz,18,5–13 3–6,101.5 210,110.5 296,.2730 261,47.9 204,53.6 283,15.8 25,15.6 285,22.0 336,34.5 305,29.6 286,34.9 90,43.7 306,54.2 313,36.8 66,34.9 152,36.5 142,35.4 174,73.6 16,-7.1 237,Youngstown St.,,,2016,R,A-N
262,Pat,19,6–13 0–9,96.8 294,105.4 203,.2724 262,47.7 215,52.8 268,16.9 70,19.0 88,21.8 337,30.4 166,32.9 220,34.6 84,46.5 203,52.6 268,32.9 229,35.3 174,41.1 49,42.2 337,64.4 337,-9.0 289,Holy Cross,16,R64,2016,R,A-N
263,ASun,20,6–14 2–5,101.7 203,111.0 303,.2671 263,51.1 75,54.2 301,18.5 174,16.1 261,25.2 285,32.2 246,35.3 149,30.4 36,50.6 62,55.8 340,34.7 147,33.9 118,34.9 174,32.8 81,72.0 53,-9.1 297,Stetson,,,2016,R,A-N
264,ASun,17,3–14 3–4,100.1 228,109.4 277,.2657 264,46.9 250,55.0 325,19.1 207,16.6 232,26.3 265,35.6 325,35.1 154,39.5 178,46.9 182,55.6 335,31.3 286,35.9 202,28.4 313,33.7 115,70.2 108,-7.6 254,Kennesaw St.,,,2016,R,A-N
265,SB,16,2–14 2–8,102.4 188,111.9 311,.2650 265,46.2 274,49.8 116,17.7 110,13.5 339,29.6 155,31.5 223,32.3 234,43.4 262,45.6 237,45.8 35,31.6 278,37.5 270,29.7 287,38.1 269,73.5 19,-9.1 292,Arkansas St.,,,2016,R,A-N
266,MEAC,22,8–14 5–3,103.3 173,113.0 322,.2635 266,47.5 228,51.5 193,18.7 185,19.2 73,32.3 70,34.5 305,41.6 33,45.2 295,44.2 289,47.3 84,35.5 119,38.9 313,36.1 149,38.0 266,67.6 241,-9.2 299,Norfolk St.,,,2016,R,A-N
267,MWC,16,1–15 0–9,98.1 269,107.7 246,.2551 267,47.1 244,51.4 186,17.5 104,16.4 244,25.0 287,31.0 196,34.9 164,50.5 336,49.0 107,49.3 143,29.5 324,36.9 248,39.8 66,35.3 165,70.5 96,-10.0 319,San Jose St.,,,2016,R,A-N
268,Pat,18,5–13 3–6,99.5 241,109.3 275,.2537 268,50.2 109,53.0 272,19.5 237,18.2 139,26.6 249,30.0 145,29.2 295,43.6 267,46.8 189,53.1 285,36.5 76,35.3 174,43.0 26,37.3 248,65.7 316,-8.6 280,Colgate,,,2016,R,A-N
269,Ivy,15,5–10 2–5,97.2 287,106.8 228,.2520 269,47.7 215,51.5 193,17.4 99,19.3 67,22.7 331,39.1 351,34.3 181,34.2 74,46.0 223,49.5 156,33.5 198,36.8 245,40.8 54,35.1 157,73.0 29,-4.9 178,Cornell,,,2016,R,A-N
270,Ivy,15,1–14 0–7,99.7 234,109.9 288,.2460 270,48.4 183,52.3 240,19.6 243,16.1 261,26.2 266,30.6 173,33.4 208,37.9 149,47.1 172,48.6 121,33.5 198,39.1 321,39.5 71,35.9 194,71.5 65,-9.3 300,Brown,,,2016,R,A-N
271,WAC,16,5–11 3–4,100.7 217,111.0 305,.2458 271,49.0 160,51.8 210,17.4 99,14.9 312,21.3 342,30.3 157,34.2 187,37.3 134,45.0 261,52.6 268,37.0 62,33.4 92,38.2 102,30.4 29,76.1 7,-5.9 204,Utah Valley,,,2016,R,A-N
272,BSky,16,4–12 1–8,94.9 312,104.7 186,.2450 272,46.4 268,48.4 68,16.7 60,16.7 227,25.4 281,32.5 254,32.2 239,37.8 145,44.9 268,50.1 180,32.6 239,30.3 18,35.9 155,35.8 193,68.5 183,-8.4 274,Sacramento St.,,,2016,R,A-N
273,ACC,14,0–14 0–9,93.1 323,102.7 143,.2439 273,44.6 314,56.4 338,19.9 260,18.3 131,18.8 347,30.9 193,22.6 351,35.7 100,45.4 244,54.7 323,28.9 332,40.0 337,42.7 31,32.7 76,67.3 254,-5.4 192,Boston College,,,2016,R,A-N
274,BSky,18,4–14 2–7,102.5 185,113.2 326,.2407 274,47.4 231,54.4 308,18.3 156,16.5 238,33.9 42,29.0 112,28.9 302,46.9 311,46.9 182,54.5 320,32.1 258,36.1 214,40.4 55,37.0 237,70.0 116,-9.8 316,Montana St.,,,2016,R,A-N
275,OVC,16,4–12 4–4,96.7 295,107.1 235,.2351 275,48.1 195,52.0 222,18.1 140,19.6 58,27.4 225,36.5 339,31.4 252,40.6 203,47.3 165,52.9 279,33.0 225,33.7 107,39.1 82,37.0 237,66.7 284,-8.0 262,Eastern Illinois,,,2016,R,A-N
276,NEC,21,5–16 4–5,93.0 324,103.1 149,.2348 276,44.6 314,52.5 250,17.0 80,23.4 3,23.5 318,33.3 274,29.2 295,44.4 287,44.5 281,51.5 227,29.9 314,36.5 227,37.2 122,29.9 16,70.4 99,-11.1 332,Mount St. Mary's,,,2016,R,A-N
277,MWC,15,2–13 0–9,98.2 264,108.9 269,.2333 277,46.1 276,54.3 305,19.2 217,19.4 64,24.9 291,31.0 196,33.0 218,39.9 189,42.6 319,55.8 340,35.1 130,35.0 158,34.9 174,47.0 350,67.0 270,-7.3 243,Air Force,,,2016,R,A-N
278,WAC,18,3–15 1–6,99.0 248,109.9 287,.2316 278,47.2 239,50.7 159,19.5 237,17.3 195,30.9 108,32.8 263,34.7 171,43.1 259,42.9 315,49.8 169,37.0 62,34.9 152,33.9 204,35.1 157,66.9 276,-9.9 317,UMKC,,,2016,R,A-N
279,SB,17,4–13 3–7,104.5 145,115.9 342,.2316 279,46.8 256,55.2 326,17.4 99,19.9 40,31.0 105,37.5 345,36.9 116,49.6 330,43.4 309,54.1 311,34.1 174,37.9 287,44.2 20,41.4 326,70.2 108,-8.4 273,Georgia Southern,,,2016,R,A-N
280,A10,15,1–14 0–9,96.5 298,107.1 234,.2316 280,44.7 309,56.6 342,18.2 150,18.5 119,24.0 310,32.7 260,25.5 342,34.1 73,40.5 344,53.2 287,33.2 212,41.5 347,45.7 11,37.8 259,66.2 302,-7.4 247,La Salle,,,2016,R,A-N
281,WCC,17,3–14 1–8,93.5 319,103.9 172,.2281 281,43.7 334,52.0 222,21.3 309,16.8 221,26.4 259,30.3 157,33.5 205,39.5 178,45.2 252,49.7 165,27.7 343,38.2 296,39.5 71,30.7 35,66.8 279,-8.4 272,San Diego,,,2016,R,A-N
282,Slnd,16,7–9 5–4,98.5 258,109.5 279,.2276 282,47.8 209,54.4 308,18.0 131,18.7 107,22.8 329,29.4 123,34.9 164,39.7 185,41.9 336,54.7 323,38.5 24,35.8 196,37.2 122,34.9 149,69.1 162,-4.7 172,Incarnate Word,,,2016,R,A-N
283,BSky,17,5–12 4–5,95.8 304,106.6 223,.2262 283,46.5 262,51.6 198,18.8 190,17.8 167,25.9 275,30.0 145,34.3 181,42.0 234,45.7 234,52.3 257,31.9 266,33.7 107,37.5 116,39.1 293,71.2 74,-8.3 271,Idaho St.,,,2016,R,A-N
284,OVC,14,3–11 2–6,95.9 302,106.7 227,.2258 284,45.5 290,51.6 198,21.0 304,17.7 172,30.1 140,32.2 246,38.9 69,48.0 322,44.2 289,49.9 172,32.0 260,36.7 234,32.8 229,33.4 107,67.9 229,-6.6 219,SIU Edwardsville,,,2016,R,A-N
285,BSth,16,3–13 3–6,97.7 277,109.2 273,.2178 285,50.5 98,54.4 308,19.8 255,16.3 252,22.1 335,30.4 166,31.2 258,37.6 138,49.9 84,52.6 268,34.1 174,38.2 296,46.8 8,38.2 273,69.8 130,-8.0 264,Charleston Southern,,,2016,R,A-N
286,Horz,17,4–13 2–7,92.8 325,103.7 168,.2173 286,44.9 302,53.0 272,22.5 340,20.0 38,29.0 172,32.4 252,34.4 180,53.2 343,44.9 268,53.1 285,29.9 314,35.2 167,30.8 267,36.4 217,65.7 316,-7.3 244,Cleveland St.,,,2016,R,A-N
287,MEAC,22,9–13 5–3,98.9 250,110.6 297,.2162 287,47.1 244,49.5 108,17.0 80,18.0 152,28.6 189,33.4 277,30.3 275,40.2 193,47.0 176,49.4 151,31.6 278,33.2 85,28.9 302,36.6 224,67.7 237,-8.6 276,South Carolina St.,,,2016,R,A-N
288,CAA,18,2–16 0–9,100.2 225,112.3 315,.2123 288,45.3 295,53.8 289,18.3 156,13.6 338,28.9 176,28.4 83,40.7 40,35.0 92,43.0 312,53.7 300,33.6 196,35.9 202,30.9 264,48.0 351,68.4 194,-9.5 306,Delaware,,,2016,R,A-N
289,B10,14,0–14 0–9,96.1 300,107.8 250,.2113 289,45.1 300,54.3 305,20.4 283,14.8 315,21.3 342,35.6 325,30.3 275,31.7 49,42.5 323,50.3 185,34.9 139,40.8 346,26.6 333,36.5 223,72.2 47,-6.8 227,Rutgers,,,2016,R,A-N
290,ASun,15,3–12 2–5,102.4 187,115.0 338,.2081 290,51.3 72,56.4 338,20.2 276,14.8 315,29.7 150,32.7 260,29.1 297,38.2 154,49.8 87,54.7 323,36.1 94,39.5 331,33.5 212,37.2 244,68.0 222,-7.8 256,USC Upstate,,,2016,R,A-N
291,NEC,20,6–14 5–4,89.7 341,100.9 106,.2063 291,45.3 295,48.0 57,21.3 309,20.9 19,25.9 275,34.4 298,33.6 200,30.7 39,47.3 165,48.1 107,28.0 341,31.8 39,37.6 111,35.3 165,69.5 143,-9.8 315,Robert Morris,,,2016,R,A-N
292,CUSA,20,3–17 1–8,96.0 301,108.0 256,.2045 292,46.5 262,50.7 159,18.2 150,15.8 276,24.4 300,34.2 293,32.2 239,37.7 142,42.6 319,49.1 135,35.6 112,37.0 254,36.3 145,25.5 3,67.6 241,-11.0 331,Florida Atlantic,,,2016,R,A-N
293,AE,17,5–12 4–4,101.0 215,114.1 334,.1975 293,53.5 21,54.3 305,21.2 307,18.0 152,24.1 308,31.6 225,32.9 220,40.7 205,52.8 19,54.2 313,36.4 79,36.3 222,40.4 55,34.7 139,73.1 25,-7.7 255,UMass Lowell,,,2016,R,A-N
294,BSth,19,5–14 3–6,99.6 237,113.0 323,.1897 294,50.8 87,55.3 329,20.8 297,17.6 178,30.2 134,28.6 89,34.5 176,36.0 105,50.5 65,51.0 203,34.3 160,40.3 342,32.1 243,45.0 346,69.9 123,-10.1 321,Longwood,,,2016,R,A-N
295,BSth,18,5–13 5–4,96.8 292,109.9 286,.1892 295,51.7 57,54.0 296,21.3 309,18.2 139,20.9 345,30.0 145,22.9 350,41.5 221,50.0 79,52.6 268,35.8 105,37.6 278,45.4 13,37.4 251,63.4 344,-8.6 279,Liberty,,,2016,R,A-N
296,SB,18,3–15 2–8,96.5 297,110.0 289,.1826 296,44.8 307,52.3 240,22.3 335,16.1 261,32.5 66,34.9 310,36.1 131,34.8 87,41.3 341,49.8 169,33.4 206,40.1 340,39.7 68,24.5 1,70.9 84,-9.3 301,Appalachian St.,,,2016,R,A-N
297,AE,19,3–16 1–7,101.6 205,115.8 341,.1818 297,50.7 91,56.5 341,17.3 95,18.8 100,26.5 255,29.5 126,38.0 89,40.6 203,49.1 102,57.0 345,35.6 112,37.1 257,38.0 106,37.1 241,69.4 149,-12.1 342,UMBC,,,2016,R,A-N
298,CUSA,15,3–12 2–7,98.3 262,112.0 312,.1813 298,47.8 209,55.6 335,18.6 177,18.2 139,25.0 287,31.6 225,39.9 52,37.8 145,50.0 79,53.0 282,29.4 327,40.5 345,36.7 135,33.1 95,71.0 79,-8.1 266,Rice,,,2016,R,A-N
299,MAAC,16,3–13 2–8,92.4 327,105.3 200,.1811 299,43.7 334,51.2 181,22.4 337,17.9 158,36.5 12,26.8 47,29.6 286,42.3 243,39.3 350,51.6 231,34.2 168,33.6 102,36.8 132,31.3 46,72.3 45,-9.5 307,Quinnipiac,,,2016,R,A-N
300,NEC,18,5–13 5–4,97.2 289,110.8 300,.1809 300,47.5 228,51.7 205,21.5 317,18.1 144,33.7 47,34.3 296,36.8 119,39.5 178,48.4 131,50.8 199,30.3 304,35.6 188,29.6 290,33.2 98,72.4 41,-9.0 288,Sacred Heart,,,2016,R,A-N
301,SWAC,18,5–13 2–7,97.5 281,111.2 306,.1808 301,45.9 281,50.3 137,19.4 232,19.1 85,31.8 78,34.5 305,35.3 149,41.6 226,47.0 176,51.1 206,29.5 324,32.4 56,37.4 117,32.6 73,67.1 263,-10.1 323,Alabama A&M,,,2016,R,A-N
302,CUSA,14,1–13 1–8,99.4 243,113.7 330,.1751 302,47.8 209,57.3 346,19.6 243,16.1 261,30.6 119,31.4 217,39.1 62,49.1 328,48.9 114,57.2 346,30.2 306,38.2 296,30.7 270,36.0 203,70.7 91,-8.6 277,North Texas,,,2016,R,A-N
303,MAAC,19,2–17 1–9,92.8 326,106.3 218,.1728 303,43.6 336,50.5 149,20.7 295,17.6 178,32.2 71,31.0 196,33.7 199,38.6 161,44.1 294,48.2 113,28.4 336,36.3 222,32.2 241,37.0 237,67.7 237,-12.1 343,Niagara,,,2016,R,A-N
304,NEC,18,6–12 4–5,89.8 340,102.9 148,.1724 304,44.1 327,47.6 44,20.8 297,20.2 32,32.1 72,31.4 217,33.4 208,36.4 117,45.2 252,46.5 59,28.3 338,33.6 102,41.1 49,26.8 4,65.9 314,-9.1 298,St. Francis NY,,,2016,R,A-N
305,NEC,18,4–14 3–6,96.4 299,110.5 295,.1723 305,48.4 183,51.9 215,20.2 276,15.5 293,25.5 278,34.3 296,28.5 309,34.5 80,47.4 162,54.4 318,33.4 206,32.2 50,36.3 145,40.0 307,69.2 158,-8.9 286,Bryant,,,2016,R,A-N
306,MAAC,15,2–13 1–9,101.6 206,116.7 344,.1686 306,48.3 189,54.4 308,16.5 45,16.2 256,25.2 285,32.5 254,35.2 152,35.8 101,47.5 159,52.2 255,33.1 220,38.9 313,40.4 55,35.0 155,68.7 179,-9.7 314,Marist,,,2016,R,A-N
307,MEAC,19,5–14 3–5,95.1 310,109.5 278,.1660 307,45.7 286,49.5 108,21.3 309,17.5 183,33.8 44,32.4 252,34.8 167,37.8 145,44.0 296,49.6 160,32.9 229,33.0 75,31.4 252,36.6 224,66.1 306,-10.7 329,North Carolina Central,,,2016,R,A-N
308,SWAC,20,6–14 3–6,98.1 267,113.2 325,.1626 308,45.5 290,54.8 319,16.5 45,18.1 144,30.5 123,29.6 131,28.8 305,48.6 326,42.5 323,54.8 328,34.3 160,36.5 227,34.2 197,32.7 76,69.9 123,-10.1 322,Alabama St.,,,2016,R,A-N
309,NEC,16,5–11 4–5,97.7 278,112.8 319,.1617 309,46.5 262,51.0 174,19.1 207,15.0 309,31.2 99,30.3 157,35.8 139,30.6 37,43.9 298,52.3 257,34.2 168,32.4 56,35.2 165,36.1 207,65.6 320,-7.9 260,Saint Francis,,,2016,R,A-N
310,MEAC,19,3–16 1–7,93.6 317,108.0 257,.1613 310,44.3 322,50.9 166,17.9 119,19.2 73,30.2 134,35.5 322,31.3 255,36.3 113,42.6 319,53.6 299,32.4 249,29.5 10,28.9 302,29.4 14,69.9 123,-11.6 335,Morgan St.,,,2016,R,A-N
311,Ivy,14,2–12 1–6,94.2 315,108.7 266,.1612 311,45.3 295,51.4 186,18.2 150,16.7 227,27.8 215,34.0 289,32.2 239,33.8 69,48.1 140,49.3 143,27.3 345,37.5 270,39.7 68,30.4 29,68.0 222,-7.1 236,Penn,,,2016,R,A-N
312,MEAC,21,3–18 2–6,97.5 280,113.1 324,.1543 312,48.1 195,53.4 278,23.8 347,18.3 131,31.8 78,31.4 217,34.5 176,52.5 341,47.8 152,53.0 282,32.5 243,36.0 208,35.6 159,35.9 194,68.4 194,-11.7 336,Maryland Eastern Shore,,,2016,R,A-N
313,BSky,16,3–13 3–6,101.5 209,117.7 347,.1538 313,49.5 138,56.8 344,19.9 260,17.3 195,28.1 205,28.7 92,43.1 20,51.5 339,47.3 165,55.6 335,36.4 79,39.0 317,30.8 267,42.0 334,70.9 84,-8.8 281,Northern Colorado,,,2016,R,A-N
314,Slnd,18,5–13 4–5,98.8 251,114.8 336,.1518 314,49.1 155,52.7 263,21.8 323,15.5 293,28.8 180,32.8 263,43.6 17,39.3 175,48.0 143,50.4 186,34.3 160,38.2 296,30.5 274,33.6 114,71.3 70,-8.3 270,Houston Christian,,,2016,R,A-N
315,SC,18,4–14 1–8,100.4 222,117.0 345,.1475 315,48.4 183,58.6 350,17.9 119,18.3 131,26.8 245,34.0 289,28.1 316,48.5 325,49.0 107,61.3 351,32.0 260,35.4 180,50.9 2,32.7 76,83.9 1,-10.5 327,The Citadel,,,2016,R,A-N
316,AE,16,3–13 2–6,88.5 345,103.4 158,.1430 316,44.5 319,51.7 205,21.9 327,18.5 119,24.3 303,29.3 119,28.6 307,32.7 60,44.7 274,50.2 183,29.4 327,36.2 220,37.4 117,38.0 266,66.3 298,-8.9 285,Binghamton,,,2016,R,A-N
317,MEAC,17,4–13 2–6,91.9 333,107.5 239,.1414 317,42.1 345,48.4 68,19.8 255,17.5 183,30.5 123,35.0 313,49.2 1,41.3 217,40.5 344,48.1 107,31.0 294,32.5 63,27.3 326,36.3 212,72.0 53,-9.6 310,Howard,,,2016,R,A-N
318,Pat,19,7–12 4–5,91.3 337,106.9 230,.1405 318,47.6 223,51.9 215,22.5 340,19.3 67,24.4 300,31.2 206,32.1 243,41.3 217,46.6 200,52.9 279,32.7 236,33.1 81,38.6 88,31.2 44,62.6 347,-7.5 251,American,,,2016,R,A-N
319,BSth,16,4–12 3–6,90.2 339,105.7 208,.1393 319,44.3 322,50.7 159,20.6 290,19.1 85,25.0 287,33.5 279,31.3 255,36.3 113,45.0 261,52.8 273,28.4 336,31.8 39,28.2 315,41.3 323,68.5 183,-8.2 268,Presbyterian,,,2016,R,A-N
320,Slnd,14,4–10 2–7,97.3 284,114.0 332,.1389 320,47.9 204,54.7 317,20.0 267,18.1 144,31.1 101,29.4 123,36.4 127,46.8 309,45.6 237,53.3 291,35.1 130,38.3 300,32.4 237,34.5 130,73.6 16,-7.5 248,Lamar,,,2016,R,A-N
321,MEAC,21,5–16 3–5,97.9 273,114.9 337,.1372 321,45.4 293,53.6 283,18.0 131,17.0 210,31.6 87,35.0 313,30.8 266,37.0 125,45.0 261,52.4 263,30.7 298,37.3 265,41.8 41,35.5 179,68.4 194,-11.8 337,Bethune Cookman,,,2016,R,A-N
322,Slnd,18,3–15 2–7,97.2 288,114.1 333,.1365 322,44.4 321,54.5 314,19.0 202,20.5 29,34.1 34,36.2 336,44.0 15,42.4 248,42.4 328,53.2 287,33.4 206,37.9 287,25.9 338,36.8 232,73.3 22,-11.9 339,New Orleans,,,2016,R,A-N
323,Slnd,14,1–13 1–8,99.9 231,117.3 346,.1362 323,49.2 147,55.4 332,19.2 217,18.5 119,23.8 313,39.0 350,33.4 208,38.6 161,50.0 79,55.2 333,31.9 266,37.3 265,37.1 125,31.9 57,74.1 11,-9.0 290,Northwestern St.,,,2016,R,A-N
324,MVC,17,1–16 1–8,91.5 336,107.7 247,.1333 324,44.7 309,52.9 270,24.7 351,14.0 336,24.2 305,27.6 67,33.4 208,54.8 348,44.2 289,53.3 291,30.3 304,34.9 152,37.1 125,35.3 165,68.5 183,-8.9 284,Bradley,,,2016,R,A-N
325,WAC,19,0–19 0–7,92.1 332,108.6 264,.1309 325,42.3 344,54.2 301,20.9 300,19.2 73,30.9 108,34.2 293,25.2 344,43.8 274,40.5 344,53.5 297,30.1 310,36.7 234,39.3 74,44.3 345,71.2 74,-13.2 348,Chicago St.,,,2016,R,A-N
326,BSky,17,3–14 2–7,98.0 271,115.7 339,.1291 326,48.6 174,58.2 349,20.2 276,17.1 206,24.4 300,30.7 181,34.1 189,40.7 205,46.6 200,55.7 338,35.5 119,42.2 350,30.5 274,32.0 59,68.3 199,-9.1 293,Southern Utah,,,2016,R,A-N
327,Pat,17,2–15 1–8,95.2 309,112.4 316,.1289 327,47.7 215,53.7 287,19.1 207,16.8 221,23.0 325,34.9 310,30.6 270,34.4 79,45.0 261,53.8 303,34.9 139,35.8 196,37.6 111,35.9 194,70.9 84,-10.8 330,Lafayette,,,2016,R,A-N
328,Slnd,16,2–14 2–7,95.6 306,113.2 328,.1254 328,44.7 309,53.8 289,18.1 140,15.4 298,28.3 199,34.4 298,34.2 187,38.5 159,44.2 289,53.7 300,30.5 300,36.1 214,33.8 206,32.4 71,69.6 138,-9.4 302,McNeese St.,,,2016,R,A-N
329,Slnd,16,3–13 2–7,93.2 322,110.6 298,.1225 329,47.8 209,56.2 337,20.6 290,19.2 73,24.5 296,30.0 145,37.5 99,43.6 267,45.2 252,54.7 323,35.3 123,40.0 337,33.5 212,28.3 8,67.2 258,-9.7 313,Abilene Christian,,,2016,R,A-N
330,MEAC,19,4–15 3–5,95.4 308,113.3 329,.1215 330,43.4 338,54.8 319,17.4 99,17.2 201,30.1 140,35.1 316,37.4 103,41.5 221,39.6 348,54.1 311,33.2 212,37.5 270,37.6 111,35.3 165,72.2 47,-9.5 305,Coppin St.,,,2016,R,A-N
331,Slnd,22,3–19 1–8,92.2 331,109.8 281,.1181 331,46.3 271,51.5 193,22.0 331,17.1 206,23.8 313,36.3 337,38.6 73,42.2 239,46.4 208,51.6 231,30.7 298,34.2 128,38.2 102,32.1 62,69.3 153,-13.1 347,Nicholls St.,,,2016,R,A-N
332,Slnd,18,3–15 2–7,100.4 223,119.7 350,.1165 332,49.2 147,57.1 345,19.9 260,15.3 303,30.5 123,30.3 157,38.6 73,37.1 130,46.1 220,53.8 303,37.8 39,42.0 348,29.3 296,35.3 165,73.0 29,-10.3 325,Central Arkansas,,,2016,R,A-N
333,AE,17,3–14 2–6,92.3 329,111.2 307,.1050 333,47.2 239,57.5 347,21.8 323,21.3 12,27.1 233,31.3 211,32.2 239,37.6 138,45.1 258,59.5 349,34.0 178,35.7 193,35.2 165,33.2 98,79.0 2,-9.9 318,Maine,,,2016,R,A-N
334,OVC,16,2–14 1–7,89.3 344,107.8 249,.1028 334,43.2 340,54.8 319,20.1 273,18.9 95,27.8 215,29.8 134,36.2 130,32.7 60,44.3 287,57.5 347,27.0 347,33.4 92,28.6 307,36.9 234,73.1 25,-10.0 320,Southeast Missouri St.,,,2016,R,A-N
335,CUSA,18,1–17 0–9,98.8 254,119.3 349,.1020 335,47.7 215,61.7 351,19.7 251,17.7 172,26.4 259,29.8 134,35.8 139,49.7 331,47.0 176,60.1 350,32.6 239,43.0 351,38.3 99,36.0 203,73.2 23,-12.0 340,UTSA,,,2016,R,A-N
336,SWAC,19,6–13 6–3,93.6 318,113.2 327,.1006 336,43.8 331,53.1 274,21.4 314,18.0 152,34.0 38,33.2 273,39.5 60,38.8 167,45.1 258,52.0 247,27.4 344,36.7 234,31.8 248,36.4 217,66.8 279,-9.6 309,Alcorn St.,,,2016,R,A-N
337,SWAC,26,5–21 3–6,90.7 338,109.9 284,.0993 337,42.1 345,51.0 174,17.9 119,19.2 73,26.5 255,35.6 325,31.4 252,35.6 98,39.8 347,53.9 307,32.3 252,30.8 26,27.0 330,38.6 283,73.4 20,-15.6 351,Mississippi Valley St.,,,2016,R,A-N
338,Slnd,21,3–18 2–7,92.2 330,112.5 317,.0922 338,48.1 195,52.6 256,22.4 337,20.0 38,27.4 225,35.6 325,34.3 181,45.7 299,46.5 203,50.0 176,34.0 178,38.0 289,34.9 174,37.8 259,69.5 143,-13.2 349,Southeastern Louisiana,,,2016,R,A-N
339,CUSA,14,2–12 1–8,89.4 343,109.1 272,.0921 339,46.7 259,50.7 159,20.6 290,17.0 210,23.6 316,30.6 173,34.1 189,38.6 161,44.5 281,50.0 176,32.8 232,34.4 134,45.6 12,45.2 347,63.2 345,-9.1 294,Southern Miss,,,2016,R,A-N
340,SC,16,1–15 0–9,91.6 335,112.6 318,.0855 340,44.1 327,55.5 334,19.2 217,17.7 172,26.4 259,33.8 284,24.1 346,41.5 221,42.2 332,53.3 291,31.1 292,39.4 328,43.0 26,37.2 244,68.9 169,-10.6 328,VMI,,,2016,R,A-N
341,MEAC,18,2–16 2–6,94.2 316,115.8 340,.0845 341,43.9 329,51.8 210,19.1 207,16.3 252,29.9 143,33.3 274,28.0 318,53.2 343,43.0 312,52.8 273,30.4 303,33.6 102,33.9 204,41.1 320,68.3 199,-12.1 341,North Carolina A&T,,,2016,R,A-N
342,SWAC,21,3–18 3–6,88.2 346,108.8 268,.0818 342,41.0 350,52.6 256,22.7 343,23.2 4,31.1 101,38.9 348,34.7 171,47.3 316,41.3 341,54.5 320,26.9 348,32.6 65,26.2 337,33.2 98,69.1 162,-12.5 345,Prairie View A&M,,,2016,R,A-N
343,MEAC,17,4–13 2–6,87.0 348,107.9 254,.0768 343,44.3 322,52.8 268,21.7 322,20.1 36,24.8 294,32.5 254,29.8 282,41.7 229,41.8 337,51.3 214,32.0 260,37.2 262,39.8 66,33.3 103,66.4 295,-9.4 304,Savannah St.,,,2016,R,A-N
344,BSky,17,1–16 1–8,91.9 334,114.5 335,.0735 344,43.4 338,57.9 348,20.4 283,17.3 195,23.7 315,32.8 263,34.1 189,30.7 39,40.7 343,58.0 348,32.4 249,38.4 305,33.8 206,37.1 241,71.6 60,-10.3 326,Northern Arizona,,,2016,R,A-N
345,Horz,14,0–14 0–9,87.0 347,108.5 262,.0733 345,39.7 351,50.9 166,22.7 343,15.3 303,32.7 63,30.6 173,41.9 30,41.8 231,39.4 349,47.1 70,26.9 348,39.0 317,23.6 349,33.2 98,72.2 47,-10.2 324,Illinois Chicago,,,2016,R,A-N
346,SWAC,24,5–19 3–6,84.8 349,106.4 219,.0688 346,42.9 342,49.9 118,24.5 350,20.1 36,27.1 233,37.0 344,26.6 336,53.7 345,42.5 323,49.5 156,29.0 331,33.7 107,38.2 102,33.7 115,67.1 263,-11.9 338,Arkansas Pine Bluff,,,2016,R,A-N
347,WAC,17,1–16 1–6,95.7 305,120.2 351,.0682 347,47.5 228,55.3 329,18.7 185,13.2 341,23.1 324,35.3 319,32.8 225,31.1 45,45.1 258,53.9 307,34.4 155,38.7 308,36.8 132,33.4 107,67.9 229,-11.5 334,UT Rio Grande Valley,,,2016,R,A-N
348,NEC,15,1–14 1–8,92.3 328,119.2 348,.0504 348,44.9 302,55.2 326,21.9 327,13.1 344,29.2 164,30.3 157,29.1 297,29.8 29,42.2 332,55.8 340,34.4 155,35.9 202,29.4 294,32.9 85,69.4 149,-11.5 333,Central Connecticut,,,2016,R,A-N
349,SWAC,18,1–17 1–8,83.3 350,107.5 240,.0503 349,41.7 348,49.9 118,22.5 340,21.1 17,24.5 296,35.3 319,37.3 105,40.7 205,43.8 303,49.6 160,25.2 351,33.5 96,35.1 171,36.6 224,67.9 229,-13.0 346,Grambling St.,,,2016,R,A-N
350,MEAC,20,1–19 1–7,89.6 342,116.1 343,.0481 350,44.3 322,54.9 323,21.8 323,19.0 88,26.2 266,38.9 348,30.9 263,40.3 196,41.6 339,55.6 335,32.5 243,35.9 202,38.3 99,42.0 334,67.6 241,-14.2 350,Delaware St.,,,2016,R,A-N
351,MEAC,17,2–15 1–7,78.7 351,103.2 153,.0426 351,42.1 345,50.4 140,23.8 347,20.9 19,24.3 303,31.3 211,40.1 48,39.6 184,42.1 334,50.1 180,28.0 341,33.9 118,35.4 161,34.9 149,71.4 69,-12.4 344,Florida A&M,,,2016,R,A-N
