rk,conf,g,rec,adjoe,adjde,barthag,efg_,efgd_,tor,tord,orb,drb,ftr,ftrd,2p_,2p_d,3p_,3p_d,3pr,3prd,adj_t_,wab,team,seed,tourney_res,year
1,CUSA,34,31–3 16–0,109.4 55,81.8 1,.9660 1,49.3 155,40.4 1,18.2 40,23.0 51,38.2 26,30.3 67,39.7 84,34.3 125,49.9 91,39.0 2,32.0 259,29.3 7,31.0 224,28.4 28,67.8 127,+7.1 8,Memphis,2,Sweet Sixteen,2009
2,BE,31,27–4 15–3,121.0 2,91.6 25,.9608 2,53.4 31,47.0 76,18.0 31,19.7 215,43.0 1,29.4 42,31.9 286,30.6 50,53.3 21,45.3 69,35.7 97,33.5 122,28.6 275,33.3 188,66.4 178,+8.6 2,Pittsburgh,1,Elite Eight,2009
3,BE,31,27–4 15–3,114.7 15,87.1 4,.9593 3,51.1 90,42.5 2,18.2 40,17.3 324,39.9 11,31.3 108,45.1 14,19.3 1,50.8 67,40.5 4,34.7 137,31.3 32,23.5 334,30.5 89,68.0 115,+8.8 1,Connecticut,1,Final Four,2009
4,ACC,31,27–4 13–3,121.8 1,93.1 38,.9564 4,52.7 43,47.2 81,17.1 14,20.7 162,40.5 8,31.9 135,39.3 95,25.1 6,51.5 51,44.7 51,37.3 53,35.0 215,27.7 292,32.7 162,74.5 7,+7.7 5,North Carolina,1,CHAMPS,2009
5,BE,33,28–5 16–2,109.9 48,84.6 2,.9528 5,51.9 63,44.0 10,19.7 106,23.6 33,34.7 99,31.8 131,32.2 280,31.4 58,50.5 75,43.2 26,36.0 85,30.4 17,37.6 67,30.4 86,68.7 88,+8.1 3,Louisville,1,Elite Eight,2009
6,WCC,30,25–5 14–0,114.6 16,88.9 7,.9491 6,55.1 8,42.8 4,16.5 6,22.1 91,31.4 224,30.5 76,34.6 215,29.3 25,52.9 24,38.6 1,39.9 13,33.7 134,31.7 205,35.5 256,69.1 76,+4.5 18,Gonzaga,4,Sweet Sixteen,2009
7,ACC,34,28–6 11–5,116.7 6,90.5 17,.9487 7,50.9 98,47.4 93,17.7 24,23.6 33,37.7 31,33.2 204,41.1 51,30.9 52,50.2 86,46.1 87,34.9 125,34.1 162,35.0 109,25.8 6,68.3 103,+7.9 4,Duke,2,Sweet Sixteen,2009
8,P10,33,25–8 13–5,119.9 3,93.3 39,.9472 8,56.0 4,49.8 199,18.8 64,24.3 18,37.0 44,31.0 95,30.3 311,34.9 139,54.1 10,48.0 160,39.8 15,36.2 273,33.1 161,29.0 45,66.6 169,+4.5 17,UCLA,6,R32,2009
9,BE,34,23–11 10–8,113.7 23,88.9 8,.9441 9,48.6 187,46.4 55,18.2 40,23.6 33,41.0 4,31.4 112,35.5 195,38.3 216,48.1 161,47.1 125,33.1 209,30.0 12,33.8 144,30.3 82,65.8 208,+3.9 19,West Virginia,6,R64,2009
10,B12,34,28–6 12–4,114.5 17,90.2 16,.9397 10,52.8 42,46.2 49,17.0 12,26.0 8,35.0 90,34.2 235,36.6 171,39.3 241,52.4 30,46.3 97,35.8 93,30.8 24,31.7 205,30.6 94,71.9 17,+6.1 9,Missouri,3,Elite Eight,2009
11,B12,32,25–7 14–2,114.4 18,90.6 19,.9360 11,53.6 27,44.6 17,20.9 194,19.7 215,37.0 44,29.1 36,40.2 67,36.6 180,52.1 38,41.6 7,38.0 33,33.5 122,30.1 243,34.5 228,68.2 106,+5.4 12,Kansas,3,Sweet Sixteen,2009
12,P10,33,24–9 11–7,117.2 5,92.9 36,.9353 12,56.3 2,46.6 63,18.7 59,19.7 215,29.9 263,30.3 67,38.0 129,30.4 46,57.5 1,46.3 97,36.6 70,31.4 33,44.7 15,36.6 286,60.9 331,+4.7 16,Arizona St.,6,R32,2009
13,B12,32,27–5 13–3,117.6 4,94.0 43,.9294 13,55.0 11,45.8 40,19.8 112,18.2 302,36.6 57,31.6 124,46.8 8,29.9 36,55.8 4,42.9 24,35.8 93,34.1 162,34.6 123,35.3 249,68.6 90,+7.4 6,Oklahoma,2,Elite Eight,2009
14,B10,34,25–9 11–7,108.9 59,87.1 3,.9283 14,50.7 106,43.9 9,17.6 21,22.8 55,29.4 271,31.4 112,33.4 246,31.0 56,49.7 99,41.6 7,35.1 119,32.8 84,34.4 129,31.1 111,67.8 127,+3.9 20,Purdue,5,Sweet Sixteen,2009
15,B10,32,26–6 15–3,112.0 29,89.8 10,.9270 15,50.1 129,47.6 100,21.1 203,20.8 157,40.9 5,26.1 5,41.8 42,35.4 150,49.1 122,47.3 131,35.3 111,32.0 49,26.2 311,38.5 310,68.1 111,+7.4 7,Michigan St.,2,Finals,2009
16,P10,32,24–8 14–4,111.5 33,90.1 15,.9206 16,49.1 163,47.1 78,20.2 146,20.2 190,41.9 3,30.7 79,45.2 13,33.2 96,48.6 143,45.9 85,34.1 162,33.3 111,20.6 342,28.8 39,73.8 8,+4.9 15,Washington,4,R32,2009
17,BE,34,25–9 11–7,115.7 10,93.5 42,.9201 17,54.4 14,46.8 69,20.5 166,19.4 241,36.1 63,35.9 285,40.2 67,26.1 9,55.1 6,48.4 185,35.4 107,29.5 9,32.2 185,37.5 298,71.3 25,+5.9 11,Syracuse,3,Sweet Sixteen,2009
18,BE,33,26–7 13–5,112.4 25,91.0 23,.9191 18,51.5 78,47.4 93,19.2 81,22.2 86,35.6 73,30.7 79,42.7 31,37.9 207,49.8 95,45.0 61,36.8 64,33.9 150,31.6 208,41.2 337,68.2 106,+6.0 10,Villanova,3,Final Four,2009
19,MWC,31,24–7 12–4,113.8 22,92.5 34,.9157 19,55.1 8,45.4 36,16.5 6,20.1 194,28.6 287,25.7 4,35.4 198,36.3 174,54.2 7,45.6 73,38.0 33,30.0 12,33.8 144,34.4 224,70.1 47,+2.3 34,BYU,8,R64,2009
20,BE,33,24–9 12–6,116.4 7,94.8 54,.9138 20,51.7 70,50.9 254,16.7 8,22.1 91,34.7 99,30.8 87,45.0 16,30.5 49,51.3 58,50.1 251,34.9 125,35.0 215,34.8 118,34.5 228,69.5 64,+3.4 22,Marquette,6,R32,2009
21,ACC,30,24–6 11–5,110.3 43,90.1 13,.9114 21,52.3 57,44.9 27,20.9 194,21.2 135,36.2 62,30.8 87,43.7 25,32.7 84,53.5 17,44.8 56,31.8 266,30.2 15,21.2 340,35.7 264,73.8 8,+5.2 13,Wake Forest,4,R64,2009
22,ACC,31,23–8 9–7,115.8 9,94.9 56,.9077 22,53.3 33,48.2 128,20.3 152,24.4 15,39.6 15,37.4 321,31.8 289,32.6 82,51.4 54,46.1 87,37.9 36,35.8 261,34.7 121,28.1 25,69.3 70,+2.8 26,Clemson,7,R64,2009
23,B10,33,24–9 11–7,106.3 90,87.3 5,.9057 23,51.0 92,43.8 8,19.5 99,21.7 110,30.7 244,32.8 175,22.9 344,26.3 10,50.3 81,44.0 35,35.3 111,29.0 4,28.8 272,31.5 119,63.6 294,+3.8 21,Illinois,5,R64,2009
24,B12,33,22–11 9–7,109.8 50,90.8 20,.8988 24,48.1 208,45.9 43,18.4 51,20.2 190,39.2 20,32.9 180,38.5 116,36.3 174,48.1 161,43.5 29,32.1 253,34.0 156,24.2 328,31.3 114,66.6 169,+2.6 29,Texas,7,R32,2009
25,A10,32,25–7 12–4,109.5 52,90.6 18,.8981 25,52.7 43,44.1 11,21.5 222,18.2 302,37.2 38,27.9 18,46.5 9,33.4 100,49.2 119,41.7 10,40.0 11,33.0 94,32.9 169,30.5 89,67.4 138,+2.9 25,Xavier,4,Sweet Sixteen,2009
26,BE,30,16–14 7–11,109.6 51,90.8 21,.8970 26,52.5 50,45.2 34,22.2 252,21.9 98,33.4 142,36.5 304,42.5 33,33.4 100,54.2 7,44.1 37,33.0 215,31.7 40,35.9 90,32.3 148,64.5 268,-1.1 63,Georgetown,,,2009
27,P10,33,21–12 9–9,107.9 68,90.1 14,.8887 27,51.0 92,46.5 58,21.4 215,19.7 215,37.4 35,30.7 79,42.2 39,32.1 73,51.4 54,44.3 41,32.9 224,33.7 134,21.7 339,34.7 236,65.0 249,+2.5 33,USC,10,R32,2009
28,MWC,32,24–8 12–4,110.0 47,92.1 31,.8852 28,54.9 13,44.7 22,20.7 180,15.8 340,27.0 319,25.3 3,39.9 76,35.9 161,53.9 12,41.9 11,37.6 42,35.0 215,38.0 56,26.6 14,65.7 217,+2.8 27,Utah,5,R64,2009
29,B12,33,22–11 9–7,114.9 14,96.3 76,.8832 29,53.6 27,49.9 207,17.0 12,20.9 151,28.4 293,30.5 76,40.3 66,41.3 274,50.8 67,49.1 216,38.4 25,34.3 173,41.1 29,32.8 167,71.0 28,+2.7 28,Oklahoma St.,8,R32,2009
30,P10,32,22–10 11–7,115.7 11,97.1 84,.8821 30,54.1 19,48.9 156,17.9 28,18.6 292,32.2 186,30.4 71,34.3 223,32.8 86,50.3 81,47.5 140,43.4 1,34.9 208,26.2 311,27.9 24,67.4 138,+3.2 24,California,7,R64,2009
31,B10,31,19–12 10–8,112.7 24,94.8 55,.8791 31,50.6 109,49.1 161,16.9 10,19.2 253,32.3 180,26.1 5,35.2 201,33.3 99,48.1 161,49.3 227,36.9 57,32.3 58,34.6 123,30.5 89,60.4 334,+0.34 47,Wisconsin,12,R32,2009
32,SEC,33,21–12 10–6,114.1 20,96.3 77,.8752 32,50.9 98,50.2 223,18.6 57,21.1 137,38.1 27,31.0 95,36.7 169,37.2 192,52.8 25,50.1 251,31.4 285,33.7 134,33.9 142,37.3 296,69.6 59,+1.3 38,Tennessee,9,R64,2009
33,B10,32,22–10 10–8,111.7 31,95.1 57,.8638 33,55.1 8,48.1 123,20.9 194,21.0 144,28.4 293,33.6 216,38.3 124,24.0 2,54.1 10,44.9 59,37.9 36,35.2 227,35.4 96,40.9 334,64.1 278,+3.2 23,Ohio St.,8,R64,2009
34,B12,31,20–11 9–7,108.8 60,92.8 35,.8619 34,48.8 177,47.3 87,19.9 124,24.5 13,42.3 2,31.3 108,42.1 40,49.7 336,46.5 228,44.7 51,36.0 85,35.3 233,31.3 216,31.8 132,68.8 83,-0.28 54,Kansas St.,,,2009
35,BE,31,17–14 8–10,115.6 12,98.6 119,.8613 35,50.4 114,47.7 103,13.9 2,14.8 343,32.1 192,31.6 124,26.5 340,26.5 11,45.7 260,46.7 109,39.6 19,33.4 114,34.1 138,30.1 75,68.3 103,-0.46 57,Notre Dame,,,2009
36,SEC,33,23–10 9–7,114.4 19,97.6 98,.8610 36,54.4 14,50.7 245,17.5 19,22.3 82,32.5 175,32.1 143,30.5 307,30.2 40,53.9 12,49.2 221,36.8 64,35.8 261,37.3 71,34.1 215,67.0 155,+0.03 50,Florida,,,2009
37,P10,32,17–15 8–10,102.8 138,87.7 6,.8605 37,49.1 163,44.6 17,19.1 75,17.8 316,27.2 316,24.8 1,27.1 337,33.5 104,47.5 189,39.9 3,34.9 125,36.1 271,32.0 193,32.9 176,59.0 341,-1.4 68,Washington St.,,,2009
38,MWC,30,21–9 11–5,108.2 66,92.5 32,.8595 38,49.9 135,47.1 78,20.2 146,23.1 48,37.0 44,32.5 161,34.4 221,34.2 122,48.9 130,46.4 104,34.8 131,32.3 58,31.8 200,33.9 208,62.9 309,+0.6 42,San Diego St.,,,2009
39,ACC,29,17–12 7–9,110.4 41,94.4 52,.8575 39,49.4 150,45.9 43,19.6 102,18.7 284,38.7 23,31.6 124,38.9 103,30.2 40,45.9 251,44.5 47,36.9 57,32.2 52,36.6 78,37.2 291,65.6 220,-0.7 60,Miami FL,,,2009
40,B10,31,21–10 9–9,106.3 88,91.1 24,.8554 40,49.7 139,46.7 64,22.5 266,23.4 39,36.3 61,33.7 219,34.5 217,36.2 172,49.8 95,43.3 27,33.0 215,34.9 208,32.6 176,37.2 291,65.9 205,+1.9 36,Minnesota,10,R64,2009
41,SEC,33,20–13 8–8,106.1 91,91.0 22,.8544 41,53.2 36,44.6 17,24.5 322,20.8 157,35.6 73,31.9 135,40.8 55,33.5 104,53.8 14,40.8 5,34.6 140,34.7 197,29.9 247,33.5 195,68.8 83,-2.1 78,Kentucky,,,2009
42,P10,32,19–13 9–9,116.3 8,99.8 145,.8540 42,53.2 36,50.8 248,19.4 94,18.3 301,36.1 63,34.1 231,37.0 160,25.5 7,50.7 70,49.1 216,39.5 20,35.5 243,29.0 269,40.7 331,65.4 230,+0.7 41,Arizona,12,Sweet Sixteen,2009
43,Horz,30,25–5 15–3,108.6 61,93.3 40,.8518 43,51.7 70,44.3 13,20.0 133,20.8 157,32.3 180,29.6 49,43.3 27,33.8 115,50.7 70,42.0 13,35.3 111,32.3 58,45.2 12,35.3 249,63.8 287,+2.5 31,Butler,9,R64,2009
44,B12,33,19–14 5–11,113.9 21,98.1 110,.8485 44,52.7 43,49.3 174,18.6 57,19.9 200,32.0 199,33.0 187,39.5 90,37.2 192,52.3 33,48.1 168,35.5 104,34.6 191,39.7 39,31.3 114,67.6 135,-0.10 51,Baylor,,,2009
45,SEC,33,26–7 13–3,110.6 38,95.2 60,.8481 45,49.6 145,45.0 31,17.6 21,19.2 253,37.6 32,30.4 71,36.1 184,34.9 139,47.5 189,44.4 43,36.9 57,31.1 28,27.2 297,29.6 62,66.7 165,+2.5 32,LSU,8,R32,2009
46,ACC,34,25–9 10–6,104.0 117,89.6 9,.8467 46,49.2 159,44.5 16,22.9 284,22.6 63,35.0 90,35.9 285,39.2 99,36.1 166,48.1 161,42.0 13,34.3 149,32.7 80,33.6 152,36.3 281,67.2 146,+5.0 14,Florida St.,5,R64,2009
47,MWC,32,21–11 12–4,110.3 42,95.5 64,.8402 47,52.7 43,47.8 108,18.3 48,21.8 105,31.0 238,27.5 11,45.3 12,48.0 330,50.4 77,43.9 34,38.0 33,36.1 271,34.6 123,38.6 311,66.3 183,-1.7 75,New Mexico,,,2009
48,B10,32,19–13 9–9,110.5 39,95.8 69,.8367 48,50.3 118,49.3 174,17.7 24,21.5 123,28.4 293,32.4 157,28.6 329,29.5 28,50.9 65,50.2 258,33.2 200,31.7 40,47.7 5,33.4 191,64.6 263,+0.9 40,Michigan,10,R32,2009
49,P10,31,18–13 6–12,110.9 36,96.2 75,.8363 49,52.0 62,52.2 299,18.8 64,22.2 86,32.0 199,31.4 112,34.5 217,33.5 104,49.4 113,51.5 298,38.1 31,36.2 273,33.7 148,24.6 2,69.3 70,-1.1 62,Stanford,,,2009
50,B12,31,22–9 9–7,110.6 37,96.2 73,.8333 50,50.2 125,48.5 140,19.4 94,18.6 292,36.6 57,29.7 53,47.6 4,29.5 28,48.1 161,46.1 87,36.7 66,35.9 268,30.5 232,30.4 86,65.1 240,+1.9 35,Texas A&M,9,R32,2009
51,CUSA,33,22–11 11–5,108.3 64,94.3 49,.8308 51,51.5 78,47.9 112,16.8 9,20.7 162,28.4 293,29.1 36,35.0 204,30.2 40,52.1 38,47.7 146,33.7 178,32.3 58,35.0 109,32.2 145,67.8 127,-0.42 56,UAB,,,2009
52,WAC,33,29–4 14–2,115.1 13,100.6 160,.8251 52,55.9 5,47.5 96,18.3 48,17.1 326,36.4 59,27.8 17,38.3 124,29.9 36,54.2 7,44.3 41,39.9 13,36.7 295,31.2 217,29.3 55,61.5 327,+2.6 30,Utah St.,11,R64,2009
53,A10,33,22–11 11–5,107.5 74,94.0 45,.8229 53,51.3 82,46.0 46,19.3 90,18.1 308,32.7 167,29.8 57,28.5 330,29.8 34,49.1 122,43.3 27,36.7 66,34.3 173,36.9 73,32.9 176,65.0 249,-0.36 55,Temple,11,R64,2009
54,ACC,33,20–13 7–9,107.4 77,94.1 47,.8207 54,46.8 259,47.5 96,17.9 28,22.5 67,35.0 90,36.9 310,27.7 334,29.8 34,45.7 260,45.5 70,33.1 209,34.4 180,27.9 288,33.9 208,68.0 115,+0.13 49,Maryland,10,R32,2009
55,B12,30,18–12 8–8,102.1 148,89.8 11,.8130 55,50.5 111,49.2 169,18.1 37,27.1 2,23.3 339,33.0 187,37.8 139,38.4 219,48.2 156,48.6 194,36.4 72,33.4 114,36.1 87,38.2 308,63.6 294,-1.2 65,Nebraska,,,2009
56,SEC,30,21–9 10–6,107.0 80,94.4 50,.8096 56,50.6 109,47.9 112,18.0 31,26.1 6,34.4 109,37.3 317,33.3 251,36.1 166,48.3 152,47.3 131,37.4 48,33.0 94,29.5 259,26.8 16,73.8 8,-0.18 52,South Carolina,,,2009
57,B10,30,17–13 8–10,109.4 54,96.5 81,.8086 57,52.6 47,49.5 183,18.4 51,24.7 12,27.6 310,35.6 280,29.8 322,35.6 156,48.9 130,48.1 168,38.6 24,34.4 180,42.1 20,39.2 319,61.7 321,-1.5 70,Northwestern,,,2009
58,MVC,33,26–7 14–4,110.2 44,97.3 88,.8072 58,51.8 67,47.8 108,18.2 40,24.0 21,28.9 281,34.3 239,40.0 73,38.2 213,48.4 151,45.7 78,38.3 28,34.6 191,37.8 62,32.9 176,69.0 78,+0.6 43,Creighton,,,2009
59,CAA,33,24–9 14–4,107.9 70,95.3 61,.8068 59,52.2 60,45.0 31,19.0 71,21.8 105,32.2 186,34.2 235,36.3 182,37.7 200,50.7 70,42.6 20,36.9 57,33.4 114,32.0 193,31.7 127,67.4 138,-2.1 79,VCU,11,R64,2009
60,SEC,32,21–11 10–6,105.2 101,93.0 37,.8050 60,50.3 118,47.9 112,18.7 59,23.3 40,31.5 216,30.7 79,36.9 163,38.4 219,51.1 60,46.3 97,32.7 234,33.5 122,39.3 43,40.4 329,69.2 74,-1.4 67,Auburn,,,2009
61,ACC,33,22–11 9–7,112.3 26,99.3 134,.8049 61,50.0 132,47.2 81,19.6 102,18.4 299,40.8 7,37.1 313,37.0 160,34.7 136,49.7 99,46.4 104,33.7 178,32.7 80,32.2 185,30.1 75,67.0 155,+0.6 44,Boston College,7,R64,2009
62,CUSA,33,23–10 12–4,103.8 119,91.9 29,.8028 62,50.4 114,43.2 5,21.7 232,17.1 326,34.2 117,28.3 24,41.4 47,38.4 219,49.9 91,44.4 43,34.3 149,26.9 1,30.5 232,29.5 59,64.9 254,+0.49 45,Tulsa,,,2009
63,WCC,30,24–6 10–4,109.1 57,96.8 82,.7982 63,50.1 129,45.8 40,18.5 54,17.8 316,40.0 9,30.1 65,41.0 53,29.6 31,49.9 91,44.2 39,33.6 184,33.6 129,34.6 123,26.1 9,66.7 165,+1.4 37,Saint Mary's,,,2009
64,MVC,33,24–9 11–7,107.9 69,95.8 68,.7979 64,52.3 57,46.7 64,19.4 94,19.9 200,33.2 151,26.8 9,34.2 228,30.1 38,48.9 130,47.3 131,38.1 31,30.4 17,41.3 24,36.1 274,65.6 220,-1.8 76,Illinois St.,,,2009
65,SEC,34,22–12 9–7,107.2 79,95.2 59,.7974 65,50.3 118,44.7 22,19.8 112,18.9 272,31.2 231,35.5 277,41.3 49,29.4 27,47.8 177,42.0 13,36.1 82,33.9 150,40.0 36,31.0 109,68.7 88,-1.6 71,Mississippi St.,13,R64,2009
66,SC,32,25–7 18–2,104.1 113,92.5 33,.7969 66,50.4 114,44.9 27,17.1 14,23.9 24,34.5 106,31.3 108,32.9 262,41.6 279,48.8 135,42.6 20,35.2 117,32.9 90,39.3 43,34.5 228,71.4 23,-1.0 61,Davidson,,,2009
67,MWC,31,21–10 9–7,105.1 103,93.4 41,.7960 67,49.2 159,48.1 123,17.7 24,23.7 31,29.1 277,32.2 147,38.3 124,34.4 129,47.5 189,45.8 81,34.7 137,35.3 233,39.3 43,32.2 145,67.1 152,-0.24 53,UNLV,,,2009
68,CUSA,32,21–11 10–6,108.2 65,96.4 78,.7913 68,47.3 236,46.4 55,13.8 1,21.6 116,33.2 151,34.9 260,36.8 167,32.5 81,46.6 224,45.0 61,32.7 234,33.2 107,28.4 281,29.8 66,69.7 56,-2.4 83,Houston,,,2009
69,ACC,32,18–14 7–9,108.4 63,96.5 80,.7911 69,48.9 170,46.9 73,19.9 124,18.5 296,35.0 90,31.8 131,40.7 60,32.8 86,48.0 168,46.1 87,34.0 166,32.3 58,31.6 208,34.7 236,66.7 165,-1.7 74,Virginia Tech,,,2009
70,SEC,31,19–12 8–8,105.3 99,94.3 48,.7819 70,50.9 98,45.8 40,22.1 247,18.5 296,33.7 136,29.5 46,43.8 23,31.7 64,50.9 65,42.0 13,33.9 169,35.7 252,34.2 134,33.4 191,66.9 160,-2.6 84,Vanderbilt,,,2009
71,MAAC,33,26–7 16–2,108.9 58,97.5 94,.7813 71,51.6 76,49.1 161,18.1 37,23.3 40,33.9 131,34.8 256,36.3 182,24.1 3,52.0 42,48.3 181,33.5 188,33.8 141,25.3 319,32.3 148,71.9 17,+0.27 48,Siena,9,R32,2009
72,Horz,32,22–10 12–6,102.1 147,91.6 27,.7770 72,46.9 255,45.9 43,19.3 90,24.5 13,33.5 140,33.9 226,37.1 156,37.1 191,47.1 205,44.5 47,31.0 303,32.8 84,28.3 283,30.4 86,65.1 240,-1.3 66,Cleveland St.,13,R32,2009
73,B10,33,22–11 10–8,109.9 49,98.7 123,.7750 73,50.9 98,49.4 180,17.4 17,18.9 272,32.5 175,28.5 27,33.1 256,24.5 4,48.6 143,49.5 232,36.4 72,32.8 84,38.2 55,37.5 298,63.2 304,+0.42 46,Penn St.,,,2009
74,BE,32,19–13 10–8,110.4 40,99.2 130,.7731 74,50.9 98,50.6 239,19.8 112,20.0 196,37.1 42,35.9 285,39.3 95,29.0 22,52.3 33,50.3 264,32.2 250,34.1 162,34.9 114,33.0 180,73.0 12,-0.6 58,Providence,,,2009
75,A10,32,22–10 11–5,112.2 28,101.0 166,.7709 75,53.3 33,50.9 254,18.5 54,21.3 128,36.8 52,32.5 161,34.7 212,33.4 100,51.0 62,51.7 306,39.7 16,32.9 90,26.4 307,32.2 145,69.5 64,-1.2 64,Rhode Island,,,2009
76,BE,31,16–15 7–11,109.4 53,98.6 122,.7673 76,48.8 177,47.7 103,17.3 16,21.1 137,31.6 210,40.3 341,33.4 246,44.3 306,48.6 143,47.7 146,32.9 224,31.9 45,31.6 208,30.1 75,69.5 64,-2.8 85,Seton Hall,,,2009
77,ACC,30,16–14 6–10,111.9 30,100.9 164,.7656 77,53.8 21,47.9 112,21.6 225,16.7 333,35.7 71,32.9 180,37.8 139,28.3 19,52.5 28,47.0 121,37.5 47,33.4 114,33.1 161,29.0 45,64.3 273,-3.1 88,N.C. State,,,2009
78,MAAC,34,26–8 14–4,107.7 73,97.4 91,.7603 78,47.7 222,45.5 38,18.5 54,23.2 45,38.9 22,39.1 335,41.6 46,32.8 86,48.5 148,44.0 35,31.1 298,32.6 74,39.1 47,30.2 80,70.1 47,-1.5 69,Niagara,,,2009
79,A10,33,26–7 11–5,101.2 165,91.6 28,.7587 79,47.7 222,45.7 39,20.8 186,22.3 82,38.0 30,29.7 53,39.1 100,36.4 176,46.9 211,44.5 47,33.1 209,31.7 40,29.8 252,38.0 303,66.1 193,+1.3 39,Dayton,11,R32,2009
80,Sum,30,24–6 16–2,111.7 32,101.1 169,.7578 80,54.3 16,49.7 197,16.9 10,18.9 272,32.9 162,27.6 14,37.8 139,29.6 31,51.8 45,48.3 181,40.2 9,35.7 252,30.2 240,25.8 6,69.2 74,-0.7 59,North Dakota St.,14,R64,2009
81,BE,31,17–14 8–10,107.4 75,97.6 95,.7517 81,48.4 195,47.2 81,20.8 186,19.1 256,39.4 17,34.7 250,30.3 311,35.3 149,47.7 182,46.8 113,33.0 215,32.2 52,37.9 59,31.9 135,65.0 249,-1.6 73,Cincinnati,,,2009
82,CUSA,31,19–12 10–6,104.8 106,95.6 65,.7426 82,46.0 286,47.5 96,17.6 21,20.5 174,32.5 175,29.3 41,47.8 3,45.9 321,45.8 258,47.6 143,31.1 298,31.5 37,28.5 279,31.3 114,71.6 22,-2.9 86,UTEP,,,2009
83,B10,32,15–17 5–13,107.3 78,98.0 104,.7380 83,53.0 41,49.8 199,21.6 225,19.1 256,28.2 302,31.0 95,33.8 237,32.0 69,51.6 49,48.0 160,36.4 72,35.3 233,48.3 3,35.9 270,58.8 343,-4.5 103,Iowa,,,2009
84,Horz,30,21–9 13–5,111.0 35,101.4 181,.7370 84,51.7 70,47.7 103,19.1 75,22.6 63,34.1 120,37.5 322,38.7 112,38.7 230,46.1 245,46.8 113,41.1 3,32.8 84,36.2 86,36.2 278,66.0 200,-2.1 81,Green Bay,,,2009
85,MVC,32,22–10 14–4,108.6 62,99.8 146,.7239 85,51.9 63,48.8 150,18.4 51,17.0 328,28.3 299,26.6 8,42.6 32,31.5 61,51.9 44,46.2 92,34.5 143,35.3 233,37.1 72,38.1 305,62.2 317,-1.6 72,Northern Iowa,12,R64,2009
86,SEC,31,16–15 7–9,110.1 46,101.7 186,.7131 86,49.2 159,48.8 150,19.2 81,17.6 321,35.6 73,34.9 260,34.2 228,36.9 187,48.2 156,48.8 205,34.0 166,32.6 74,34.6 123,34.9 241,67.7 131,-4.3 100,Mississippi,,,2009
87,A10,33,21–12 9–7,112.2 27,103.8 234,.7116 87,54.2 18,51.7 283,19.3 90,22.6 63,32.3 180,35.9 285,37.4 151,32.9 93,55.3 5,51.6 300,35.1 119,34.7 197,41.5 22,34.2 219,70.6 34,-2.9 87,Duquesne,,,2009
88,AE,31,23–8 13–3,106.0 92,98.0 106,.7113 88,53.1 40,46.5 58,20.6 172,22.8 55,32.4 178,33.9 226,47.2 7,36.8 182,52.3 33,44.4 43,36.9 57,34.3 173,27.1 299,30.1 75,70.4 43,-3.7 94,Vermont,,,2009
89,ACC,31,12–19 2–14,99.0 212,91.6 26,.7102 89,47.9 213,47.1 78,22.7 276,21.9 98,34.7 99,32.2 147,35.6 194,38.0 210,47.7 182,46.3 97,32.3 244,32.4 65,26.3 309,33.5 195,71.9 17,-7.2 150,Georgia Tech,,,2009
90,CAA,32,22–10 13–5,102.8 137,95.2 58,.7089 90,49.7 139,45.1 33,18.7 59,20.2 190,34.4 109,31.1 101,33.5 244,30.2 40,49.6 107,44.9 59,33.1 209,30.3 16,29.3 264,35.7 264,63.7 290,-3.5 92,George Mason,,,2009
91,B12,32,13–19 3–13,107.4 76,99.7 143,.7021 91,50.3 118,50.3 225,19.7 106,17.9 314,28.1 305,32.5 161,37.6 145,41.8 281,47.9 173,48.8 205,36.9 57,35.6 248,32.3 183,32.3 148,73.0 12,-5.4 118,Texas Tech,,,2009
92,MAC,34,22–12 10–6,101.1 166,94.0 44,.6982 92,48.2 204,45.2 34,20.9 194,26.8 4,34.5 106,36.3 296,36.4 179,45.0 315,47.4 193,45.8 81,32.9 224,29.3 7,39.8 38,33.0 180,66.0 200,-5.2 114,Akron,13,R64,2009
93,Sum,30,15–15 14–4,101.5 156,94.4 51,.6965 93,48.8 177,47.3 87,20.7 180,20.7 162,35.5 76,31.1 101,41.0 53,35.0 144,49.9 91,45.6 73,30.8 309,34.9 208,30.2 240,25.5 4,68.9 80,-7.1 146,Oral Roberts,,,2009
94,SEC,30,16–14 7–9,104.7 107,97.6 97,.6915 94,47.8 218,46.7 64,20.8 186,19.8 209,38.1 27,36.0 291,38.4 118,31.7 64,47.2 199,46.7 109,33.0 215,31.1 28,24.6 325,35.0 245,68.2 106,-4.7 107,Alabama,,,2009
95,MAC,30,17–13 10–6,101.4 159,94.8 53,.6865 95,48.8 177,46.9 73,21.6 225,21.6 116,31.2 231,31.5 120,34.6 215,33.6 109,48.3 152,46.2 92,33.2 200,32.2 52,31.9 195,32.5 156,61.7 321,-4.4 101,Miami OH,,,2009
96,A10,32,17–15 9–7,104.0 116,97.3 89,.6827 96,48.7 184,47.3 87,20.0 133,19.0 266,31.5 216,33.1 199,40.2 67,29.7 33,48.1 161,45.8 81,33.4 195,33.7 134,28.2 285,31.6 124,65.2 234,-6.3 127,Saint Joseph's,,,2009
97,Horz,33,20–13 12–6,98.3 222,92.0 30,.6796 97,46.7 262,44.6 17,19.9 124,24.0 21,29.6 266,34.6 248,40.6 62,37.7 200,45.7 260,41.6 7,32.3 244,33.0 94,35.4 96,38.0 303,62.6 311,-5.3 116,Wright St.,,,2009
98,ACC,28,10–18 4–12,102.3 143,95.9 71,.6762 98,46.3 271,49.1 161,20.7 180,19.7 215,35.1 88,32.6 170,32.2 280,34.9 139,45.9 251,48.6 194,31.6 276,33.4 114,29.4 260,31.7 127,68.4 98,-6.4 129,Virginia,,,2009
99,Slnd,27,20–7 13–3,95.8 256,89.9 12,.6753 99,48.4 195,42.6 3,18.2 40,21.6 116,26.5 323,28.0 20,29.8 322,39.0 236,48.7 137,42.5 18,31.9 262,28.6 2,31.6 208,27.7 20,63.4 300,-2.4 82,Stephen F. Austin,14,R64,2009
100,WAC,31,19–12 11–5,103.6 121,97.3 90,.6727 100,46.2 279,47.3 87,17.4 17,19.8 209,34.0 125,31.7 128,40.6 62,41.8 281,46.9 211,44.7 51,29.6 324,36.2 273,28.1 286,26.7 15,67.7 131,-4.7 105,Nevada,,,2009
101,CAA,30,18–12 12–6,103.4 124,97.8 101,.6555 101,48.9 170,47.9 112,20.6 172,22.9 52,33.3 147,32.9 180,39.9 76,38.6 227,48.2 156,46.4 104,33.5 188,34.0 156,33.5 154,32.7 162,61.4 329,-4.7 108,Northeastern,,,2009
102,SB,31,23–8 15–3,108.1 67,102.2 196,.6543 102,51.9 63,49.1 161,20.2 146,20.0 196,37.5 34,31.4 112,34.0 232,32.0 69,49.8 95,47.6 143,37.0 56,34.8 204,37.4 69,32.1 141,66.4 178,-2.0 77,Western Kentucky,12,R32,2009
103,BE,33,16–17 6–12,101.5 155,96.2 74,.6506 103,46.2 279,50.1 219,21.8 236,21.1 137,37.6 32,32.6 170,37.1 156,34.9 139,46.5 228,48.4 185,30.2 314,36.0 270,24.3 327,30.0 72,66.6 169,-4.4 102,St. John's,,,2009
104,B12,32,15–17 4–12,101.1 167,95.8 70,.6494 104,50.3 118,47.3 87,18.0 31,15.6 341,23.2 340,27.6 14,28.3 332,28.1 17,49.1 122,45.7 78,34.7 137,33.6 129,39.7 39,34.3 220,65.1 240,-5.7 121,Iowa St.,,,2009
105,Ivy,28,19–9 11–3,106.3 89,100.8 163,.6475 105,54.0 20,46.3 52,19.7 106,20.4 180,32.3 180,30.4 71,32.9 262,34.0 120,50.5 75,46.3 97,40.7 5,30.8 24,33.3 158,29.3 55,67.2 146,-4.7 106,Cornell,14,R64,2009
106,WCC,30,18–12 9–5,105.4 98,100.0 150,.6465 106,53.5 30,48.5 140,21.3 214,20.9 151,33.5 140,30.7 79,33.0 259,46.9 326,48.5 148,48.6 194,41.8 2,32.3 58,35.1 105,32.8 167,65.5 227,-4.5 104,Portland,,,2009
107,A10,31,18–13 9–7,104.6 111,99.3 133,.6453 107,48.9 170,48.4 134,20.8 186,18.7 284,36.7 55,30.0 63,39.8 81,32.8 86,48.3 152,46.3 97,33.5 188,35.6 248,28.4 281,29.9 68,67.9 121,-5.4 117,La Salle,,,2009
108,A10,32,17–15 9–7,105.9 93,100.6 159,.6431 108,51.7 70,48.7 145,17.9 28,22.5 67,28.6 287,35.4 275,33.6 241,43.7 303,53.0 23,47.8 151,33.0 215,33.9 150,36.6 78,30.7 98,64.8 257,-7.0 142,Richmond,,,2009
109,BW,29,16–13 11–5,100.8 175,96.1 72,.6333 109,51.6 76,48.1 123,24.4 319,23.9 24,36.8 52,32.1 143,34.3 223,42.8 290,50.4 77,47.7 146,36.0 85,32.5 70,33.6 152,38.2 308,73.0 12,-6.6 134,Cal St. Northridge,15,R64,2009
110,BW,30,18–12 10–6,106.7 82,101.8 188,.6319 110,53.8 21,49.6 190,20.1 142,20.3 183,32.6 172,29.8 57,34.8 210,35.4 150,50.2 86,47.3 131,39.7 16,35.5 243,37.9 59,38.1 305,59.5 339,-6.2 126,Pacific,,,2009
111,MAC,32,21–11 11–5,100.0 194,95.4 63,.6314 111,46.3 271,48.1 123,21.4 215,22.4 75,38.1 27,28.1 22,35.5 195,36.2 172,44.4 288,46.8 113,34.2 156,34.0 156,27.1 299,30.7 98,65.9 205,-4.2 98,Buffalo,,,2009
112,SEC,30,14–16 2–14,104.1 114,99.5 139,.6280 112,49.3 155,51.3 270,19.2 81,20.9 151,33.9 131,31.1 101,37.3 153,31.7 64,49.1 122,48.8 205,33.2 200,36.9 305,33.4 156,36.9 289,70.2 45,-6.8 137,Arkansas,,,2009
113,MVC,29,16–13 8–10,101.4 161,96.9 83,.6270 113,47.9 213,49.5 183,19.8 112,22.1 91,30.1 257,30.0 63,45.6 11,35.7 158,47.7 182,48.9 210,32.5 238,33.8 141,19.1 344,34.6 234,67.7 131,-5.6 120,Evansville,,,2009
114,ASun,31,18–13 15–5,106.4 87,101.9 190,.6207 114,50.4 114,50.5 235,20.9 194,23.3 40,39.8 14,30.8 87,40.8 55,42.7 287,49.1 122,48.5 189,35.4 107,37.1 313,30.9 226,28.9 41,67.6 135,-7.2 148,Jacksonville,,,2009
115,CAA,31,21–10 12–6,103.2 131,99.0 128,.6154 115,48.9 170,47.9 112,20.0 133,20.9 151,40.0 9,30.4 71,33.0 259,27.6 14,48.7 137,47.0 121,33.0 215,33.1 103,26.3 309,35.6 259,62.8 310,-4.2 97,Old Dominion,,,2009
116,Sum,33,21–12 13–5,111.0 34,106.7 281,.6128 116,54.3 16,50.8 248,19.1 75,18.7 284,34.9 94,35.5 277,35.5 195,27.9 15,53.5 17,48.0 160,37.2 54,37.2 314,34.9 114,35.3 249,66.0 200,-4.1 96,Oakland,,,2009
117,BSky,29,20–9 11–5,106.9 81,102.8 209,.6102 117,53.4 31,50.6 239,19.9 124,21.7 110,33.2 151,32.5 161,29.7 324,32.6 82,51.0 62,50.1 251,37.6 42,34.5 184,44.8 14,30.0 72,66.6 169,-3.8 95,Portland St.,13,R64,2009
118,ASun,32,22–10 14–6,103.9 118,99.9 148,.6101 118,51.3 82,47.9 112,19.1 75,22.7 61,32.0 199,31.8 131,39.8 81,32.1 73,51.4 54,46.9 119,34.2 156,32.9 90,29.2 266,42.4 342,71.3 25,-5.7 122,East Tennessee St.,16,R64,2009
119,MWC,30,13–17 5–11,100.9 170,97.2 85,.6076 119,48.0 211,51.7 283,21.1 203,21.8 105,28.3 299,27.5 11,38.6 113,37.7 200,47.9 173,52.2 316,32.1 253,33.9 150,35.3 102,34.3 220,64.6 263,-7.4 153,TCU,,,2009
120,WAC,32,17–15 9–7,107.8 71,103.8 235,.6072 120,52.5 50,48.8 150,18.8 64,20.6 170,32.1 192,37.9 327,37.7 144,35.4 150,49.3 116,48.0 160,40.0 11,33.8 141,29.9 247,33.0 180,70.6 34,-6.9 138,New Mexico St.,,,2009
121,MVC,32,18–14 10–8,103.5 123,99.7 144,.6056 121,49.0 167,49.5 183,22.1 247,22.9 52,33.6 139,34.3 239,45.1 14,36.0 163,49.7 99,47.5 140,31.8 266,35.2 227,35.3 102,37.5 298,65.7 217,-5.8 124,Bradley,,,2009
122,ASun,31,19–12 14–6,105.0 104,101.2 173,.6030 122,52.6 47,50.3 225,20.1 142,22.9 52,32.9 162,33.1 199,34.5 217,36.5 177,52.7 27,50.8 276,35.0 123,33.1 103,47.6 6,35.8 268,69.8 52,-6.9 140,Belmont,,,2009
123,MAC,32,18–14 10–6,101.4 160,97.8 102,.6017 123,48.4 195,46.3 52,19.2 81,24.0 21,32.7 167,34.8 256,34.3 223,41.1 269,48.0 168,45.9 85,32.9 224,31.4 33,29.7 254,32.4 155,67.2 146,-6.9 139,Kent St.,,,2009
124,Pat,31,24–7 13–1,103.0 133,99.4 138,.6002 124,53.7 24,44.9 27,21.4 215,20.7 162,31.9 204,29.4 42,32.8 268,35.2 146,52.1 38,42.6 20,37.7 40,33.0 94,37.6 67,33.3 188,61.6 324,-2.1 80,American,14,R64,2009
125,CUSA,30,16–14 7–9,104.7 108,101.3 175,.5928 125,50.2 125,49.9 207,21.1 203,20.6 170,35.2 85,33.3 209,33.7 240,42.7 287,49.6 107,48.7 200,34.2 156,34.6 191,36.1 87,38.1 305,67.4 138,-6.4 128,UCF,,,2009
126,BE,31,9–22 4–14,100.4 183,97.2 86,.5917 126,44.7 316,47.2 81,20.0 133,18.0 311,34.4 109,35.2 269,34.9 206,37.7 200,44.7 278,46.8 113,29.7 321,32.2 52,31.8 200,30.6 94,62.2 317,-9.1 187,South Florida,,,2009
127,MVC,31,15–16 8–10,100.8 176,97.8 100,.5854 127,48.6 187,49.9 207,22.6 269,21.0 144,36.1 63,26.5 7,32.7 271,41.2 271,48.7 137,47.9 156,32.3 244,35.8 261,33.0 166,34.1 215,63.4 300,-7.6 157,Wichita St.,,,2009
128,MVC,31,16–15 7–11,101.3 164,98.4 115,.5815 128,49.4 150,48.9 156,20.3 152,20.6 170,28.2 302,30.3 67,40.7 60,28.2 18,47.2 199,47.0 121,34.8 131,34.5 184,45.4 10,40.3 328,64.1 278,-7.9 164,Drake,,,2009
129,Slnd,26,14–12 12–4,105.4 97,102.5 202,.5810 129,51.0 92,50.4 229,21.0 200,20.9 151,35.4 80,32.3 154,42.0 41,47.4 328,48.5 148,49.5 232,36.7 66,34.8 204,38.5 51,31.3 114,67.1 152,-7.1 144,Sam Houston St.,,,2009
130,BSky,29,20–9 15–1,101.5 158,98.6 120,.5807 130,55.5 6,48.5 140,21.4 215,20.2 190,23.6 338,26.9 10,41.4 47,37.7 200,53.4 19,47.4 138,39.0 23,33.6 129,40.6 33,34.9 241,68.2 106,-3.6 93,Weber St.,,,2009
131,P10,28,11–17 7–11,102.0 149,99.3 135,.5766 131,51.8 67,52.6 305,21.8 236,20.6 170,26.9 321,31.6 124,29.4 325,29.0 22,51.8 45,52.3 319,34.6 140,35.4 239,35.6 93,41.2 337,59.6 338,-5.2 115,Oregon St.,,,2009
132,Horz,30,15–15 7–11,103.3 126,100.7 161,.5748 132,46.5 265,47.6 100,19.8 112,19.7 215,35.5 76,32.1 143,32.2 280,32.7 84,43.0 317,46.8 113,36.2 76,32.5 70,31.1 221,40.2 327,66.8 163,-7.7 158,Illinois Chicago,,,2009
133,MWC,30,17–13 7–9,105.8 94,103.3 219,.5671 133,51.9 63,49.6 190,20.3 152,15.3 342,25.9 331,28.8 30,54.7 1,31.3 57,51.1 60,50.1 251,35.7 97,32.4 65,34.2 134,34.9 241,70.9 29,-3.3 90,Wyoming,,,2009
134,BE,32,11–21 2–16,97.6 228,95.4 62,.5670 134,46.3 271,46.0 46,23.2 295,17.8 316,34.5 106,32.9 180,32.2 280,32.8 86,47.2 199,45.6 73,29.6 324,31.4 33,32.3 183,26.2 10,65.6 220,-9.0 184,Rutgers,,,2009
135,OVC,29,17–12 13–5,100.9 172,98.6 121,.5652 135,48.7 184,48.4 134,20.4 160,21.7 110,37.0 44,31.3 108,39.7 84,39.9 252,49.4 113,48.5 189,31.2 294,32.2 52,29.4 260,30.0 72,63.9 284,-7.2 149,Murray St.,,,2009
136,A10,29,11–18 7–9,103.3 128,101.2 174,.5588 136,50.5 111,50.0 213,20.0 133,18.9 272,28.7 286,34.4 243,28.8 328,29.5 28,48.0 168,48.8 205,36.0 85,35.2 227,40.8 31,29.7 64,69.8 52,-9.4 194,Massachusetts,,,2009
137,CUSA,29,12–17 4–12,104.8 105,102.8 208,.5575 137,46.2 279,51.2 263,15.5 4,18.7 284,30.5 249,29.1 36,39.9 76,39.9 252,46.0 248,49.2 221,31.3 291,36.5 286,20.2 343,36.2 278,63.8 287,-8.3 173,Southern Miss,,,2009
138,A10,31,17–14 8–8,100.2 188,98.2 111,.5571 138,48.4 195,46.8 69,20.2 146,18.6 292,30.1 257,29.5 46,38.6 113,34.2 122,47.2 199,48.3 181,34.1 162,28.6 2,31.2 217,27.5 18,61.2 330,-6.6 132,Saint Louis,,,2009
139,A10,31,11–20 5–11,102.2 144,100.2 155,.5561 139,46.9 255,49.6 190,19.2 81,22.4 75,33.4 142,35.9 285,32.8 268,41.1 269,47.6 186,46.2 92,30.6 311,36.9 305,38.6 50,37.1 290,66.9 160,-11.0 217,Charlotte,,,2009
140,P10,31,8–23 2–16,103.0 132,101.1 168,.5538 140,46.9 255,55.1 337,21.4 215,21.4 125,32.7 167,36.4 300,37.9 133,43.5 300,42.7 321,53.6 332,35.8 93,39.1 339,37.8 62,28.7 33,69.7 56,-8.5 176,Oregon,,,2009
141,WCC,31,14–17 7–7,99.4 206,97.6 96,.5523 141,51.0 92,46.9 73,24.7 324,17.7 319,33.0 157,29.9 60,36.9 163,38.2 213,50.8 67,44.8 56,34.3 149,34.3 173,32.5 177,31.6 124,65.3 232,-8.8 181,Santa Clara,,,2009
142,OVC,29,20–9 14–4,105.2 102,103.4 222,.5489 142,50.2 125,50.0 213,18.2 40,22.5 67,37.0 44,36.4 300,31.5 291,36.0 163,51.3 58,49.4 230,32.2 250,34.1 162,36.7 77,32.5 156,69.4 69,-4.8 109,Tennessee Martin,,,2009
143,NEC,34,24–10 15–3,101.3 163,99.6 142,.5469 143,53.7 24,48.7 145,22.8 281,23.9 24,32.9 162,32.1 143,37.3 153,39.7 248,51.0 62,45.5 70,39.7 16,36.7 295,30.9 226,33.9 208,67.2 146,-5.0 111,Robert Morris,15,R64,2009
144,CAA,29,15–14 10–8,97.0 234,95.6 66,.5415 144,41.9 341,43.6 7,19.0 71,17.4 323,39.5 16,32.0 139,38.8 109,38.3 216,40.7 339,41.5 6,29.8 319,33.3 111,29.7 254,25.1 3,64.1 278,-7.8 160,Drexel,,,2009
145,NEC,32,19–13 12–6,99.7 200,98.3 114,.5406 145,49.6 145,46.7 64,19.8 112,22.4 75,35.3 84,32.8 175,34.9 206,35.9 161,49.4 113,45.2 64,33.5 188,33.5 122,25.8 315,29.5 59,65.5 227,-7.8 161,Mount St. Mary's,,,2009
146,MVC,30,12–18 8–10,100.1 191,98.8 126,.5376 146,47.9 213,49.1 161,22.9 284,21.9 98,30.8 242,33.2 204,38.4 118,49.6 334,43.8 301,47.4 138,37.8 39,35.1 223,32.1 190,33.6 199,65.2 234,-9.5 195,Southern Illinois,,,2009
147,Slnd,27,13–14 9–7,107.7 72,106.4 274,.5351 147,52.5 50,51.3 270,19.2 81,19.5 235,31.6 210,30.9 91,35.7 191,43.2 296,53.4 19,50.8 276,33.8 175,34.7 197,33.7 148,41.0 335,70.0 50,-9.0 183,UT Arlington,,,2009
148,WAC,30,15–15 9–7,102.8 135,101.7 184,.5322 148,51.7 70,49.7 197,19.7 106,21.6 116,28.9 281,35.2 269,40.6 62,36.5 177,50.6 74,47.8 151,36.0 85,35.5 243,31.7 205,34.7 236,63.5 298,-7.9 163,Idaho,,,2009
149,CAA,33,19–14 9–9,103.3 129,102.2 193,.5304 149,51.0 92,48.0 121,20.4 160,18.7 284,31.0 238,31.9 135,39.4 93,33.8 115,50.1 90,49.2 221,35.0 123,30.7 23,36.4 85,36.7 287,67.4 138,-8.2 170,James Madison,,,2009
150,CUSA,29,12–17 7–9,105.4 96,104.4 245,.5296 150,48.5 191,54.4 332,19.6 102,21.0 144,33.7 136,30.1 65,41.3 49,44.7 311,49.5 110,51.6 300,31.2 294,41.2 343,35.9 90,27.5 18,66.0 200,-9.0 182,Marshall,,,2009
151,SB,31,23–8 15–3,98.7 217,97.8 99,.5281 151,49.7 139,45.4 36,22.6 269,21.1 137,33.4 142,31.5 120,44.9 17,40.4 262,48.3 152,44.2 39,35.7 97,31.9 45,28.0 287,32.3 148,66.1 193,-3.1 89,Little Rock,,,2009
152,WAC,30,18–12 9–7,101.0 169,100.1 153,.5250 152,52.4 54,49.2 169,20.9 194,18.7 284,29.4 271,32.6 170,30.2 313,36.8 182,52.4 30,48.2 176,34.8 131,34.4 180,31.9 195,28.6 32,69.6 59,-5.7 123,Boise St.,,,2009
153,MAC,30,17–13 11–5,100.2 185,99.5 140,.5203 153,48.4 195,44.6 17,20.6 172,19.3 249,33.3 147,32.4 157,31.4 295,35.7 158,46.2 242,44.1 37,35.2 117,30.4 17,32.4 181,33.6 199,63.9 284,-7.0 141,Bowling Green,,,2009
154,SB,31,17–14 10–8,102.6 140,101.8 189,.5202 154,48.5 191,51.1 259,18.0 31,21.9 98,35.2 85,28.8 30,38.9 103,44.9 314,49.6 107,49.3 227,30.4 313,36.7 295,26.8 304,32.1 141,64.7 259,-9.0 185,Middle Tennessee,,,2009
155,Horz,30,16–14 11–7,101.7 153,101.1 170,.5145 155,46.2 279,46.8 69,19.0 71,17.0 328,33.0 157,30.9 91,34.5 217,33.7 112,42.6 322,44.7 51,34.2 156,34.6 191,41.3 24,29.6 62,68.6 90,-6.6 133,Milwaukee,,,2009
156,WCC,30,14–16 6–8,96.8 240,96.5 79,.5093 156,47.6 227,47.7 103,20.8 186,22.8 55,28.5 292,33.7 219,33.1 256,39.0 236,46.5 228,45.7 78,33.6 184,35.0 215,27.8 290,29.4 58,63.3 303,-7.8 159,San Diego,,,2009
157,B12,30,8–22 1–15,100.3 184,100.0 152,.5068 157,51.3 82,52.6 305,22.0 243,22.2 86,22.3 341,34.5 245,39.6 87,37.9 207,50.7 70,51.4 296,34.9 125,36.7 295,33.7 148,32.0 139,63.1 307,-10.9 216,Colorado,,,2009
158,MEAC,33,22–11 13–3,98.2 225,98.0 103,.5063 158,47.0 247,44.2 12,19.8 112,22.8 55,38.6 24,33.0 187,34.0 232,41.0 267,45.5 266,43.8 32,34.1 162,30.1 14,26.1 313,27.1 17,66.4 178,-5.6 119,Morgan St.,15,R64,2009
159,SB,31,19–12 11–7,106.4 86,106.3 270,.5040 159,48.9 170,50.6 239,18.0 31,17.6 321,34.4 109,30.5 76,48.6 2,43.9 305,46.8 218,49.9 246,35.5 104,34.9 208,32.2 185,26.3 11,69.7 56,-6.4 130,North Texas,,,2009
160,BW,30,15–15 10–6,103.3 130,103.2 214,.5024 160,51.3 82,51.7 283,20.7 180,19.9 200,31.0 238,32.2 147,37.6 145,38.6 227,52.3 33,50.1 251,33.0 215,36.4 283,36.9 73,35.3 249,67.0 155,-8.1 167,Long Beach St.,,,2009
161,OVC,28,16–12 10–8,110.2 45,110.2 321,.4985 161,56.2 3,53.0 318,18.2 40,22.8 55,31.5 216,40.6 342,28.4 331,31.4 58,52.1 38,52.5 324,40.6 7,35.8 261,46.7 8,38.7 312,60.6 332,-8.0 165,Eastern Kentucky,,,2009
162,MAC,32,15–17 7–9,100.7 177,100.7 162,.4981 162,50.1 129,50.4 229,21.1 203,22.4 75,28.9 281,32.3 154,39.6 87,39.4 244,47.8 177,50.4 267,36.2 76,33.7 134,35.1 105,39.1 318,66.3 183,-10.0 203,Ohio,,,2009
163,SC,34,26–8 15–5,106.4 85,106.5 277,.4971 163,53.8 21,49.3 174,18.2 40,19.8 209,33.2 151,36.1 293,32.5 276,28.0 16,52.4 30,48.0 160,37.4 48,34.7 197,36.8 76,30.2 80,68.4 98,-3.3 91,Charleston,,,2009
164,ASun,30,16–14 12–8,102.8 136,103.0 212,.4955 164,52.5 50,47.8 108,23.1 289,18.7 284,37.1 42,30.4 71,45.7 10,32.1 73,51.8 45,47.2 129,36.0 85,32.6 74,33.0 166,35.3 249,69.1 76,-10.2 205,Lipscomb,,,2009
165,MAAC,32,17–15 9–9,102.2 146,102.4 199,.4943 165,47.8 218,48.7 145,20.3 152,19.6 229,33.0 157,34.3 239,36.0 188,33.2 96,46.7 221,49.1 216,33.3 197,31.9 45,34.2 134,32.5 156,65.1 240,-7.1 145,Fairfield,,,2009
166,BW,30,15–15 8–8,98.0 226,98.2 113,.4933 166,49.8 137,51.2 263,23.3 297,24.2 19,32.7 167,31.5 120,39.5 90,39.3 241,49.5 110,48.6 194,33.5 188,37.3 318,30.2 240,35.6 259,66.5 176,-8.7 179,UC Santa Barbara,,,2009
167,ind,26,15–11 7–3,103.7 120,104.1 242,.4895 167,53.2 36,46.5 58,20.0 133,16.9 332,31.2 231,29.5 46,38.4 118,38.9 234,50.2 86,47.8 151,39.2 22,29.2 6,34.9 114,31.5 119,61.5 327,-8.4 175,Utah Valley,,,2009
168,MWC,30,9–21 4–12,105.5 95,106.0 265,.4869 168,48.5 191,55.3 339,19.9 124,20.1 194,31.6 210,31.2 106,38.6 113,38.8 232,46.3 237,55.0 338,35.4 107,37.2 314,31.6 208,34.5 228,67.9 121,-11.9 241,Colorado St.,,,2009
169,MAAC,31,19–12 12–6,104.3 112,104.8 249,.4865 169,50.7 106,49.0 159,20.0 133,20.3 183,32.1 192,33.8 224,33.5 244,35.0 144,49.3 116,47.7 146,35.6 102,34.3 173,33.9 142,34.3 220,68.9 80,-6.7 136,Rider,,,2009
170,AE,30,17–13 11–5,102.2 145,102.7 207,.4861 170,50.5 111,48.3 130,20.6 172,20.5 174,32.8 165,34.7 250,35.1 202,32.1 73,47.6 186,48.1 168,36.1 82,32.5 70,45.0 13,34.6 234,64.3 273,-8.6 177,Boston University,,,2009
171,WAC,30,15–15 6–10,98.6 218,99.1 129,.4853 171,49.9 135,48.3 130,23.6 304,21.3 128,34.9 94,32.4 157,42.3 36,33.6 109,46.7 221,48.2 176,38.4 25,32.2 52,29.1 268,36.1 274,64.1 278,-9.2 191,Louisiana Tech,,,2009
172,CUSA,30,13–17 7–9,96.6 245,97.4 93,.4755 172,46.4 268,49.3 174,20.6 172,22.8 55,31.6 210,32.8 175,36.9 163,41.9 283,45.3 271,48.4 185,33.0 215,34.2 169,26.6 306,29.0 45,66.1 193,-9.2 189,Tulane,,,2009
173,AE,30,22–8 13–3,100.8 174,101.9 191,.4688 173,49.0 167,46.3 52,19.5 99,21.6 116,31.9 204,34.9 260,41.8 42,41.5 278,48.7 137,45.2 64,33.1 209,32.4 65,33.1 161,31.9 135,68.5 97,-4.3 99,Binghamton,15,R64,2009
174,SB,32,19–13 10–8,101.9 151,103.2 215,.4641 174,51.2 88,46.7 64,21.1 203,16.5 335,37.2 38,31.4 112,41.8 42,33.5 104,49.7 99,42.5 18,37.6 42,36.6 291,22.7 338,33.8 204,64.7 259,-7.6 155,South Alabama,,,2009
175,Slnd,30,15–15 11–5,96.8 237,98.1 108,.4641 175,46.8 259,48.3 130,24.7 324,22.0 96,37.0 44,32.4 157,41.7 45,38.6 227,46.8 218,49.2 221,31.1 298,31.0 27,32.1 190,31.7 127,67.9 121,-7.9 162,Texas A&M Corpus Chris,,,2009
176,Slnd,28,17–11 12–4,100.0 195,101.3 177,.4631 176,53.7 24,51.3 270,22.7 276,26.0 8,27.3 313,31.1 101,40.2 67,46.2 323,53.8 14,52.1 313,35.7 97,33.2 107,41.2 27,34.0 213,60.6 332,-5.9 125,Nicholls St.,,,2009
177,MVC,31,11–20 3–15,98.2 224,99.5 141,.4623 177,46.2 279,49.8 199,20.8 186,21.1 137,32.0 199,30.9 91,38.0 129,43.1 295,45.3 271,49.0 215,31.8 266,34.5 184,38.0 56,31.1 111,63.5 298,-12.3 247,Missouri St.,,,2009
178,SEC,32,12–20 3–13,94.3 279,95.7 67,.4573 178,46.7 262,48.2 128,24.6 323,20.9 151,34.1 120,33.1 199,30.2 313,28.3 19,44.6 283,47.5 140,34.2 156,33.0 94,32.4 181,32.5 156,69.3 70,-9.6 196,Georgia,,,2009
179,BSth,29,18–11 15–3,99.6 202,101.2 171,.4561 179,50.7 106,46.8 69,22.6 269,17.0 328,35.4 80,28.6 28,44.0 21,30.2 40,50.2 86,44.7 51,34.8 131,33.4 114,24.0 329,39.0 316,69.8 52,-6.4 131,Radford,16,R64,2009
180,CAA,31,20–11 11–7,95.9 255,97.4 92,.4560 180,44.0 325,44.9 27,22.3 259,19.9 200,39.4 17,31.8 131,38.1 128,45.7 320,42.5 325,42.0 13,31.6 276,34.1 162,30.6 230,31.9 135,68.1 111,-5.1 113,Hofstra,,,2009
181,Sum,27,13–14 9–9,101.5 157,103.1 213,.4535 181,51.8 67,53.1 320,19.9 124,21.9 98,30.6 247,30.9 91,35.0 204,28.9 21,52.0 42,49.4 230,34.3 149,39.0 337,29.4 260,40.8 333,62.4 316,-8.7 178,IU Indy,,,2009
182,BSky,27,15–12 11–5,101.9 150,103.7 232,.4501 182,51.0 92,47.5 96,18.7 59,18.0 311,28.0 307,32.0 139,37.1 156,39.5 246,48.6 143,44.6 50,37.4 48,36.3 279,31.2 217,29.3 55,63.2 304,-7.1 147,Montana,,,2009
183,A10,28,10–18 4–12,100.4 181,102.2 194,.4498 183,49.4 150,47.7 103,22.2 252,18.7 284,34.0 125,35.0 264,38.5 116,37.5 197,47.2 199,45.2 64,36.2 76,34.2 169,30.3 238,39.9 326,64.6 263,-11.2 223,George Washington,,,2009
184,Pat,32,18–14 11–3,96.9 236,98.7 125,.4471 184,47.2 238,47.9 112,24.3 317,23.2 45,39.9 11,28.1 22,37.2 155,48.5 331,47.3 197,46.5 107,31.4 285,33.8 141,27.1 299,34.8 239,65.8 208,-9.8 198,Holy Cross,,,2009
185,BSth,28,20–8 13–5,106.7 83,108.7 305,.4455 185,52.3 57,55.6 340,16.2 5,27.2 1,27.2 316,42.1 344,32.9 262,30.6 50,52.3 33,56.9 342,34.8 131,34.8 204,54.4 1,27.7 20,81.4 1,-4.8 110,VMI,,,2009
186,WAC,28,11–17 6–10,100.4 180,102.4 198,.4454 186,47.9 213,51.0 257,21.8 236,19.4 241,36.4 59,33.1 199,36.8 167,30.9 52,48.9 130,49.8 243,29.7 321,35.7 252,23.8 332,31.8 132,67.4 138,-10.7 213,San Jose St.,,,2009
187,A10,30,15–15 6–10,97.3 230,99.3 131,.4416 187,49.2 159,47.2 81,23.6 304,19.6 229,34.6 102,31.4 112,37.0 160,39.1 238,49.8 95,46.2 92,31.5 280,32.9 90,25.0 321,31.6 124,71.4 23,-8.7 180,St. Bonaventure,,,2009
188,BE,33,9–24 0–18,100.5 179,102.6 205,.4410 188,45.5 297,51.9 288,18.9 67,19.4 241,33.3 147,38.2 328,31.7 290,25.7 8,46.1 245,51.0 283,29.6 324,35.7 252,33.1 161,33.0 180,66.3 183,-10.4 207,DePaul,,,2009
189,MAAC,30,16–14 9–9,96.5 246,98.7 124,.4370 189,44.6 319,48.6 144,20.7 180,21.3 128,34.6 102,28.8 30,44.5 20,39.7 248,43.5 309,47.1 125,31.5 280,34.3 173,29.9 247,33.9 208,66.6 169,-9.3 193,Manhattan,,,2009
190,OVC,32,17–15 12–6,99.9 197,102.2 195,.4357 190,48.2 204,48.4 134,22.0 243,17.7 319,39.3 19,29.7 53,43.1 28,40.1 259,47.9 173,45.5 70,32.7 234,35.7 252,28.6 275,35.9 270,66.6 169,-9.1 188,Morehead St.,16,R64,2009
191,BSth,29,18–11 12–6,104.6 109,107.0 285,.4357 191,52.1 61,50.8 248,18.9 67,21.2 135,29.9 263,35.3 271,35.7 191,26.7 12,51.7 48,50.3 264,35.1 119,34.4 180,45.8 9,39.6 322,65.8 208,-7.0 143,Liberty,,,2009
192,AE,29,15–14 8–8,95.8 257,98.2 112,.4300 192,46.1 284,48.8 150,20.1 142,23.6 33,32.1 192,29.1 36,35.7 191,36.9 187,43.7 306,50.2 258,34.4 147,31.1 28,30.1 243,38.8 314,64.6 263,-10.3 206,Stony Brook,,,2009
193,CUSA,27,10–17 5–11,109.2 56,112.0 335,.4289 193,51.5 78,51.0 257,18.1 37,14.5 344,30.7 244,35.1 266,36.5 173,34.5 134,47.4 193,50.9 280,38.2 29,34.1 162,41.7 21,31.5 119,66.1 193,-10.0 202,East Carolina,,,2009
194,MAAC,31,12–19 7–11,94.9 271,97.3 87,.4289 194,47.0 247,47.9 112,23.7 309,23.8 28,32.1 192,30.7 79,47.5 5,41.4 275,45.5 266,47.3 131,33.2 200,32.6 74,34.0 140,36.8 288,65.2 234,-12.9 261,Iona,,,2009
195,WAC,30,13–17 5–11,96.1 253,98.5 118,.4279 195,45.9 287,48.5 140,23.4 300,21.0 144,39.9 11,33.0 187,44.8 18,39.7 248,46.8 218,46.7 109,28.6 333,35.2 227,23.7 333,28.8 39,65.6 220,-11.8 236,Hawaii,,,2009
196,SB,30,18–12 14–4,106.5 84,109.3 309,.4270 196,53.3 33,52.5 302,17.5 19,19.5 235,30.2 253,33.6 216,30.6 305,29.3 25,51.5 51,51.0 283,37.6 42,36.5 286,37.7 66,40.4 329,70.9 29,-6.6 135,Troy,,,2009
197,BSky,31,12–19 9–7,101.1 168,103.7 233,.4265 197,50.3 118,49.4 180,20.3 152,19.0 266,30.6 247,32.8 175,38.2 127,44.3 306,50.3 81,47.9 156,33.5 188,34.7 197,23.9 330,37.2 291,63.7 290,-11.1 219,Idaho St.,,,2009
198,OVC,30,17–13 13–5,105.2 100,108.0 296,.4247 198,52.6 47,52.0 291,19.3 90,19.7 215,31.9 204,33.2 204,38.0 129,38.4 219,51.5 51,51.3 292,36.7 66,35.5 243,33.1 161,34.4 224,68.2 106,-7.6 156,Austin Peay,,,2009
199,WAC,33,12–21 3–13,99.0 214,101.7 185,.4240 199,50.2 125,49.1 161,21.2 212,19.9 200,30.1 257,35.3 271,36.5 173,30.9 52,49.2 119,48.8 205,34.5 143,33.2 107,38.3 54,30.6 94,67.8 127,-13.6 274,Fresno St.,,,2009
200,CUSA,29,8–21 3–13,100.1 189,103.0 211,.4206 200,48.6 187,48.8 150,22.9 284,18.6 292,34.8 96,33.2 204,31.2 298,33.8 115,46.4 233,46.2 92,35.6 102,35.8 261,31.5 213,35.7 264,65.1 240,-12.4 250,SMU,,,2009
201,BW,31,14–17 7–9,103.4 125,106.4 273,.4194 201,49.8 137,51.8 286,18.9 67,21.5 123,32.1 192,38.3 329,32.5 276,33.2 96,49.1 122,50.0 247,34.0 166,36.9 305,40.2 34,32.9 176,68.8 83,-10.9 215,Cal St. Fullerton,,,2009
202,SWAC,29,20–9 16–2,99.6 203,102.6 206,.4161 202,51.7 70,43.4 6,20.6 172,19.3 249,34.8 96,35.5 277,36.5 173,33.4 100,52.8 25,42.9 24,32.9 224,29.8 10,31.5 213,27.7 20,65.2 234,-5.0 112,Alabama St.,16,R68,2009
203,NEC,31,17–14 12–6,101.6 154,104.7 248,.4138 203,55.2 7,48.7 145,22.9 284,21.7 110,32.6 172,34.8 256,26.0 342,34.3 125,53.1 22,48.6 194,39.4 21,32.6 74,34.5 128,32.1 141,69.6 59,-9.8 199,Sacred Heart,,,2009
204,Slnd,29,16–13 8–8,100.1 190,103.2 216,.4135 204,48.2 204,52.6 305,19.0 71,23.5 37,30.2 253,32.7 174,39.1 100,30.2 40,46.1 245,54.3 335,34.2 156,32.4 65,40.1 35,30.3 82,70.1 47,-8.1 168,UTSA,,,2009
205,B10,30,5–25 1–17,96.9 235,100.1 154,.4068 205,47.9 213,54.6 334,27.0 342,21.4 125,32.6 172,32.6 170,37.4 151,36.5 177,46.9 211,53.2 329,33.3 197,38.1 329,32.5 177,33.9 208,67.1 152,-11.8 238,Indiana,,,2009
206,SC,32,16–16 11–9,102.5 141,106.0 267,.4026 206,51.2 88,52.6 305,21.4 215,19.5 235,33.7 136,31.5 120,47.4 6,30.1 38,50.3 81,50.7 273,34.9 125,36.6 291,41.3 24,45.9 344,70.9 29,-9.3 192,Chattanooga,16,R64,2009
207,Slnd,26,9–17 7–9,99.0 213,102.5 203,.4020 207,50.0 132,47.0 76,20.3 152,19.7 215,30.5 249,33.5 211,32.9 262,42.9 292,50.4 77,43.5 29,32.8 232,37.0 309,30.0 246,28.9 41,66.3 183,-11.4 228,Southeastern Louisiana,,,2009
208,MVC,31,10–21 7–11,100.4 182,104.0 241,.3997 208,48.5 191,49.9 207,21.9 241,19.4 241,29.1 277,34.5 245,35.1 202,42.3 286,45.1 276,48.1 168,35.3 111,35.8 261,42.8 18,32.8 167,64.7 259,-12.7 257,Indiana St.,,,2009
209,SB,31,15–16 9–9,99.7 201,103.4 223,.3958 209,57.0 1,49.4 180,22.1 247,22.2 86,18.8 344,33.0 187,36.1 184,49.3 333,57.5 1,50.0 247,37.7 40,31.9 45,48.2 4,28.7 33,57.9 344,-11.7 235,Denver,,,2009
210,SC,30,18–12 15–5,100.0 192,103.9 237,.3934 210,50.9 98,48.3 130,19.9 124,18.8 276,31.6 210,29.6 49,34.8 210,36.1 166,50.3 81,48.0 160,34.6 140,32.6 74,35.4 96,33.8 204,63.1 307,-7.4 152,The Citadel,,,2009
211,BSky,30,12–18 8–8,101.7 152,105.8 263,.3900 211,52.4 54,53.8 328,22.9 284,20.5 174,30.5 249,28.9 34,44.7 19,36.1 166,48.2 156,50.8 276,40.3 8,39.5 340,34.0 140,35.1 247,67.9 121,-13.0 264,Northern Colorado,,,2009
212,CAA,32,13–19 6–12,101.4 162,105.4 256,.3882 212,47.8 218,49.3 174,19.1 75,19.1 256,28.6 287,33.0 187,37.9 133,34.3 125,46.6 224,48.7 200,33.2 200,33.8 141,39.1 47,29.0 45,68.4 98,-13.2 268,Delaware,,,2009
213,Slnd,26,11–15 6–10,99.8 199,103.8 236,.3877 213,46.3 271,49.6 190,19.8 112,19.0 266,31.9 204,31.4 112,42.8 30,38.0 210,46.9 211,48.2 176,29.9 317,35.0 215,28.9 271,34.5 228,68.0 115,-9.1 186,Lamar,,,2009
214,BW,32,13–19 7–9,103.5 122,107.8 295,.3847 214,53.2 36,52.4 301,20.5 166,18.8 276,25.7 333,31.0 95,37.9 133,40.0 257,52.5 28,52.3 319,36.2 76,35.1 223,39.2 46,31.4 118,70.6 34,-14.0 278,UC Davis,,,2009
215,Slnd,26,10–16 7–9,100.5 178,104.7 247,.3842 215,49.7 139,51.1 259,21.4 215,22.5 67,34.0 125,31.0 95,38.8 109,57.6 344,48.0 168,50.2 258,35.3 111,35.3 233,33.8 144,32.8 167,75.3 5,-11.7 234,Texas St.,,,2009
216,MWC,29,8–21 0–16,97.1 233,101.3 176,.3812 216,50.9 98,49.8 199,22.7 276,19.4 241,24.4 336,30.3 67,42.3 36,41.4 275,47.8 177,48.1 168,37.1 55,34.6 191,39.9 37,44.3 343,59.3 340,-12.4 248,Air Force,,,2009
217,ASun,31,16–15 11–9,103.3 127,108.1 298,.3739 217,49.0 167,49.9 207,22.0 243,18.2 302,37.0 44,34.9 260,38.8 109,33.8 115,48.6 143,48.0 160,33.2 200,35.6 248,37.4 69,35.5 256,68.6 90,-8.3 172,Mercer,,,2009
218,SB,28,11–17 5–13,94.1 282,98.5 117,.3709 218,46.3 271,47.6 100,20.4 160,19.9 200,32.3 180,29.9 60,33.4 246,32.1 73,45.9 251,44.8 56,31.4 285,36.4 283,26.7 305,28.7 33,65.8 208,-12.2 244,Arkansas St.,,,2009
219,Sum,31,11–20 7–11,103.0 134,107.8 294,.3702 219,49.7 139,52.1 295,19.8 112,17.3 324,34.0 125,32.3 154,33.4 246,32.8 86,49.2 119,53.3 330,33.8 175,32.8 84,34.3 132,28.4 28,65.9 205,-13.4 271,South Dakota St.,,,2009
220,Pat,30,19–11 8–6,96.5 248,101.2 172,.3661 220,47.4 233,46.2 49,19.4 94,20.4 180,27.4 311,29.9 60,38.0 129,38.7 230,46.3 237,45.6 73,32.9 224,31.6 39,37.8 62,32.8 167,70.8 33,-7.3 151,Navy,,,2009
221,BW,29,16–13 8–8,95.6 264,100.3 157,.3629 221,48.2 204,51.2 263,21.7 232,22.4 75,33.9 131,28.0 20,30.4 309,33.7 112,44.7 278,50.3 264,37.4 48,34.9 208,30.5 232,41.2 337,61.6 324,-8.3 174,UC Riverside,,,2009
222,Horz,31,14–17 6–12,98.3 220,103.4 221,.3589 222,45.0 308,49.6 190,20.2 146,21.9 98,35.9 68,36.2 294,32.7 271,33.7 112,44.0 295,48.1 168,31.7 271,35.1 223,28.3 283,32.1 141,65.1 240,-10.1 204,Loyola Chicago,,,2009
223,Horz,28,9–19 7–11,99.4 207,104.9 251,.3500 223,45.7 292,49.2 169,20.4 160,18.8 276,34.4 109,34.1 231,37.1 156,41.0 267,43.7 306,48.0 160,33.9 169,34.5 184,28.7 273,29.9 68,67.5 137,-12.5 253,Youngstown St.,,,2009
224,BW,30,12–18 8–8,102.3 142,108.0 297,.3478 224,49.4 150,52.1 295,18.0 31,18.4 299,27.3 313,31.7 128,31.9 286,37.9 207,43.9 299,50.9 280,40.7 5,36.5 286,31.9 195,33.1 186,63.8 287,-12.4 249,UC Irvine,,,2009
225,MAAC,32,12–20 7–11,100.9 171,106.6 280,.3470 225,44.1 324,48.4 134,19.8 112,19.9 200,35.7 71,36.6 306,36.5 173,49.7 336,42.6 322,48.1 168,31.5 280,32.8 84,32.2 185,26.5 12,67.0 155,-12.5 254,Loyola MD,,,2009
226,Horz,29,7–22 5–13,96.7 241,102.3 197,.3442 226,47.5 229,50.9 254,23.6 304,22.3 82,31.5 216,34.1 231,36.1 184,50.3 338,46.3 237,48.5 189,32.9 224,36.4 283,39.6 41,39.4 321,64.9 254,-14.0 280,Valparaiso,,,2009
227,Sum,29,10–19 8–10,99.5 205,105.3 255,.3433 227,50.8 105,53.7 326,23.1 289,20.7 162,31.3 225,28.7 29,39.4 93,38.9 234,48.8 135,55.7 340,37.9 36,33.0 94,25.0 321,31.8 132,64.2 276,-13.0 262,Southern Utah,,,2009
228,CUSA,32,10–22 4–12,98.3 221,104.0 240,.3418 228,48.9 170,50.4 229,20.2 146,18.1 308,27.7 309,34.4 243,33.3 251,37.0 189,44.6 283,48.1 168,38.2 29,36.7 295,33.7 148,33.7 202,64.9 254,-12.9 260,Rice,,,2009
229,WCC,28,9–19 3–11,102.6 139,108.7 304,.3394 229,49.1 163,53.6 325,19.7 106,19.6 229,29.5 268,33.7 219,39.7 84,36.8 182,46.7 221,52.0 311,35.4 107,37.7 326,36.9 73,36.2 278,66.0 200,-11.4 229,San Francisco,,,2009
230,BSky,30,13–17 6–10,99.2 210,105.1 253,.3386 230,47.1 241,52.0 291,20.4 160,17.9 314,33.9 131,29.4 42,39.9 76,36.1 166,46.5 228,51.2 290,32.1 253,35.7 252,34.4 129,32.8 167,66.1 193,-11.3 225,Montana St.,,,2009
231,Sum,29,12–17 8–10,99.6 204,105.6 258,.3375 231,49.4 150,51.5 278,19.9 124,19.0 266,26.2 326,32.9 180,36.4 179,37.0 189,44.3 289,52.1 313,40.8 4,33.5 122,30.3 238,30.7 98,66.3 183,-9.9 200,Purdue Fort Wayne,,,2009
232,BSky,25,6–19 5–11,100.0 193,106.1 269,.3368 232,53.6 27,55.7 342,22.6 269,20.3 183,30.0 262,28.4 25,30.9 301,34.9 139,53.8 14,51.6 300,35.5 104,42.2 344,33.2 159,35.0 245,63.9 284,-13.3 269,Northern Arizona,,,2009
233,CAA,29,9–20 5–13,94.6 276,100.3 156,.3365 233,47.2 238,48.7 145,22.3 259,19.8 209,31.5 216,31.2 106,31.5 291,31.7 64,47.8 177,47.8 151,31.0 303,33.5 122,41.2 27,36.1 274,62.6 311,-14.6 287,William & Mary,,,2009
234,Slnd,27,9–18 5–11,92.3 298,98.1 109,.3312 234,46.4 268,44.4 15,23.8 312,18.0 311,34.6 102,32.5 161,32.6 275,31.6 62,45.4 270,41.9 11,32.6 237,33.0 94,27.8 290,33.5 195,66.3 183,-13.2 267,McNeese St.,,,2009
235,CAA,30,10–20 8–10,96.4 250,102.5 204,.3298 235,46.8 259,50.0 213,20.0 133,20.8 157,30.8 242,33.0 187,30.0 316,35.2 146,46.3 237,49.3 227,31.8 266,34.1 162,32.9 169,37.9 302,61.7 321,-13.5 273,Georgia St.,,,2009
236,AE,31,15–16 6–10,95.7 260,101.8 187,.3298 236,45.5 297,49.2 169,23.1 289,18.8 276,38.6 24,25.0 2,34.4 221,43.5 300,46.0 248,49.8 243,29.4 329,32.1 51,25.8 315,37.2 291,66.1 193,-10.4 209,Albany,,,2009
237,OVC,28,10–18 6–12,96.7 242,102.9 210,.3272 237,49.3 155,50.1 219,21.9 241,22.4 75,34.1 120,36.3 296,33.3 251,44.4 308,47.0 208,48.7 200,36.2 76,35.7 252,31.4 215,29.1 51,72.7 15,-13.4 270,Tennessee Tech,,,2009
238,SC,29,15–14 12–8,104.6 110,111.4 331,.3258 238,51.1 90,53.4 322,21.0 200,19.7 215,37.2 38,34.2 235,38.9 103,29.2 24,49.7 99,51.7 306,36.0 85,37.6 325,32.5 177,35.4 254,62.6 311,-9.2 190,Wofford,,,2009
239,MAC,31,14–17 7–9,93.2 290,99.3 137,.3245 239,45.4 301,46.5 58,21.1 203,19.1 256,31.2 231,29.6 49,38.4 118,38.0 210,43.5 309,46.7 109,33.9 169,30.6 21,25.1 320,29.0 45,62.2 317,-12.0 242,Ball St.,,,2009
240,MAAC,31,11–20 4–14,92.0 301,98.0 107,.3240 240,45.3 303,44.3 13,23.7 309,19.1 256,34.0 125,34.5 245,33.9 235,40.7 265,46.4 233,43.6 31,28.7 332,30.5 20,31.1 221,29.8 66,68.0 115,-13.2 266,Canisius,,,2009
241,SC,29,14–15 11–9,99.4 208,106.0 266,.3230 241,49.6 145,54.5 333,21.1 203,23.8 28,36.7 55,34.0 229,32.4 278,52.1 340,47.9 173,52.2 316,35.1 119,39.0 337,35.2 104,35.6 259,69.0 78,-9.8 197,Western Carolina,,,2009
242,ind,30,17–13 10–2,104.0 115,111.0 326,.3222 242,51.3 82,52.9 316,19.9 124,22.7 61,37.2 38,34.1 231,37.6 145,45.0 315,51.6 49,51.3 292,33.8 175,37.4 319,35.1 105,33.6 199,75.9 2,-8.1 166,Chicago St.,,,2009
243,BSth,27,10–17 9–9,99.9 198,106.7 282,.3184 243,49.1 163,51.2 263,20.4 160,19.4 241,34.1 120,33.0 187,31.5 291,38.4 219,47.2 199,51.7 306,34.8 131,33.5 122,37.8 62,35.6 259,69.5 64,-11.8 240,Gardner Webb,,,2009
244,NEC,30,16–14 12–6,98.9 215,105.8 264,.3153 244,46.4 268,49.0 159,19.1 75,19.4 241,35.5 76,29.6 49,42.5 33,32.4 79,44.2 291,48.2 176,33.9 169,33.7 134,32.9 169,33.0 180,68.9 80,-11.1 222,LIU,,,2009
245,MAC,31,10–21 7–9,96.8 239,103.7 230,.3127 245,45.5 297,47.3 87,20.6 172,18.8 276,30.7 244,32.2 147,40.0 73,39.1 238,44.7 278,45.6 73,31.1 298,33.8 141,39.5 42,32.7 162,65.0 249,-15.9 307,Western Michigan,,,2009
246,ASun,28,12–16 11–9,94.8 272,101.6 183,.3100 246,47.6 227,50.4 229,22.8 281,22.5 67,35.1 88,32.5 161,39.9 76,40.5 264,45.9 251,50.2 258,34.5 143,34.0 156,29.8 252,37.2 291,69.6 59,-12.4 251,Campbell,,,2009
247,MAAC,33,10–23 4–14,93.2 291,99.9 147,.3093 247,47.1 241,46.1 48,22.2 252,18.2 302,26.1 328,31.1 101,33.9 235,42.0 284,43.0 317,45.2 64,36.0 85,32.3 58,36.6 78,28.7 33,68.4 98,-16.4 311,Marist,,,2009
248,SB,29,9–20 7–11,96.5 247,103.5 227,.3075 248,47.0 247,50.7 245,20.5 166,21.0 144,31.6 210,35.1 266,33.6 241,46.6 325,46.4 233,48.9 210,31.9 262,36.8 301,38.0 56,28.1 25,67.2 146,-14.3 284,Louisiana,,,2009
249,Ivy,27,13–14 6–8,100.8 173,108.6 301,.2990 249,52.4 54,51.2 263,21.7 232,21.3 128,26.8 322,34.7 250,42.3 36,32.9 93,51.4 54,50.0 247,36.2 76,36.2 273,34.1 138,28.9 41,66.6 169,-10.6 211,Harvard,,,2009
250,BSky,28,11–17 6–10,96.1 252,103.5 228,.2980 250,47.0 247,51.6 281,19.5 99,19.1 256,30.1 257,28.8 30,30.4 309,43.6 302,46.0 248,51.2 290,32.8 232,34.9 208,30.9 226,32.6 160,65.2 234,-10.7 212,Eastern Washington,,,2009
251,ASun,28,11–17 9–11,94.7 274,102.1 192,.2973 251,44.7 316,50.1 219,20.5 166,21.3 128,33.3 147,33.1 199,29.9 319,39.3 241,43.2 313,49.7 240,31.3 291,34.0 156,41.1 29,29.1 51,68.1 111,-10.4 208,Stetson,,,2009
252,SWAC,33,18–15 15–3,96.4 249,104.0 239,.2961 252,47.1 241,49.8 199,22.3 259,22.0 96,36.1 63,32.5 161,42.9 29,40.1 259,49.7 99,48.9 210,26.8 341,34.5 184,27.1 299,29.9 68,69.3 70,-8.2 169,Jackson St.,,,2009
253,MAC,31,12–19 7–9,96.6 244,104.3 244,.2936 253,47.3 236,50.0 213,22.3 259,23.8 28,34.6 102,33.5 211,37.8 139,57.4 343,45.8 258,48.5 189,33.6 184,35.8 261,32.9 169,28.5 31,64.4 271,-13.9 277,Central Michigan,,,2009
254,Pat,29,15–14 5–9,92.6 293,100.0 151,.2923 254,43.4 331,44.8 26,19.8 112,19.6 229,31.7 208,27.6 14,38.9 103,34.4 129,41.4 335,42.6 20,32.0 259,32.4 65,30.5 232,35.9 270,67.9 121,-11.3 227,Lehigh,,,2009
255,Ivy,27,12–15 8–6,93.1 292,100.5 158,.2920 255,47.7 222,49.5 183,23.6 304,22.5 67,31.1 236,29.4 42,40.8 55,38.4 219,48.7 137,48.9 210,29.8 319,33.9 150,23.4 335,30.5 89,67.0 155,-10.9 214,Yale,,,2009
256,OVC,26,9–17 5–13,98.6 219,106.6 279,.2890 256,48.0 211,52.1 295,20.3 152,19.7 215,35.5 76,32.2 147,40.6 62,37.7 200,44.6 283,51.0 283,37.6 42,36.5 286,28.5 279,28.7 33,65.8 208,-12.4 252,Jacksonville St.,,,2009
257,SC,30,14–16 9–11,98.3 223,106.3 272,.2877 257,55.0 11,50.8 248,21.6 225,22.6 63,21.6 342,37.2 315,35.4 198,30.4 46,57.0 3,50.9 280,35.3 111,33.7 134,50.0 2,37.7 301,59.7 337,-11.7 233,Samford,,,2009
258,CAA,34,12–22 5–13,99.2 209,107.5 291,.2833 258,45.7 292,50.0 213,18.9 67,18.8 276,33.4 142,36.8 309,33.4 246,34.6 135,45.2 273,50.6 270,31.2 294,32.5 70,36.0 89,32.6 160,67.3 144,-14.6 288,Towson,,,2009
259,SC,30,12–18 9–11,100.2 186,108.6 303,.2831 259,51.3 82,51.4 276,24.4 319,17.0 328,37.4 35,28.4 25,41.1 51,40.4 262,49.1 122,50.5 268,36.9 57,35.6 248,35.6 93,32.7 162,70.5 38,-13.4 272,Appalachian St.,,,2009
260,Sum,31,8–23 6–12,93.5 286,101.4 180,.2828 260,47.0 247,51.1 259,20.1 142,23.3 40,26.0 330,37.2 315,31.9 286,49.6 334,44.0 295,50.0 247,34.5 143,35.7 252,39.1 47,29.1 51,67.3 144,-14.9 294,Centenary,,,2009
261,Ivy,26,12–14 8–6,94.5 277,102.5 201,.2827 261,50.0 132,44.7 22,22.3 259,19.9 200,26.3 325,30.7 79,30.0 316,42.9 292,46.2 242,45.1 63,37.4 48,29.1 5,38.5 51,28.1 25,58.9 342,-11.5 231,Princeton,,,2009
262,BW,27,7–20 3–13,96.7 243,105.2 254,.2753 262,46.5 265,51.9 288,17.7 24,19.7 215,28.6 287,33.5 211,30.5 307,30.4 46,44.1 294,49.7 240,33.9 169,37.5 322,35.1 105,34.4 224,66.8 163,-15.3 299,Cal Poly,,,2009
263,Ivy,28,10–18 6–8,95.2 267,103.6 229,.2735 263,47.1 241,49.8 199,20.8 186,21.3 128,28.8 285,32.0 139,38.9 103,39.9 252,47.1 205,47.3 131,31.4 285,36.9 305,34.7 121,30.9 105,68.6 90,-12.9 259,Penn,,,2009
264,BSth,29,12–17 9–9,90.8 311,98.9 127,.2734 264,48.1 208,49.2 169,25.5 336,20.8 157,29.5 268,31.7 128,36.0 188,32.4 79,48.7 137,49.1 216,31.4 285,33.0 94,36.6 78,30.7 98,62.6 311,-11.1 220,Presbyterian,,,2009
265,SB,31,12–19 7–11,95.0 270,103.5 224,.2730 265,47.4 233,50.5 235,22.6 269,19.1 256,32.2 186,32.5 161,38.9 103,36.1 166,44.5 287,49.2 221,35.7 97,35.4 239,32.5 177,33.7 202,65.7 217,-12.2 245,FIU,,,2009
266,AE,31,14–17 7–9,100.2 187,109.3 310,.2685 266,46.3 271,51.5 278,15.2 3,18.1 308,28.4 293,33.3 209,33.8 237,30.9 52,46.2 242,50.2 258,31.0 303,35.9 268,20.7 341,36.4 282,64.6 263,-11.5 230,UMBC,,,2009
267,AE,29,13–16 8–8,94.3 280,103.5 226,.2539 267,45.0 308,48.9 156,20.5 166,18.8 276,33.1 156,27.9 18,31.5 291,48.7 332,42.6 322,48.6 194,32.1 253,33.0 94,44.2 17,28.7 33,63.7 290,-11.8 237,New Hampshire,,,2009
268,ind,28,8–20 2–0,98.0 227,107.7 293,.2518 268,45.1 306,52.1 295,19.6 102,21.1 137,34.0 125,37.7 326,36.0 188,37.3 195,43.2 313,49.5 232,32.3 244,38.7 334,35.4 96,31.1 111,66.4 178,-14.3 285,Cal St. Bakersfield,,,2009
269,MEAC,31,12–19 9–7,96.8 238,106.6 278,.2495 269,45.8 290,50.8 248,19.2 81,24.2 19,29.7 265,40.0 340,31.1 299,31.4 58,43.8 301,51.4 296,33.7 178,33.3 111,30.4 236,39.8 324,65.5 227,-11.7 232,Coppin St.,,,2009
270,MAAC,30,11–19 8–10,91.8 302,101.0 167,.2495 270,44.4 321,47.4 93,23.6 304,24.4 15,35.4 80,37.6 324,38.4 118,43.8 304,41.7 333,46.1 87,34.3 149,33.1 103,27.5 294,34.4 224,64.1 278,-14.2 282,Saint Peter's,,,2009
271,OVC,28,10–18 8–10,95.7 261,105.5 257,.2441 271,48.8 177,50.5 235,20.5 166,19.0 266,31.5 216,31.9 135,32.7 271,33.6 109,47.0 208,47.3 131,35.8 93,36.8 301,26.4 307,41.0 335,63.2 304,-14.1 281,Eastern Illinois,,,2009
272,BSth,28,12–16 10–8,99.2 211,109.7 315,.2381 272,50.3 118,52.6 305,22.5 266,19.8 209,31.3 225,37.3 317,36.6 171,34.8 137,47.8 177,51.3 292,36.6 70,36.8 301,34.4 129,32.7 162,69.6 59,-10.5 210,UNC Asheville,,,2009
273,Horz,29,6–23 2–16,89.7 321,99.3 136,.2372 273,45.0 308,50.2 223,26.4 341,21.8 105,32.8 165,32.9 180,39.3 95,45.6 319,45.9 251,47.6 143,28.1 337,37.0 309,23.9 330,34.0 213,65.1 240,-15.2 298,Detroit Mercy,,,2009
274,Ivy,28,12–16 7–7,90.2 318,100.0 149,.2353 274,45.1 306,46.2 49,21.6 225,23.2 45,30.9 241,31.4 112,34.9 206,40.0 257,44.0 295,46.5 107,31.7 271,30.6 21,29.2 266,35.1 247,65.6 220,-12.8 258,Columbia,,,2009
275,MEAC,31,15–16 8–8,84.9 340,94.1 46,.2347 275,41.9 341,44.7 22,25.4 335,26.3 5,36.1 63,36.2 294,37.6 145,35.4 150,43.2 313,43.8 32,26.4 343,30.9 26,35.4 96,35.7 264,65.1 240,-12.3 246,Hampton,,,2009
276,SB,32,6–26 2–16,99.9 196,110.8 325,.2335 276,46.3 271,50.5 235,18.7 59,16.7 333,32.2 186,35.4 275,33.0 259,38.2 213,45.2 273,50.6 270,32.5 238,33.4 114,29.9 247,30.3 82,65.6 220,-19.1 337,Florida Atlantic,,,2009
277,OVC,28,11–17 9–9,98.8 216,109.8 317,.2280 277,49.7 139,51.8 286,22.2 252,19.1 256,34.3 115,36.3 296,39.3 95,38.8 232,49.7 99,52.5 324,33.2 200,33.6 129,25.8 315,30.9 105,70.2 45,-12.2 243,Tennessee St.,,,2009
278,MEAC,27,13–14 10–6,95.2 265,106.1 268,.2235 278,48.8 177,47.2 81,25.3 333,18.8 276,36.8 52,30.8 87,37.6 145,32.3 78,49.3 116,47.0 121,31.5 280,31.8 43,27.4 295,33.5 195,69.5 64,-11.3 226,South Carolina St.,,,2009
279,Sum,30,7–23 3–15,97.2 232,108.3 300,.2230 279,45.8 290,52.7 311,19.4 94,19.1 256,31.7 208,32.2 147,34.9 206,46.1 322,45.7 260,54.1 333,30.6 311,33.1 103,32.9 169,30.3 82,67.7 131,-16.6 314,UMKC,,,2009
280,SB,28,10–18 6–12,90.8 313,101.3 178,.2198 280,47.1 241,50.1 219,22.7 276,21.9 98,29.3 273,33.2 204,40.8 55,34.4 129,48.0 168,49.2 221,29.4 329,34.7 197,23.2 336,31.5 119,66.7 165,-13.9 276,New Orleans,,,2009
281,NEC,30,13–17 8–10,96.3 251,107.5 288,.2196 281,48.7 184,51.4 276,22.0 243,20.3 183,34.2 117,35.6 280,32.9 262,27.1 13,49.1 122,51.8 310,31.6 276,33.8 141,24.7 324,32.8 167,65.0 249,-12.6 256,Central Connecticut,,,2009
282,NEC,31,15–16 10–8,95.7 259,106.9 284,.2184 282,47.1 241,49.5 183,21.8 236,20.5 174,40.9 5,31.0 95,36.9 163,36.8 182,46.9 211,46.8 113,31.7 271,37.2 314,24.9 323,30.7 98,65.8 208,-13.1 265,Quinnipiac,,,2009
283,NEC,30,16–14 8–10,95.6 262,106.9 283,.2179 283,51.5 78,49.8 199,22.1 247,22.1 91,30.2 253,32.0 139,36.4 179,35.4 150,48.1 161,48.5 189,38.4 25,35.0 215,35.8 92,33.3 188,68.0 115,-11.0 218,Wagner,,,2009
284,BSth,29,10–19 9–9,90.6 315,101.4 179,.2149 284,44.6 319,48.8 150,20.6 172,20.0 196,32.3 180,33.6 216,26.4 341,37.7 200,45.5 266,47.1 125,28.2 335,34.3 173,28.6 275,38.8 314,63.4 300,-13.8 275,Winthrop,,,2009
285,BSth,27,8–19 5–13,94.6 275,106.5 276,.2051 285,49.5 149,50.3 225,23.7 309,20.5 174,34.8 96,34.7 250,31.4 295,34.4 129,49.5 110,49.1 216,33.0 215,34.6 191,36.6 78,40.7 331,67.2 146,-15.4 302,Coastal Carolina,,,2009
286,AE,29,8–21 4–12,96.0 254,108.2 299,.2023 286,47.5 229,50.0 213,22.5 266,19.2 253,31.3 225,37.1 313,39.8 81,31.6 62,46.4 233,51.6 300,33.2 200,31.4 33,34.2 134,36.5 284,66.2 190,-16.2 309,Maine,,,2009
287,MAC,29,9–20 5–11,93.6 285,105.6 259,.1984 287,47.7 222,50.4 229,23.3 297,22.5 67,34.4 109,33.5 211,40.2 67,43.2 296,45.9 251,47.9 156,34.4 147,37.2 314,31.8 200,32.3 148,70.0 50,-16.5 313,Northern Illinois,,,2009
288,ASun,30,9–21 8–12,91.4 305,103.3 218,.1967 288,45.5 297,48.4 134,23.8 312,19.4 241,32.1 192,35.7 283,32.9 262,32.8 86,44.7 278,44.4 43,31.6 276,37.5 322,32.1 190,34.1 215,64.3 273,-14.7 291,USC Upstate,,,2009
289,SC,29,9–20 7–13,94.1 281,106.4 275,.1961 289,48.4 195,52.5 302,20.7 180,19.7 215,28.2 302,32.9 180,33.3 251,36.8 182,46.6 224,52.6 327,34.9 125,34.9 208,31.8 200,31.0 109,65.2 234,-14.6 289,Elon,,,2009
290,ASun,30,10–20 7–13,91.3 308,103.3 220,.1943 290,45.6 294,49.3 174,24.8 327,21.7 110,31.1 236,35.6 280,43.5 26,40.7 265,43.3 311,49.5 232,33.7 178,32.7 80,30.4 236,39.7 323,70.5 38,-14.2 283,Florida Gulf Coast,,,2009
291,SWAC,29,13–16 12–6,92.6 295,105.1 252,.1886 291,45.9 287,49.8 199,21.2 212,22.4 75,34.1 120,34.7 250,39.0 102,39.9 252,45.5 266,48.4 185,31.2 294,35.3 233,30.1 243,30.7 98,68.8 83,-11.3 224,Prairie View A&M,,,2009
292,Pat,30,7–23 4–10,92.3 296,104.9 250,.1879 292,44.4 321,46.5 58,20.0 133,16.4 336,27.4 311,29.8 57,29.9 319,40.3 261,40.6 340,46.3 97,34.3 149,31.2 31,35.0 109,31.7 127,68.8 83,-17.8 319,Bucknell,,,2009
293,WCC,30,7–23 5–9,90.8 312,103.3 217,.1849 293,42.7 337,51.9 288,23.2 295,19.7 215,33.0 157,33.5 211,27.5 335,37.2 192,41.3 336,51.6 300,30.7 310,35.0 215,29.0 269,35.8 268,68.6 90,-14.8 292,Pepperdine,,,2009
294,Ivy,28,9–19 3–11,94.4 278,107.5 290,.1838 294,48.4 195,51.5 278,22.2 252,16.1 339,25.9 331,27.5 11,37.9 133,25.0 5,48.9 130,48.2 176,31.7 271,38.8 336,36.6 78,33.0 180,65.8 208,-14.5 286,Brown,,,2009
295,MEAC,30,14–16 9–7,87.2 335,99.3 132,.1837 295,43.2 333,47.8 108,22.6 269,23.9 24,35.4 80,29.0 35,38.4 118,47.9 329,43.7 306,47.7 146,28.0 339,32.0 49,28.7 273,36.1 274,61.6 324,-12.5 255,Bethune Cookman,,,2009
296,SC,29,7–22 5–15,97.2 231,110.7 323,.1826 296,48.9 170,54.2 330,20.8 186,19.7 215,31.5 216,37.0 312,30.0 316,42.7 287,47.6 186,52.4 321,34.1 162,38.4 331,34.8 118,34.5 228,70.5 38,-16.4 312,Georgia Southern,,,2009
297,SB,29,9–20 6–12,95.6 263,108.9 307,.1820 297,44.8 314,51.6 281,22.6 269,19.3 249,33.2 151,33.7 219,40.2 67,39.4 244,42.5 325,49.7 240,33.2 200,37.8 328,32.2 185,27.7 20,68.6 90,-15.1 297,Louisiana Monroe,,,2009
298,Pat,30,11–19 6–8,86.2 337,98.4 116,.1791 298,46.7 262,48.4 134,23.4 300,27.0 3,24.8 335,34.0 229,29.2 327,38.4 219,45.2 273,46.9 119,33.7 178,33.8 141,27.9 288,39.8 324,64.5 268,-15.8 305,Army,,,2009
299,NEC,30,10–20 7–11,93.8 283,107.3 287,.1759 299,49.6 145,49.1 161,23.1 289,20.7 162,29.0 280,35.9 285,33.6 241,44.5 309,45.6 265,47.8 151,36.4 72,34.8 204,44.4 16,30.7 98,68.0 115,-15.8 306,St. Francis NY,,,2009
300,MAC,31,6–25 5–11,90.6 314,103.7 231,.1759 300,46.5 265,49.5 183,26.2 339,21.0 144,32.2 186,36.4 300,33.8 237,35.6 156,47.4 193,48.3 181,29.5 327,34.5 184,30.6 230,36.5 284,66.3 183,-18.4 327,Toledo,,,2009
301,Sum,28,8–20 6–12,95.2 266,109.4 312,.1677 301,48.8 177,52.8 313,21.5 222,19.9 200,29.3 273,33.7 219,30.2 313,42.8 290,44.3 289,50.5 268,40.2 9,38.7 334,28.6 275,29.7 64,60.2 335,-15.0 296,Western Illinois,,,2009
302,MEAC,29,13–16 9–7,89.9 320,103.5 225,.1655 302,47.5 229,48.1 123,25.7 338,23.7 31,34.2 117,36.6 306,31.0 300,33.8 115,45.7 260,50.1 251,33.9 169,29.9 11,34.9 114,38.7 312,70.9 29,-11.8 239,North Carolina A&T,,,2009
303,CAA,32,7–25 3–15,97.4 229,112.2 336,.1635 303,48.3 203,57.3 344,19.2 81,19.5 235,26.2 326,33.0 187,29.4 325,32.0 69,47.1 205,58.7 344,33.4 195,36.5 286,41.4 23,35.5 256,72.4 16,-17.8 318,UNC Wilmington,,,2009
304,MEAC,31,13–18 9–7,94.8 273,109.5 313,.1599 304,47.7 222,49.9 207,22.2 252,23.1 48,34.3 115,36.5 304,37.5 150,43.2 296,46.9 211,48.7 200,33.3 197,35.0 215,27.2 297,32.0 139,71.8 21,-14.7 290,Norfolk St.,,,2009
305,SWAC,31,13–18 11–7,87.2 334,101.0 165,.1567 305,43.6 328,48.0 121,27.1 343,23.5 37,37.0 44,34.6 248,36.7 169,52.3 342,43.8 301,47.1 125,28.8 331,33.4 114,24.4 326,29.0 45,70.5 38,-11.1 221,Arkansas Pine Bluff,,,2009
306,AE,33,7–26 2–14,90.9 310,105.7 260,.1502 306,47.0 247,52.6 305,21.1 203,21.7 110,24.1 337,33.0 187,28.2 333,45.2 318,47.4 193,51.0 283,31.0 303,36.6 291,47.4 7,41.2 337,65.1 240,-19.1 338,Hartford,,,2009
307,BSth,26,6–20 4–14,95.7 258,111.3 329,.1492 307,47.8 218,52.0 291,19.8 112,16.2 338,32.4 178,29.2 40,26.7 339,33.5 104,47.7 182,51.6 300,32.1 253,35.2 227,34.8 118,36.4 282,66.1 193,-16.3 310,Charleston Southern,,,2009
308,MAC,30,6–24 6–10,87.9 331,102.4 200,.1476 308,43.8 326,50.6 239,25.0 330,21.1 137,32.7 167,32.5 161,34.7 212,33.1 95,43.3 311,48.9 210,29.9 317,36.3 279,30.9 226,30.1 75,63.6 294,-18.0 324,Eastern Michigan,,,2009
309,BSth,27,6–21 4–14,89.1 326,103.9 238,.1460 309,46.1 284,49.5 183,24.3 317,20.4 180,35.9 68,33.9 226,27.4 336,35.2 146,46.5 228,48.7 200,30.1 316,33.8 141,32.9 169,41.3 341,65.3 232,-17.1 316,High Point,,,2009
310,ind,25,11–14 3–4,83.9 341,98.0 105,.1435 310,43.5 330,49.6 190,26.2 339,25.6 10,31.5 216,32.2 147,34.3 223,44.8 312,42.0 331,49.8 243,31.9 262,32.7 80,25.4 318,29.1 51,65.4 230,-8.2 171,Savannah St.,,,2009
311,ind,27,13–14 6–4,95.1 269,111.2 328,.1414 311,47.5 229,52.3 300,19.2 81,26.1 6,29.2 276,39.5 337,32.1 285,44.8 312,47.3 197,54.1 333,31.9 262,31.5 37,36.5 84,26.5 12,75.5 4,-9.9 201,Longwood,,,2009
312,Ivy,27,8–19 7–7,91.5 304,107.1 286,.1397 312,45.0 308,50.4 229,21.0 200,21.0 144,30.1 257,32.8 175,31.3 297,42.9 292,42.9 319,47.9 156,33.6 184,38.6 332,27.6 293,25.7 5,66.4 178,-15.4 301,Dartmouth,,,2009
313,Pat,30,10–20 5–9,89.3 325,104.5 246,.1396 313,45.3 303,46.4 55,23.3 297,19.0 266,28.1 305,35.1 266,37.9 133,34.4 129,44.2 291,45.8 81,31.7 271,31.8 43,31.9 195,29.9 68,62.1 320,-15.7 304,Colgate,,,2009
314,Pat,30,8–22 4–10,93.7 284,109.9 320,.1377 314,47.4 233,52.7 311,24.1 315,22.3 82,29.5 268,34.2 235,34.2 228,37.4 196,47.5 189,52.4 321,31.5 280,35.4 239,45.3 11,31.9 135,70.5 38,-18.2 325,Lafayette,,,2009
315,ind,15,3–12 0–0,86.0 338,101.5 182,.1301 315,45.0 308,51.3 270,23.5 303,19.5 235,19.7 343,36.0 291,29.9 319,41.4 275,43.1 316,50.1 251,32.5 238,36.8 301,33.2 159,24.4 1,73.1 11,-7.5 154,SIU Edwardsville,,,2009
316,MEAC,30,7–23 6–10,95.1 268,112.3 338,.1291 316,48.1 208,50.8 248,24.9 328,20.3 183,33.8 135,39.3 336,26.8 338,37.5 197,46.3 237,49.5 232,34.3 149,35.7 252,34.3 132,32.3 148,60.0 336,-16.1 308,Delaware St.,,,2009
317,A10,28,3–25 1–15,92.1 300,108.9 306,.1277 317,43.1 334,55.2 338,18.3 48,21.4 125,27.3 313,38.8 333,30.9 301,41.2 271,42.4 328,52.9 328,29.7 321,39.8 342,35.0 109,33.2 187,68.3 103,-17.8 320,Fordham,,,2009
318,Slnd,25,6–19 3–13,92.6 294,109.9 318,.1227 318,42.9 335,51.2 263,21.1 203,18.2 302,30.2 253,35.7 283,43.8 23,38.3 216,41.1 337,51.0 283,31.3 291,34.5 184,31.1 221,33.4 191,65.8 208,-14.8 293,Central Arkansas,,,2009
319,Slnd,28,8–20 3–13,90.4 317,107.5 289,.1204 319,43.3 332,52.5 302,24.9 328,21.8 105,37.4 35,35.0 264,37.8 139,46.4 324,43.8 301,50.7 273,28.0 339,37.5 322,29.4 260,33.8 204,75.6 3,-14.9 295,Northwestern St.,,,2009
320,ind,29,4–25 3–3,93.4 288,111.5 332,.1164 320,46.9 255,55.0 336,21.7 232,19.5 235,28.4 293,36.9 310,32.4 278,39.7 248,45.9 251,55.3 339,32.3 244,36.2 273,40.7 32,34.9 241,71.9 17,-17.6 317,Houston Christian,,,2009
321,WCC,30,3–27 2–12,88.3 330,105.7 261,.1117 321,39.9 343,54.3 331,22.2 252,21.6 116,31.3 225,37.6 324,34.2 228,34.2 122,38.6 344,51.1 289,28.4 334,39.5 340,31.9 195,39.2 319,65.8 208,-18.9 333,Loyola Marymount,,,2009
322,NEC,29,6–23 3–15,93.2 289,111.7 334,.1111 322,48.4 195,53.4 322,24.7 324,19.8 209,31.3 225,33.0 187,34.7 212,38.5 226,48.2 156,52.5 324,32.5 238,36.7 295,35.4 96,35.4 254,63.7 290,-18.8 331,Saint Francis,,,2009
323,NEC,31,8–23 6–12,92.1 299,110.8 324,.1072 323,47.0 247,51.3 270,22.7 276,19.6 229,30.4 252,34.3 239,33.3 251,36.7 181,45.1 276,50.2 258,33.5 188,35.5 243,35.6 93,35.9 270,65.6 220,-18.7 330,Monmouth,,,2009
324,SWAC,32,7–25 7–11,91.4 306,109.9 319,.1071 324,49.3 155,52.0 291,25.5 336,22.1 91,32.0 199,37.5 322,40.0 73,51.2 339,49.7 99,51.0 283,32.2 250,36.3 279,22.8 337,30.5 89,67.9 121,-18.4 328,Texas Southern,,,2009
325,ind,23,6–17 4–5,91.2 309,109.8 316,.1061 325,48.6 187,54.1 329,23.1 289,21.3 128,28.6 287,29.7 53,39.6 87,39.5 246,50.4 77,53.3 330,29.5 327,37.0 309,29.9 247,34.8 239,64.4 271,-13.0 263,UT Rio Grande Valley,,,2009
326,SC,29,4–25 4–16,92.3 297,111.2 327,.1050 326,44.7 316,51.3 270,22.4 264,18.2 302,35.2 85,38.7 332,36.5 173,34.8 137,43.8 301,51.5 298,31.1 298,34.0 156,33.4 156,37.4 297,66.2 190,-20.1 340,UNC Greensboro,,,2009
327,SC,28,4–24 4–16,90.5 316,109.4 311,.1014 327,45.3 303,53.7 326,21.6 225,19.6 229,29.6 266,34.7 250,34.0 232,44.5 309,44.7 278,52.4 321,31.0 303,37.4 319,33.0 166,32.8 167,64.5 268,-19.0 334,Furman,,,2009
328,MEAC,31,8–23 6–10,89.9 319,109.0 308,.0983 328,47.2 238,50.6 239,23.8 312,20.3 183,27.0 319,36.7 308,40.8 55,34.0 120,47.0 208,49.5 232,31.8 266,35.4 239,33.8 144,28.9 41,66.9 160,-18.8 332,Howard,,,2009
329,SWAC,32,7–25 7–11,91.4 307,111.4 330,.0929 329,43.6 328,54.7 335,21.8 236,22.2 86,33.0 157,33.8 224,32.2 280,52.2 341,41.1 337,55.7 340,32.4 243,35.2 227,32.9 169,33.8 204,68.6 90,-18.2 326,Mississippi Valley St.,,,2009
330,MEAC,31,10–21 6–10,88.7 328,108.6 302,.0889 330,44.9 313,51.1 259,20.3 152,22.5 67,26.1 328,38.4 330,32.7 271,39.1 238,42.9 319,50.7 273,32.1 253,34.7 197,37.9 59,30.9 105,68.1 111,-15.3 300,Florida A&M,,,2009
331,SWAC,29,8–21 8–10,89.5 323,109.6 314,.0887 331,45.6 294,50.7 245,25.1 331,19.3 249,35.9 68,30.7 79,37.9 133,32.0 69,44.2 291,50.8 276,32.5 238,33.6 129,29.7 254,31.7 127,66.5 176,-17.9 322,Southern,,,2009
332,OVC,29,2–27 0–18,93.4 287,114.8 342,.0856 332,47.0 247,52.8 313,21.6 225,16.3 337,28.9 281,37.3 317,36.5 173,34.3 125,46.6 224,51.7 306,32.0 259,36.6 291,27.4 295,32.3 148,71.1 27,-21.9 342,Southeast Missouri St.,,,2009
333,ind,29,8–21 1–1,91.7 303,112.7 339,.0855 333,46.3 271,53.2 321,21.5 222,20.7 162,27.1 318,36.4 300,30.8 303,35.5 155,44.0 295,50.6 270,32.9 224,38.2 330,42.5 19,39.0 316,62.5 315,-15.6 303,Bryant,,,2009
334,ASun,29,7–22 6–14,86.8 336,107.6 292,.0782 334,44.2 323,50.3 225,23.4 300,20.3 183,28.3 299,36.3 296,32.8 268,47.0 327,42.2 329,47.2 129,33.1 209,37.4 319,26.0 314,34.1 215,64.2 276,-16.8 315,North Florida,,,2009
335,SWAC,24,7–17 6–12,85.1 339,105.7 262,.0760 335,42.8 336,49.6 190,22.4 264,25.3 11,31.2 231,38.4 330,39.5 90,42.0 284,43.9 299,49.5 232,26.8 341,33.2 107,29.3 264,26.0 8,70.4 43,-14.0 279,Alabama A&M,,,2009
336,NEC,30,7–23 6–12,89.6 322,111.5 333,.0748 336,45.6 294,53.0 318,24.4 319,20.7 162,32.2 186,39.0 334,42.4 35,31.9 68,46.9 211,52.0 311,28.1 337,37.0 309,27.1 299,28.4 28,69.8 52,-18.0 323,Fairleigh Dickinson,,,2009
337,ASun,28,6–22 3–17,88.4 329,110.6 322,.0708 337,43.8 326,52.8 313,22.1 247,23.3 40,33.4 142,39.9 339,23.0 343,41.7 280,41.8 332,52.2 316,31.4 285,36.2 273,38.4 53,29.5 59,63.6 294,-18.7 329,Kennesaw St.,,,2009
338,BSky,29,2–27 1–15,88.9 327,112.3 337,.0637 338,45.4 301,55.6 340,22.8 281,18.5 296,26.4 324,34.8 256,35.4 198,35.7 158,41.7 333,54.4 336,36.1 82,38.6 332,29.6 257,35.6 259,64.8 257,-21.9 343,Sacramento St.,,,2009
339,ind,28,6–22 1–1,82.9 343,106.3 271,.0542 339,42.4 338,51.2 263,25.3 333,24.4 15,31.3 225,35.3 271,34.3 223,43.4 299,42.5 325,51.3 292,28.2 335,33.9 150,29.6 257,30.6 94,68.4 98,-17.9 321,Winston Salem St.,,,2009
340,SWAC,28,4–24 4–14,89.3 324,116.4 344,.0450 340,44.8 314,53.5 324,19.7 106,20.0 196,25.0 334,39.6 338,36.1 184,37.5 197,42.2 329,54.5 337,33.7 178,34.2 169,31.2 217,31.5 119,74.6 6,-20.2 341,Alcorn St.,,,2009
341,SWAC,28,5–23 4–14,87.9 332,114.8 341,.0446 341,45.9 287,52.9 316,23.1 289,19.1 256,29.1 277,35.3 271,33.1 256,36.0 163,44.6 283,52.1 313,32.3 244,36.3 279,33.5 154,32.8 167,64.1 278,-19.0 335,Grambling St.,,,2009
342,MEAC,30,7–23 3–13,87.6 333,115.7 343,.0390 342,42.1 339,50.6 239,25.2 332,20.5 174,39.1 21,37.3 317,44.0 21,39.9 252,40.0 342,49.6 239,31.0 303,35.1 223,31.0 224,33.4 191,64.7 259,-19.6 339,Maryland Eastern Shore,,,2009
343,ind,29,3–26 3–7,83.7 342,113.3 340,.0299 343,42.0 340,55.8 343,24.2 316,23.1 48,27.8 308,40.6 342,30.8 303,41.2 271,40.5 341,57.8 343,30.2 314,34.2 169,31.8 200,30.9 105,70.6 34,-19.1 336,North Carolina Central,,,2009
344,ind,31,1–30 1–11,72.1 344,104.2 243,.0142 344,38.5 344,49.1 161,27.4 344,21.6 116,29.3 273,33.0 187,30.6 305,45.0 315,39.3 343,45.2 64,24.8 344,37.7 326,35.0 109,34.3 220,66.2 190,-26.5 344,NJIT,,,2009
