rk,team,conf,g,rec,adjoe,adjde,barthag,efg_,efgd_,tor,tord,orb,drb,ftr,ftrd,2p_,2p_d,3p_,3p_d,3pr,3prd,adj_t_,wab,year
1,"Gonzaga  1 seed, Elite Eight",WCC,37,33-4,124.4 1,91.0 8,.9732 1,59.0 1,44.2 7,14.9 14,19.0 137,31.5 76,26.8 106,35.3 103,25.9 20,61.4 1,43.4 6,36.3 77,30.4 20,35.3 262,34.9 52,70.3 53,+7.2 12,2019
2,"Virginia  1 seed, CHAMPS",ACC,38,35-3,123.8 2,91.1 9,.9714 2,55.2 19,44.7 8,14.7 11,17.5 235,30.4 101,25.4 50,29.1 277,26.3 21,52.5 74,45.7 22,39.5 7,28.9 3,39.5 149,42.5 298,59.2 353,+11.1 2,2019
3,"Texas Tech  3 seed, Finals",B12,38,31-7,115.9 17,86.4 1,.9670 3,53.5 55,43.0 2,17.7 120,22.8 12,27.4 203,28.7 199,32.9 185,36.6 269,52.8 69,41.9 2,36.5 67,29.7 12,36.0 242,40.3 240,65.9 260,+7.0 13,2019
4,"Michigan  2 seed, Sweet Sixteen",B10,37,30-7,115.3 23,86.8 2,.9634 4,51.6 126,44.1 5,13.9 4,18.0 202,24.7 282,24.8 32,27.5 308,24.1 9,51.8 99,44.3 11,34.2 175,29.1 6,39.9 142,30.1 3,64.4 324,+9.2 6,2019
5,"Duke  1 seed, Elite Eight",ACC,38,32-6,119.6 8,90.4 6,.9618 5,53.6 52,45.0 9,17.5 108,19.4 108,35.6 14,29.5 235,33.2 180,24.0 8,58.0 4,45.0 18,30.8 326,29.9 14,37.3 209,35.0 55,72.2 19,+11.2 1,2019
6,"Michigan St.  2 seed, Final Four",B10,39,32-7,120.6 7,92.3 13,.9561 6,55.2 19,43.9 4,18.5 169,14.9 342,33.9 26,26.4 91,33.6 166,27.5 40,54.3 38,41.9 2,37.8 30,31.6 35,37.8 190,37.2 129,67.1 202,+10.6 3,2019
7,"North Carolina  1 seed, Sweet Sixteen",ACC,36,29-7,120.8 6,92.6 14,.9551 7,52.9 78,48.9 86,17.2 80,18.3 177,35.3 16,22.8 7,30.2 255,28.4 60,52.1 91,47.9 73,36.2 81,33.5 118,35.8 250,43.8 320,74.5 4,+10.0 4,2019
8,"Kentucky  2 seed, Elite Eight",SEC,37,30-7,118.3 12,91.0 7,.9533 8,53.0 74,46.6 22,18.6 180,17.9 211,36.8 8,25.5 54,41.9 14,26.8 26,52.9 65,43.6 7,35.4 113,34.3 170,29.6 341,38.6 183,65.3 292,+8.8 7,2019
9,"Purdue  3 seed, Elite Eight",B10,36,26-10,123.5 4,95.6 31,.9501 9,53.6 52,49.0 94,15.8 24,18.6 157,34.5 20,27.0 115,29.9 264,31.7 144,51.5 108,47.2 56,37.4 43,34.2 160,45.5 32,43.2 307,65.5 282,+6.1 17,2019
10,"Tennessee  2 seed, Sweet Sixteen",SEC,37,31-6,123.5 3,96.5 42,.9447 10,55.3 18,48.1 48,15.8 24,18.0 202,31.6 72,30.2 260,33.3 176,34.9 232,55.4 22,44.7 14,36.7 61,35.4 232,32.2 324,40.2 235,67.3 194,+9.8 5,2019
11,"Houston  3 seed, Sweet Sixteen",Amer,37,33-4,116.6 16,91.6 11,.9411 11,52.1 105,42.5 1,16.5 48,18.2 180,34.4 21,26.0 75,31.6 224,37.3 282,51.3 120,43.0 5,35.5 111,27.9 1,42.6 82,41.1 268,65.7 272,+7.9 9,2019
12,"Auburn  5 seed, Final Four",SEC,40,30-10,122.0 5,96.4 39,.9376 12,54.4 31,51.7 216,16.8 61,24.6 2,31.6 72,32.8 325,30.9 238,36.4 265,51.7 102,51.4 231,38.1 21,34.8 200,49.6 8,43.4 312,67.8 161,+6.1 16,2019
13,"Virginia Tech  4 seed, Sweet Sixteen",ACC,35,26-9,118.6 11,94.5 26,.9315 13,55.6 14,49.0 94,17.3 90,21.6 26,29.6 122,27.2 132,31.9 211,26.3 21,52.9 65,49.0 125,39.4 9,32.7 74,43.7 54,49.9 351,63.7 332,+5.0 20,2019
14,"Kansas St.  4 seed, R64",B12,34,25-9,108.8 85,89.0 4,.9098 14,49.4 236,48.2 54,17.4 102,22.8 12,28.3 176,25.7 64,30.6 244,30.7 122,48.9 226,49.0 125,33.4 221,31.4 31,38.4 179,42.9 302,63.4 341,+6.6 14,2019
15,"Florida St.  4 seed, Sweet Sixteen",ACC,37,29-8,112.5 39,92.1 12,.9095 15,50.5 176,47.2 28,18.9 206,20.3 66,32.8 43,27.0 115,35.8 90,35.7 246,50.9 143,45.3 21,33.2 230,33.5 118,37.7 193,38.8 188,68.5 121,+7.7 10,2019
16,"Iowa St.  6 seed, R64",B12,35,23-12,119.1 9,97.8 55,.9062 16,54.7 26,48.4 64,16.3 39,18.8 149,28.3 176,30.1 258,30.0 262,23.6 4,55.0 24,47.1 54,36.2 81,33.6 122,39.6 146,39.2 198,67.5 171,+4.3 22,2019
17,"Kansas  4 seed, R32",B12,36,26-10,113.7 28,93.7 17,.9030 17,52.6 93,47.8 41,18.8 194,18.2 180,30.1 107,27.9 164,32.5 196,27.8 46,52.6 73,46.0 25,35.0 133,33.6 122,34.9 274,41.8 281,69.9 68,+8.3 8,2019
18,"LSU  3 seed, Sweet Sixteen",SEC,35,28-7,118.7 10,97.9 58,.9020 18,51.2 143,49.9 133,17.9 131,20.1 75,36.7 9,30.8 272,37.1 63,33.1 190,52.9 65,49.4 140,31.9 290,33.7 128,34.2 291,40.0 231,69.6 74,+7.3 11,2019
19,"Wisconsin  5 seed, R64",B10,34,23-11,109.0 82,89.8 5,.9020 19,51.1 152,45.2 11,14.6 8,17.2 255,24.5 287,26.5 94,27.3 309,25.8 19,49.7 197,44.1 10,35.9 93,31.5 33,34.6 278,35.0 55,63.4 340,+6.2 15,2019
20,"Louisville  7 seed, R64",ACC,34,20-14,113.7 29,94.3 22,.8962 20,50.9 165,46.7 23,17.5 108,16.1 313,29.1 142,25.9 69,34.9 114,32.0 153,50.6 157,46.0 25,34.2 175,32.0 47,43.7 54,37.2 129,67.1 201,+2.3 32,2019
21,"UCF  9 seed, R32",Amer,33,24-9,113.6 30,94.4 24,.8937 21,52.9 78,45.4 12,17.6 115,18.0 202,29.5 126,29.6 241,45.3 2,29.2 77,52.0 94,44.5 13,36.5 67,31.3 30,35.6 254,38.4 173,64.9 307,+2.2 34,2019
22,Texas,B12,37,21-16,114.1 25,94.9 27,.8926 22,50.9 165,48.7 78,16.2 35,18.9 142,28.1 184,29.5 235,29.7 269,29.7 88,49.8 194,46.2 30,34.8 147,35.4 232,43.5 58,35.8 80,64.6 320,-0.5 59,2019
23,"Mississippi St.  5 seed, R64",SEC,34,23-11,117.7 13,98.0 60,.8916 23,54.6 27,50.3 153,19.2 225,19.5 103,34.7 19,29.6 241,32.7 189,32.1 158,53.4 52,48.4 92,37.7 34,35.7 253,39.1 158,36.6 105,67.4 179,+4.6 21,2019
24,"Florida  10 seed, R32",SEC,36,20-16,111.1 56,92.9 16,.8876 24,49.8 214,48.1 48,17.9 131,22.4 17,30.6 97,32.2 313,29.9 264,33.6 204,49.5 204,48.5 98,33.4 221,31.6 35,43.3 66,38.1 160,62.7 345,+0.6 47,2019
25,"Wofford  7 seed, R32",SC,35,30-5,117.3 14,98.2 62,.8860 25,57.5 4,49.9 133,16.1 30,19.1 128,31.8 63,25.2 46,27.8 301,31.8 147,53.9 43,50.6 195,41.4 2,32.6 72,43.9 49,39.9 227,65.5 281,+4.2 23,2019
Rk,Team,Conf,G,Rec,AdjOE,AdjDE,Barthag,Efg%,EfgD%,TOR,TORD,ORB,DRB,FTR,FTRD,2P%,2P%D,3P%,3P%D,3PR,3PRD,Adj T.,WAB,2019
26,"Cincinnati  7 seed, R64",Amer,35,28-7,113.2 35,95.0 28,.8822 26,49.0 254,48.6 75,16.0 27,20.9 44,37.4 4,29.3 224,37.6 53,30.5 113,47.6 267,45.1 19,34.5 163,35.5 240,33.3 304,42.8 300,63.5 336,+5.9 18,2019
27,"VCU  8 seed, R64",A10,33,25-8,105.6 153,88.7 3,.8812 27,50.1 198,43.5 3,20.0 275,23.4 7,31.0 86,30.6 267,35.7 94,36.6 269,53.1 61,43.8 9,30.5 332,28.5 2,41.2 103,33.2 19,68.3 130,+1.4 40,2019
28,"Maryland  6 seed, R32",B10,34,23-11,112.4 41,94.5 25,.8801 28,51.4 135,45.9 16,19.4 237,14.1 352,34.1 24,24.8 32,32.8 186,26.6 25,50.8 146,44.7 14,34.9 142,31.9 45,37.0 217,39.4 207,66.2 242,+4.2 24,2019
29,"Buffalo  6 seed, R32",MAC,36,32-4,114.5 24,96.4 38,.8790 29,53.4 59,47.3 30,16.0 27,20.3 66,31.7 69,26.9 109,32.7 189,31.9 150,55.7 16,49.3 136,33.7 207,29.3 8,44.1 45,35.9 86,73.5 11,+5.7 19,2019
30,Clemson,ACC,34,20-14,108.0 107,91.5 10,.8708 30,50.7 170,47.6 36,19.7 257,19.8 86,27.8 195,24.5 24,33.5 170,30.0 97,51.5 108,44.4 12,32.8 248,35.0 210,35.6 254,39.6 218,65.9 256,+0.14 50,2019
31,"Oklahoma  9 seed, R32",B12,34,20-14,111.3 54,94.3 23,.8700 31,50.4 182,47.5 34,17.0 69,17.3 252,25.8 253,27.8 160,31.3 228,23.1 3,49.7 197,45.8 23,34.6 158,33.3 103,33.1 309,41.3 275,68.7 111,+2.5 31,2019
32,Penn St.,B10,32,14-18,110.7 60,94.0 20,.8672 32,47.5 303,49.9 133,18.1 148,19.6 100,31.9 60,26.3 87,32.3 202,34.1 218,47.2 281,48.4 92,32.0 287,35.4 232,36.5 234,33.3 23,67.4 181,-2.8 84,2019
33,"Oregon  12 seed, Sweet Sixteen",P12,38,25-13,109.0 80,92.8 15,.8643 33,52.0 110,46.4 19,17.8 122,20.9 44,29.6 122,28.8 205,29.4 274,33.9 210,51.6 104,48.8 113,35.1 129,29.0 5,39.5 149,45.4 336,63.7 331,-1.0 64,2019
34,"Saint Mary's  11 seed, R64",WCC,34,22-12,114.1 26,97.4 51,.8606 34,53.8 48,48.9 86,16.2 35,16.3 303,31.2 83,23.0 10,29.1 277,29.1 75,52.3 79,49.2 132,37.8 30,32.1 54,35.2 267,31.6 9,62.4 348,-0.6 60,2019
35,"Nevada  7 seed, R64",MWC,34,29-5,113.5 31,97.0 46,.8599 35,53.7 49,47.7 39,14.6 8,19.2 120,27.2 213,24.9 38,40.8 17,28.0 51,54.9 28,46.3 32,34.7 154,33.2 100,42.8 75,39.9 227,69.2 95,+4.1 25,2019
36,"Syracuse  8 seed, R64",ACC,34,20-14,111.3 52,95.4 30,.8548 36,49.6 222,48.1 48,18.5 169,23.1 10,30.2 103,33.4 335,36.8 68,34.3 222,49.3 211,46.9 48,33.3 225,32.9 83,43.2 68,48.1 346,65.9 264,+0.5 48,2019
37,"Marquette  5 seed, R64",BE,34,24-10,112.6 37,97.0 47,.8465 37,53.5 55,46.3 18,19.4 237,16.6 291,29.4 129,26.1 79,35.1 106,35.9 252,50.0 186,45.1 19,38.8 12,32.4 64,41.7 98,35.6 70,68.9 104,+2.8 29,2019
38,TCU,B12,37,23-14,110.8 59,95.7 33,.8430 38,52.1 105,48.4 64,19.2 225,18.6 157,31.2 83,28.7 199,31.7 219,27.7 44,52.3 79,49.9 156,34.6 158,30.4 20,37.5 199,36.0 88,68.5 122,+1.1 42,2019
39,"Villanova  6 seed, R32",BE,36,26-10,115.5 21,100.1 93,.8383 39,53.2 67,50.4 157,16.9 67,18.0 202,30.3 102,27.7 156,34.4 137,28.2 54,53.7 46,49.7 149,35.2 122,34.3 170,53.5 3,39.7 224,63.6 335,+3.7 26,2019
40,"Mississippi  8 seed, R64",SEC,33,20-13,114.0 27,99.0 77,.8351 40,53.1 71,51.0 178,18.2 149,20.6 56,30.2 103,29.3 224,30.9 238,33.5 200,52.7 71,48.2 83,35.8 98,37.4 319,39.9 142,34.5 42,68.1 143,+1.0 43,2019
41,"Baylor  9 seed, R32",B12,34,20-14,115.4 22,100.4 98,.8316 41,51.2 143,49.1 100,19.7 257,18.6 157,37.9 2,29.4 228,32.3 202,36.5 266,51.2 127,47.5 66,34.1 181,34.5 180,40.9 114,38.2 164,65.0 300,+0.9 44,2019
42,"Utah St.  8 seed, R64",MWC,35,28-7,112.4 43,97.8 56,.8313 42,53.9 46,46.5 20,18.2 149,17.3 252,32.0 58,22.3 4,36.7 73,34.3 222,54.2 39,42.2 4,35.7 102,35.3 224,38.0 187,39.9 227,68.0 148,+2.2 33,2019
43,N.C. State,ACC,36,24-12,113.2 33,98.7 71,.8297 43,52.0 110,49.4 112,17.3 90,21.5 29,36.0 12,28.8 205,28.5 289,38.8 306,51.6 104,51.0 211,35.2 122,30.9 25,35.8 250,34.3 38,71.3 29,+1.9 37,2019
44,"Iowa  10 seed, R32",B10,35,23-12,116.8 15,101.8 120,.8290 44,52.7 90,51.5 206,17.2 80,18.4 173,29.8 114,29.4 228,42.3 11,28.8 72,51.4 112,53.5 297,36.4 73,32.4 64,39.0 163,41.2 272,69.4 89,+3.2 28,2019
45,"Ohio St.  11 seed, R32",B10,35,20-15,108.6 89,95.0 29,.8227 45,50.3 188,48.3 60,18.7 186,18.2 180,27.6 201,25.9 69,33.7 163,31.8 147,49.7 197,47.9 73,34.1 181,32.7 74,40.1 137,37.4 139,65.6 276,+0.9 46,2019
46,Nebraska,B10,36,19-17,113.3 32,99.4 83,.8185 46,49.2 241,48.1 48,14.3 6,19.3 114,28.5 170,32.1 311,33.0 184,30.0 97,48.6 238,46.9 48,33.4 221,33.8 134,37.5 199,34.2 37,66.5 230,-0.06 53,2019
47,"Minnesota  10 seed, R32",B10,36,22-14,111.1 57,97.5 53,.8178 47,48.2 285,49.5 116,17.1 74,16.9 270,31.4 80,28.4 181,41.6 15,28.2 54,48.5 240,48.7 106,31.7 294,34.0 146,29.6 341,33.9 33,67.3 192,+2.7 30,2019
48,Creighton,BE,35,20-15,111.8 46,98.2 65,.8163 48,56.2 7,52.8 275,18.6 180,19.1 128,24.7 282,26.8 106,29.0 280,27.9 48,55.7 16,52.9 281,37.9 27,35.0 210,46.7 17,39.1 192,68.5 123,-2.2 76,2019
49,"New Mexico St.  12 seed, R64",WAC,35,30-5,112.9 36,99.2 81,.8153 49,54.1 42,48.9 86,17.9 131,19.2 120,37.2 5,22.5 5,34.5 134,32.6 171,56.9 5,48.1 80,33.9 195,33.4 113,46.5 18,39.6 218,65.6 277,+1.6 38,2019
50,"Belmont  11 seed, R64",OVC,33,27-6,115.9 18,102.0 123,.8127 50,57.6 3,48.7 78,15.2 16,16.0 315,25.3 266,25.0 41,28.5 289,27.4 37,59.2 3,47.2 56,37.0 48,34.4 175,43.8 50,34.5 42,70.9 38,+1.4 39,2019
Rk,Team,Conf,G,Rec,AdjOE,AdjDE,Barthag,Efg%,EfgD%,TOR,TORD,ORB,DRB,FTR,FTRD,2P%,2P%D,3P%,3P%D,3PR,3PRD,Adj T.,WAB,2019
51,"Washington  9 seed, R32",P12,36,27-9,106.5 136,94.2 21,.8040 51,52.1 105,47.5 34,19.8 262,24.2 4,29.1 142,34.9 348,34.7 128,34.0 214,51.9 96,46.0 25,35.0 133,33.4 113,39.9 142,35.3 59,65.7 273,+3.3 27,2019
52,Arkansas,SEC,34,18-16,110.1 68,97.9 59,.7947 52,51.0 156,49.4 112,18.3 155,22.5 15,28.3 176,34.8 347,38.4 40,41.7 331,50.6 157,48.9 122,34.5 163,33.3 103,37.5 199,42.0 287,70.3 52,-2.2 77,2019
53,Indiana,B10,35,19-16,108.3 99,96.4 40,.7916 53,51.0 156,48.2 54,17.9 131,18.1 192,28.1 184,28.1 169,34.6 131,29.2 77,53.1 61,47.3 59,31.2 311,33.1 96,33.6 299,38.2 164,66.9 210,-0.00 52,2019
54,Memphis,Amer,36,22-14,109.0 79,97.1 49,.7913 54,51.0 156,48.6 75,19.8 262,21.3 34,33.4 33,30.9 275,37.3 58,37.5 285,52.5 74,48.9 122,32.2 278,32.2 59,36.0 242,39.4 207,74.2 6,-1.3 67,2019
55,Lipscomb,ASun,37,29-8,111.2 55,99.1 78,.7909 55,54.8 23,48.4 64,17.8 122,19.6 100,26.0 247,23.8 16,36.3 77,27.9 48,53.8 44,48.5 98,37.5 40,32.1 54,39.2 156,38.0 158,72.9 14,-0.28 56,2019
56,Missouri,SEC,32,15-17,108.1 106,96.3 37,.7904 56,50.5 176,49.4 112,21.0 313,18.1 192,31.9 60,25.7 64,29.8 266,38.1 296,47.6 267,50.6 195,36.3 77,31.9 45,41.2 103,40.7 256,64.5 323,-3.1 93,2019
57,Wichita St.,Amer,37,22-15,107.4 119,95.8 34,.7883 57,46.9 319,47.6 36,17.4 102,17.6 228,32.5 49,26.9 109,28.8 282,38.8 306,47.1 286,46.5 37,31.0 318,33.0 91,39.1 158,37.3 134,67.9 153,-2.8 86,2019
58,Dayton,A10,33,21-12,112.0 45,99.9 92,.7879 58,56.1 8,47.9 43,18.8 194,16.8 278,26.9 223,27.4 142,32.1 207,23.8 6,59.5 2,47.7 68,33.2 230,32.1 54,34.5 282,40.5 245,64.7 317,-2.1 75,2019
59,"Murray St.  12 seed, R32",OVC,33,28-5,111.5 48,99.6 88,.7844 59,54.8 23,46.5 20,17.2 80,19.4 108,32.0 58,30.7 269,33.5 170,27.4 37,56.2 10,48.3 88,34.9 142,28.9 3,36.6 229,35.8 80,68.7 116,+1.3 41,2019
60,"Temple  11 seed, R68",Amer,33,23-10,110.3 62,98.7 74,.7807 60,49.9 208,50.6 163,15.7 21,20.6 56,26.9 223,29.2 221,32.5 196,33.9 210,50.1 181,51.5 235,33.0 240,32.9 83,37.4 206,38.3 170,68.7 115,+2.0 36,2019
61,Alabama,SEC,34,18-16,108.3 96,97.1 48,.7794 61,50.3 188,48.9 86,19.5 245,16.9 270,31.5 76,28.0 166,38.0 47,29.6 87,49.9 191,48.5 98,34.0 191,33.3 103,36.9 221,32.7 14,68.5 124,-0.13 54,2019
62,Furman,SC,33,25-8,108.8 87,97.6 54,.7762 62,55.4 17,47.9 43,18.4 161,20.1 75,28.7 163,30.0 256,24.9 334,24.2 10,56.7 7,48.6 103,36.0 89,31.2 28,47.0 16,38.9 189,66.4 233,-0.26 55,2019
63,South Carolina,SEC,32,16-16,108.6 90,97.5 52,.7757 63,48.3 282,49.5 116,19.2 225,20.3 66,31.8 63,31.1 281,36.2 81,39.6 318,44.9 336,48.2 83,36.5 67,34.2 160,34.6 278,39.8 225,70.3 59,-2.1 73,2019
64,"Arizona St.  11 seed, R64",P12,34,23-11,109.6 74,98.7 72,.7691 64,50.6 174,48.5 70,18.7 186,19.0 137,31.7 69,26.9 109,43.8 3,38.6 304,50.8 146,47.3 59,33.6 212,33.4 113,35.5 257,43.5 316,70.3 58,+0.23 49,2019
65,"Seton Hall  10 seed, R64",BE,34,20-14,108.8 86,98.1 61,.7668 65,49.9 208,49.6 122,17.5 108,19.8 86,29.5 126,29.2 221,34.5 134,32.8 178,50.6 157,48.7 106,32.4 265,34.0 146,36.7 226,40.2 235,68.9 106,-0.29 57,2019
66,Xavier,BE,35,19-16,111.3 53,100.3 96,.7668 66,52.8 82,50.7 165,19.6 249,16.2 309,32.2 55,27.2 132,32.6 192,24.9 11,54.7 31,48.7 106,33.1 234,35.6 248,37.4 206,42.2 290,65.1 296,-2.8 85,2019
67,Toledo,MAC,33,25-8,109.6 73,98.8 75,.7662 67,53.2 67,46.8 26,17.4 102,15.4 328,28.1 184,25.7 64,26.1 321,26.8 26,50.4 167,46.6 39,38.0 23,31.5 33,42.9 72,34.9 52,67.6 167,+0.08 51,2019
68,Miami FL,ACC,32,14-18,110.2 67,99.9 91,.7543 68,50.8 168,52.0 228,16.9 67,19.8 86,25.9 250,29.8 246,30.8 241,22.7 2,51.4 112,51.7 247,33.3 225,34.9 206,43.5 58,39.4 207,66.8 216,-5.0 122,2019
69,Colorado,P12,36,23-13,106.7 134,96.8 44,.7535 69,51.0 156,48.4 64,19.1 219,17.4 242,30.7 93,23.6 14,37.2 61,31.1 127,52.3 79,48.8 113,32.3 272,31.8 42,34.9 274,37.5 144,67.9 155,-3.4 97,2019
70,Illinois,B10,33,12-21,110.5 61,100.4 97,.7507 70,49.6 222,52.2 245,18.4 161,21.8 23,29.1 142,31.9 304,29.5 272,42.4 338,48.2 250,53.6 303,34.5 163,33.0 91,37.5 199,35.4 64,70.4 50,-5.6 133,2019
71,"UC Irvine  13 seed, R32",BW,37,31-6,108.3 100,98.6 69,.7455 71,51.3 139,44.1 5,17.5 108,16.7 284,33.7 29,27.0 115,28.7 284,33.0 187,50.1 181,40.7 1,35.9 93,33.9 141,32.4 320,33.4 26,65.0 299,+0.9 45,2019
72,"Liberty  12 seed, R32",ASun,36,29-7,110.2 65,100.6 103,.7409 72,55.9 10,48.9 86,17.2 80,20.5 59,25.2 270,26.4 91,26.7 315,32.7 175,56.4 8,48.3 88,36.8 57,33.3 103,42.8 75,37.0 120,62.0 350,-0.43 58,2019
73,Providence,BE,34,18-16,105.2 158,96.2 36,.7370 73,48.0 290,49.7 129,18.7 186,20.2 71,31.8 63,28.3 174,39.1 33,32.8 178,47.5 275,48.8 113,32.6 255,34.1 155,35.0 271,37.4 139,67.7 162,-3.3 95,2019
74,San Francisco,WCC,31,21-10,112.1 44,102.5 138,.7368 74,53.5 55,48.9 86,15.1 15,17.2 255,28.9 155,25.0 41,30.9 238,30.6 116,53.8 44,49.3 136,35.4 113,32.0 47,39.0 163,33.3 23,66.3 239,-2.5 80,2019
75,"Vermont  13 seed, R64",AE,34,27-7,108.2 101,99.0 76,.7353 75,52.6 93,48.7 78,16.8 61,19.1 128,27.3 209,22.2 3,35.9 87,27.5 40,51.6 104,46.3 32,35.9 93,35.1 216,41.0 109,37.7 150,65.3 290,-0.8 63,2019
Rk,Team,Conf,G,Rec,AdjOE,AdjDE,Barthag,Efg%,EfgD%,TOR,TORD,ORB,DRB,FTR,FTRD,2P%,2P%D,3P%,3P%D,3PR,3PRD,Adj T.,WAB,2019
76,Butler,BE,33,16-17,111.4 51,102.1 125,.7314 76,52.1 105,52.7 268,16.1 30,18.9 142,25.7 258,27.6 152,25.2 330,36.3 263,51.4 112,52.2 263,35.3 118,35.7 253,42.8 75,39.4 207,65.8 270,-4.2 113,2019
77,Rutgers,B10,31,14-17,105.7 151,97.3 50,.7214 77,47.0 315,49.2 106,19.1 219,17.4 242,33.4 33,27.0 115,31.7 219,32.4 163,47.2 281,47.0 51,31.2 311,35.3 224,33.2 306,38.1 160,67.5 172,-3.5 100,2019
78,Northwestern,B10,32,13-19,102.1 222,94.0 19,.7200 78,46.6 326,46.7 23,16.1 30,17.9 211,24.2 299,26.3 87,30.2 255,34.0 214,46.4 308,48.0 76,31.3 307,29.3 8,40.7 120,32.0 10,65.8 268,-5.7 136,2019
79,USC,P12,33,16-17,109.8 70,101.5 114,.7116 79,52.8 82,49.1 100,16.5 48,18.1 192,27.0 218,29.9 251,27.6 306,30.0 97,50.3 173,48.4 92,38.2 16,33.4 113,36.0 242,38.7 185,69.6 77,-6.9 155,2019
80,Fresno St.,MWC,32,23-9,108.1 105,100.1 94,.7064 80,54.5 30,48.5 70,18.2 149,19.5 103,27.4 203,25.4 50,30.2 255,35.0 233,51.9 96,50.2 177,38.2 16,30.7 23,47.9 12,41.0 264,67.5 169,-1.8 71,2019
81,Oklahoma St.,B12,32,12-20,109.7 71,101.7 119,.7061 81,50.1 198,50.3 153,18.0 139,17.6 228,26.4 237,29.4 228,30.6 244,31.5 138,46.0 318,48.3 88,37.2 46,35.4 232,41.9 95,42.3 292,65.9 259,-4.1 109,2019
82,"Yale  14 seed, R64",Ivy,30,22-8,111.6 47,103.5 153,.7028 82,55.6 14,47.3 30,17.8 122,15.2 334,26.3 240,24.6 25,30.1 259,31.1 127,56.0 12,47.8 71,36.5 67,31.0 27,35.3 262,37.8 156,70.8 42,-0.7 62,2019
83,Texas A&M,SEC,32,14-18,107.2 126,99.6 86,.7007 83,49.3 238,49.3 110,20.0 275,18.5 163,32.7 45,32.5 319,34.2 145,27.0 31,51.0 137,49.1 130,30.8 326,33.1 96,36.0 242,42.8 300,67.4 182,-4.4 116,2019
84,"St. John's  11 seed, R68",BE,34,21-13,108.3 98,100.6 104,.6997 84,51.9 117,50.7 165,14.3 6,21.2 36,21.8 338,29.4 228,29.5 272,39.7 320,50.7 151,50.3 179,35.8 98,34.2 160,38.5 177,42.2 290,70.9 40,-1.1 65,2019
85,West Virginia,B12,36,15-21,109.7 72,102.0 122,.6981 85,47.5 303,52.4 253,21.3 320,18.5 163,36.9 7,28.7 199,38.9 36,38.0 290,47.6 267,51.3 224,31.6 301,36.1 274,39.1 158,36.2 96,70.3 51,-3.7 102,2019
86,SMU,Amer,32,15-17,113.2 34,105.3 186,.6964 86,51.2 143,50.0 140,16.6 53,17.5 235,33.4 33,31.6 295,27.8 301,29.5 85,51.3 120,48.2 83,34.1 181,35.1 216,41.0 109,41.1 268,64.9 309,-6.3 143,2019
87,Davidson,A10,34,24-10,108.4 94,100.9 105,.6948 87,53.1 71,48.3 60,16.7 58,16.7 284,23.3 316,24.8 32,28.3 293,30.0 97,52.8 69,47.3 59,35.6 104,33.0 91,46.4 20,43.8 320,64.7 315,-0.7 61,2019
88,Utah,P12,31,17-14,115.6 20,108.0 252,.6877 88,55.0 22,52.3 249,19.2 225,14.7 345,31.0 86,27.1 123,35.5 100,32.5 169,54.6 34,51.7 247,37.0 48,35.6 248,46.5 18,36.4 102,66.0 254,-4.1 110,2019
89,Notre Dame,ACC,33,14-19,108.1 102,101.0 107,.6874 89,46.2 329,49.0 94,14.0 5,16.4 300,29.0 150,31.1 281,30.1 259,21.8 1,45.4 328,48.6 103,31.5 304,33.1 96,43.7 54,36.7 108,65.2 294,-5.6 135,2019
90,San Diego,WCC,36,21-15,105.4 156,98.4 66,.6864 90,52.4 99,49.6 122,18.8 194,17.5 235,24.1 302,22.0 2,32.4 199,37.3 282,52.4 78,49.7 149,34.8 147,32.9 83,40.2 132,32.3 12,66.5 229,-3.5 99,2019
91,BYU,WCC,32,19-13,111.0 58,103.8 160,.6844 91,52.8 82,50.7 165,15.3 17,17.6 228,23.7 307,27.0 115,40.0 24,35.4 240,54.7 31,48.3 88,33.0 240,36.6 290,36.4 237,36.6 105,71.0 35,-2.9 88,2019
92,South Dakota St.,Sum,33,24-9,112.4 40,105.1 181,.6830 92,58.5 2,50.2 145,16.3 39,15.6 323,23.9 304,22.7 6,31.9 211,23.7 5,56.2 10,48.8 113,41.2 3,34.5 180,41.3 101,48.1 346,70.8 41,-3.3 94,2019
93,Georgia Southern,SB,33,21-12,108.3 97,101.3 112,.6827 93,54.3 36,51.4 203,18.6 180,20.0 82,27.4 203,28.7 199,35.0 110,31.3 133,56.8 6,51.7 247,32.4 265,34.0 146,31.2 331,38.5 179,73.2 13,-4.6 117,2019
94,Penn,Ivy,31,19-12,104.7 166,98.2 63,.6757 94,52.6 93,49.1 100,18.4 161,19.0 137,24.8 280,26.3 87,28.1 299,25.5 16,52.9 65,48.7 106,34.7 154,33.3 103,44.3 43,32.5 13,67.2 198,-4.9 120,2019
95,Arizona,P12,32,17-15,104.9 160,98.5 67,.6748 95,49.0 254,50.9 176,16.7 58,20.3 66,28.4 172,25.9 69,33.3 176,35.0 233,48.1 251,51.9 254,33.6 212,32.9 83,37.6 195,36.9 116,66.6 226,-4.1 108,2019
96,Connecticut,Amer,33,16-17,108.8 84,102.1 126,.6739 96,51.0 156,49.6 122,18.5 169,20.0 82,32.3 52,30.2 260,32.7 189,39.2 312,50.7 151,49.2 132,34.4 169,33.5 118,37.4 206,33.7 27,68.9 107,-5.6 134,2019
97,South Florida,Amer,38,24-14,102.7 204,96.5 41,.6734 97,49.1 245,48.4 64,22.6 335,21.9 22,36.3 10,26.8 106,48.1 1,43.1 340,48.5 240,48.2 83,33.3 225,32.5 69,38.7 171,36.8 111,67.1 203,-4.3 114,2019
98,"Northeastern  13 seed, R64",CAA,34,23-11,110.2 66,103.5 151,.6719 98,56.5 5,52.1 233,16.6 53,16.7 284,22.7 328,24.6 25,34.3 140,27.8 46,55.8 13,53.0 283,38.2 16,33.7 128,46.4 20,35.9 86,66.2 243,-2.6 82,2019
99,"Northern Kentucky  14 seed, R64",Horz,35,26-9,108.9 83,102.3 134,.6705 99,54.6 27,49.1 100,17.8 122,18.4 173,30.6 97,26.0 75,34.8 119,35.2 236,55.0 24,49.9 156,36.0 89,32.0 47,41.3 101,39.0 190,68.2 137,-2.0 72,2019
100,UNC Greensboro,SC,36,29-7,105.4 155,99.1 79,.6703 100,51.2 143,51.0 178,17.1 74,22.2 18,31.4 80,29.7 245,30.6 244,32.2 159,51.4 112,50.1 171,33.8 201,35.0 210,37.3 209,38.2 164,67.5 178,+2.1 35,2019
Rk,Team,Conf,G,Rec,AdjOE,AdjDE,Barthag,Efg%,EfgD%,TOR,TORD,ORB,DRB,FTR,FTRD,2P%,2P%D,3P%,3P%D,3PR,3PRD,Adj T.,WAB,2019
101,Oregon St.,P12,31,18-13,111.4 50,104.7 171,.6702 101,52.2 103,50.2 145,18.3 155,17.6 228,30.8 90,29.0 219,36.8 68,33.5 200,54.5 35,46.7 41,32.1 283,37.3 311,36.6 229,37.4 139,65.6 279,-3.8 103,2019
102,UCLA,P12,33,17-16,109.5 75,103.0 142,.6691 102,52.0 110,49.6 122,19.0 212,15.1 338,30.8 90,27.1 123,38.2 43,27.6 42,51.4 112,47.9 73,35.5 111,34.7 193,35.8 250,41.4 276,72.4 17,-5.1 123,2019
103,Wright St.,Horz,35,21-14,107.4 121,101.0 109,.6683 103,51.0 156,53.1 286,17.3 90,20.1 75,30.8 90,25.9 69,35.1 106,28.6 67,50.4 167,52.1 260,34.6 158,36.5 284,40.1 137,38.3 170,65.2 293,-6.4 145,2019
104,St. Bonaventure,A10,34,18-16,102.1 221,96.1 35,.6669 104,48.3 282,47.2 28,18.7 186,19.8 86,29.2 137,28.7 199,28.2 296,31.5 138,47.9 255,46.2 30,32.8 248,32.3 60,33.2 306,43.0 305,64.2 327,-8.0 173,2019
105,Loyola Chicago,MVC,34,20-14,105.2 157,99.2 80,.6636 105,55.1 21,51.1 185,18.8 194,20.5 59,19.9 348,21.7 1,32.0 209,23.9 7,55.0 24,48.7 106,36.7 61,36.6 290,33.5 302,38.5 179,62.7 346,-7.0 157,2019
106,Georgetown,BE,33,19-14,108.6 91,102.5 136,.6602 106,51.0 156,50.2 145,17.9 131,16.3 303,29.1 142,26.2 82,38.2 43,30.3 108,49.6 200,49.6 146,35.6 104,34.0 146,37.5 199,40.6 252,72.1 20,-2.3 78,2019
107,East Tennessee St.,SC,34,24-10,109.2 77,103.1 144,.6600 107,54.6 27,52.6 259,20.0 275,20.5 59,37.0 6,23.9 17,30.0 262,30.5 113,55.0 24,48.5 98,35.9 93,39.1 348,37.2 212,40.7 256,67.0 209,-1.3 68,2019
108,"Saint Louis  13 seed, R64",A10,36,23-13,102.3 212,96.7 43,.6568 108,46.7 324,46.9 27,19.3 230,19.4 108,36.0 12,25.1 43,39.4 29,33.5 200,47.2 281,46.7 41,30.4 335,31.4 31,32.9 315,37.6 148,66.3 238,-3.0 89,2019
109,Hofstra,CAA,35,27-8,115.9 19,109.5 272,.6568 109,55.9 10,52.1 233,13.8 3,18.3 177,26.8 228,29.9 251,37.7 51,25.0 12,54.5 35,51.5 235,38.7 13,35.3 224,38.8 170,37.0 120,67.7 164,-1.7 70,2019
110,Akron,MAC,33,17-16,99.4 274,94.0 18,.6560 110,48.2 285,45.5 13,17.3 90,19.1 128,25.1 272,29.9 251,27.7 304,30.6 116,48.8 230,46.1 28,31.7 294,29.6 11,47.6 14,38.0 158,66.1 250,-7.9 168,2019
111,Harvard,Ivy,31,19-12,106.1 142,100.4 99,.6521 111,53.3 63,50.2 145,22.6 335,17.5 235,28.7 163,23.1 11,31.6 224,33.8 209,52.7 71,49.6 146,36.1 87,34.2 160,42.1 91,38.5 179,67.0 206,-3.3 96,2019
112,San Diego St.,MWC,34,21-13,103.3 197,97.8 57,.6521 112,49.9 208,48.2 54,18.3 155,18.8 149,28.9 155,28.4 181,35.2 104,33.3 196,47.9 255,47.2 56,35.6 104,33.0 91,37.2 212,41.9 284,66.4 234,-3.9 106,2019
113,Southern Miss,CUSA,33,20-13,107.8 111,102.2 127,.6498 113,53.1 71,49.0 94,15.7 21,19.4 108,22.9 325,28.1 169,24.0 345,29.8 93,50.0 186,47.0 51,39.1 11,34.2 160,37.0 217,47.4 343,64.6 318,-5.5 132,2019
114,"Georgia St.  14 seed, R64",SB,34,24-10,107.7 113,102.2 131,.6463 114,53.7 49,50.3 153,16.4 43,21.0 42,23.0 323,33.8 338,35.4 101,30.9 124,51.2 127,51.2 219,38.1 21,32.8 77,43.5 58,45.7 338,69.7 71,-1.1 66,2019
115,Tulsa,Amer,32,18-14,105.7 152,100.3 95,.6454 115,51.2 143,48.1 48,18.0 139,17.6 228,23.0 323,29.4 228,43.4 4,30.3 108,51.3 120,47.3 59,34.0 191,32.8 77,37.6 195,43.9 323,68.6 118,-3.4 98,2019
116,Bowling Green,MAC,34,22-12,108.5 92,103.0 143,.6443 116,50.5 176,50.8 170,16.6 53,17.8 220,30.7 93,24.8 32,34.9 114,31.1 127,48.8 230,50.0 166,35.8 98,34.6 188,36.0 242,43.3 310,70.1 67,-4.0 107,2019
117,Boise St.,MWC,33,13-20,108.7 88,103.4 149,.6400 117,53.9 46,51.8 221,17.3 90,18.5 163,23.5 311,24.4 19,31.8 215,33.6 204,54.7 31,52.0 256,35.2 122,34.3 170,40.0 139,40.5 245,65.3 291,-11.7 238,2019
118,Grand Canyon,WAC,34,20-14,107.3 122,102.2 128,.6375 118,51.4 135,49.9 133,17.3 90,19.3 114,29.0 150,25.7 64,33.7 163,29.7 88,52.5 74,48.4 92,33.1 234,35.2 221,39.0 163,35.2 58,67.7 163,-5.4 129,2019
119,Drake,MVC,34,24-10,107.3 125,102.2 129,.6350 119,53.3 63,48.7 78,19.1 219,16.8 278,24.3 294,26.0 75,32.6 192,29.4 81,53.2 57,50.8 203,35.7 102,30.0 16,39.6 146,36.3 97,69.0 100,-2.7 83,2019
120,Pittsburgh,ACC,33,14-19,104.2 177,99.4 84,.6327 120,47.9 296,47.7 39,19.6 249,21.3 34,32.1 56,32.8 325,42.3 11,32.9 183,46.9 291,45.8 23,33.1 234,33.6 122,36.9 221,40.6 252,67.2 197,-6.3 142,2019
121,DePaul,BE,36,19-17,112.6 38,107.4 238,.6317 121,52.7 90,53.2 291,18.8 194,17.7 224,32.7 45,25.6 59,36.1 84,30.9 124,53.3 54,51.2 219,34.3 172,37.3 311,32.8 317,43.2 307,69.5 80,-5.1 124,2019
122,"Old Dominion  14 seed, R64",CUSA,35,26-9,100.2 258,95.7 32,.6309 122,47.1 313,45.6 14,17.8 122,18.5 163,32.1 56,24.8 32,28.9 281,32.4 163,44.0 345,43.6 7,34.9 142,32.4 64,37.3 209,40.5 245,64.6 319,-1.6 69,2019
123,Austin Peay,OVC,33,22-11,111.4 49,106.7 226,.6233 123,52.9 78,52.5 255,16.6 53,20.8 50,32.3 52,30.0 256,34.7 128,34.2 220,51.1 131,53.5 297,37.5 40,34.0 146,34.1 293,37.5 144,68.8 108,-4.7 118,2019
124,Georgia,SEC,32,11-21,105.8 148,101.3 110,.6224 124,50.1 198,48.5 70,22.5 333,15.5 327,32.7 45,31.0 278,41.2 16,29.9 94,51.1 131,47.8 71,32.2 278,33.2 100,37.0 217,35.8 80,68.6 119,-7.4 163,2019
125,Utah Valley,WAC,35,25-10,108.1 103,103.5 152,.6219 125,55.6 14,49.1 100,20.2 284,16.5 298,28.0 189,26.6 98,40.3 22,29.3 79,54.2 39,47.3 59,38.5 14,34.9 206,38.3 180,35.8 80,68.3 133,-2.1 74,2019
Rk,Team,Conf,G,Rec,AdjOE,AdjDE,Barthag,Efg%,EfgD%,TOR,TORD,ORB,DRB,FTR,FTRD,2P%,2P%D,3P%,3P%D,3PR,3PRD,Adj T.,WAB,2019
126,Loyola Marymount,WCC,34,22-12,104.1 179,99.7 89,.6219 126,49.5 231,49.6 122,19.3 230,21.6 26,29.4 129,27.2 132,36.7 73,36.2 261,50.3 173,50.3 179,31.6 301,32.4 64,28.2 350,42.4 295,62.4 349,-3.8 105,2019
127,Western Kentucky,CUSA,34,20-14,104.9 163,100.5 102,.6204 127,49.9 208,48.9 86,19.6 249,18.5 163,29.6 122,28.1 169,37.9 48,25.6 17,50.2 178,47.0 51,32.7 251,34.5 180,31.8 328,40.8 259,67.8 158,-5.3 128,2019
128,Boston College,ACC,31,14-17,107.1 129,102.7 140,.6184 128,48.5 274,48.4 64,17.5 108,16.6 291,28.6 168,31.5 291,35.0 110,29.4 81,49.1 222,48.8 113,31.7 294,32.0 47,38.0 187,40.5 245,67.3 187,-5.3 127,2019
129,Jacksonville St.,OVC,33,24-9,104.7 165,100.4 100,.6176 129,50.5 176,48.7 78,18.8 194,20.4 64,33.0 42,25.6 59,30.2 255,30.1 103,52.3 79,47.7 68,31.0 318,33.3 103,30.5 335,41.4 276,67.5 173,-3.0 91,2019
130,Georgia Tech,ACC,32,14-18,100.8 249,96.9 45,.6104 130,49.2 241,45.7 15,21.0 313,18.7 153,25.3 266,31.6 295,34.3 140,34.8 228,50.7 151,46.3 32,30.7 330,29.7 12,33.4 303,37.7 150,67.0 208,-4.8 119,2019
131,Charleston,CAA,33,24-9,108.0 109,104.1 162,.6034 131,54.2 37,52.1 233,15.6 19,19.1 128,25.6 261,25.9 69,33.5 170,26.4 23,56.3 9,53.7 310,33.7 207,33.3 103,36.6 229,42.9 302,65.5 287,-2.9 87,2019
132,Central Michigan,MAC,35,23-12,110.2 63,106.3 216,.6028 132,51.4 135,50.1 143,16.2 35,18.7 153,31.0 86,33.1 333,40.0 24,28.8 72,48.9 226,53.6 303,36.9 55,29.3 8,37.8 190,35.7 76,70.9 39,-3.8 104,2019
133,Stanford,P12,31,15-16,102.3 215,98.7 70,.6024 133,51.2 143,47.9 43,20.8 308,17.2 255,29.9 112,28.3 174,36.1 84,32.9 183,53.2 57,46.4 35,31.7 294,34.5 180,36.6 229,27.3 1,69.6 77,-5.7 137,2019
134,Rhode Island,A10,33,18-15,104.5 171,100.9 106,.6002 134,47.4 305,48.7 78,17.8 122,20.2 71,31.3 82,27.9 164,36.8 68,35.7 246,50.0 186,48.8 113,28.0 350,32.3 60,32.1 325,37.7 150,67.5 170,-6.5 150,2019
135,"Colgate  15 seed, R64",Pat,35,24-11,110.2 64,106.4 220,.5997 135,55.9 10,50.7 165,19.3 230,17.8 220,30.2 103,27.1 123,28.4 292,28.2 54,53.5 50,50.5 190,39.5 7,33.9 141,41.4 100,40.9 261,66.6 228,-4.1 111,2019
136,"Montana  15 seed, R64",BSky,35,26-9,107.3 123,104.1 163,.5861 136,56.1 8,50.1 143,17.3 90,19.2 120,27.4 203,24.9 38,31.6 224,37.3 282,55.6 18,49.3 136,37.8 30,34.4 175,38.3 180,36.1 94,66.3 237,-3.0 90,2019
137,Ball St.,MAC,33,16-17,101.5 230,98.7 73,.5801 137,51.8 121,47.3 30,20.2 284,17.9 211,27.5 202,28.6 193,37.6 53,30.4 112,53.5 50,46.8 44,32.2 278,32.1 54,32.9 315,34.7 47,70.1 65,-8.4 177,2019
138,Radford,BSth,33,22-11,108.3 95,105.4 188,.5770 138,52.8 82,51.9 225,16.4 43,18.1 192,29.7 117,24.9 38,27.0 311,30.7 122,50.1 181,51.7 247,38.0 23,34.7 193,38.1 184,45.1 333,64.3 325,-4.2 112,2019
139,Kent St.,MAC,33,22-11,110.0 69,107.1 231,.5764 139,49.6 222,52.7 268,16.4 43,19.0 137,33.2 38,30.6 267,31.8 215,35.9 252,49.1 222,53.2 287,33.6 212,34.7 193,39.3 154,37.4 139,67.5 177,-2.5 81,2019
140,Louisiana Monroe,SB,35,19-16,112.4 42,109.6 273,.5720 140,54.0 45,52.9 278,16.2 35,17.4 242,26.9 223,29.0 219,35.8 90,28.4 60,49.6 200,52.7 277,39.7 6,35.4 232,44.2 44,39.4 207,66.0 253,-7.2 158,2019
141,Texas St.,SB,34,24-10,102.0 225,99.5 85,.5712 141,50.0 206,48.5 70,19.6 249,20.7 52,33.2 38,24.7 27,34.4 137,39.5 317,50.8 146,49.2 132,32.4 265,31.6 35,38.1 184,39.6 218,64.8 313,-3.1 92,2019
142,UTSA,CUSA,32,17-15,106.1 141,103.6 157,.5689 142,49.5 231,49.5 116,16.4 43,18.1 192,26.1 243,28.4 181,26.2 319,35.6 244,48.0 254,50.0 166,34.3 172,32.5 69,41.8 97,39.2 198,71.9 22,-8.6 184,2019
143,Coastal Carolina,SB,34,17-17,107.5 118,105.2 184,.5598 143,51.8 121,51.0 178,19.6 249,18.0 202,32.7 45,28.6 193,39.4 29,42.3 336,49.4 208,53.1 286,37.0 48,32.3 60,38.7 171,44.9 331,69.4 88,-9.7 205,2019
144,Samford,SC,33,17-16,106.3 140,104.3 164,.5536 144,54.1 42,49.6 122,19.3 230,18.1 192,28.1 184,31.2 285,33.9 151,28.3 57,53.0 64,47.3 59,37.3 45,35.1 216,35.1 270,44.0 324,69.0 102,-8.6 185,2019
145,Northern Illinois,MAC,34,17-17,107.6 115,105.8 200,.5477 145,52.6 93,51.9 225,17.2 80,17.9 211,27.2 213,26.7 102,26.5 316,39.1 310,51.6 104,50.0 166,36.5 67,36.1 274,32.3 322,45.5 337,65.8 265,-8.7 186,2019
146,UT Arlington,SB,33,17-16,101.5 231,99.9 90,.5470 146,47.0 315,48.0 46,20.3 290,18.1 192,31.0 86,28.0 166,34.5 134,38.0 290,47.9 255,50.0 166,30.5 332,29.9 14,40.6 121,37.9 157,66.3 240,-7.3 161,2019
147,Pepperdine,WCC,34,16-18,108.1 104,106.4 219,.5467 147,52.0 110,53.9 316,18.0 139,20.9 44,24.9 278,29.5 235,35.7 94,35.7 246,48.4 244,54.9 331,37.9 27,34.8 200,42.2 88,39.2 198,70.2 62,-9.5 203,2019
148,Miami OH,MAC,32,15-17,104.0 180,102.4 135,.5450 148,48.6 268,51.1 185,18.7 186,16.7 284,30.0 111,25.3 48,34.7 128,33.9 210,48.7 236,51.3 224,32.3 272,33.9 141,45.9 25,40.9 261,66.1 251,-8.5 181,2019
149,Brown,Ivy,32,20-12,99.6 267,98.2 64,.5405 149,50.4 182,48.0 46,20.3 290,20.9 44,24.5 287,27.5 149,36.7 73,31.3 133,50.2 178,50.1 171,33.8 201,30.0 16,40.8 117,41.2 272,71.0 34,-5.5 131,2019
150,Louisiana Tech,CUSA,33,20-13,104.3 174,103.1 145,.5341 150,49.8 214,49.3 110,17.0 69,19.2 120,29.4 129,28.8 205,35.9 87,30.2 104,49.3 211,49.1 130,33.7 207,33.0 91,39.5 149,39.2 198,65.6 280,-6.8 152,2019
Rk,Team,Conf,G,Rec,AdjOE,AdjDE,Barthag,Efg%,EfgD%,TOR,TORD,ORB,DRB,FTR,FTRD,2P%,2P%D,3P%,3P%D,3PR,3PRD,Adj T.,WAB,2019
151,UAB,CUSA,35,20-15,107.2 127,106.0 203,.5321 151,50.4 182,49.4 112,16.8 61,17.9 211,30.6 97,26.2 82,31.8 215,31.6 140,51.3 120,48.1 80,32.6 255,33.9 141,34.4 285,44.7 328,65.0 298,-7.2 159,2019
152,Bucknell,Pat,33,21-12,105.1 159,104.5 167,.5183 152,53.0 74,49.2 106,17.3 90,16.6 291,25.8 253,27.6 152,33.9 151,32.4 163,53.3 54,48.8 113,35.1 129,33.3 103,45.9 25,34.6 44,70.6 45,-5.3 126,2019
153,"Bradley  15 seed, R64",MVC,35,20-15,102.1 220,101.5 113,.5167 153,49.7 220,47.6 36,18.8 194,18.4 173,26.7 230,26.7 102,36.3 77,35.6 244,46.5 301,46.5 37,37.0 48,32.8 77,35.3 262,39.4 207,64.9 302,-7.6 165,2019
154,"Abilene Christian  15 seed, R64",Slnd,34,27-7,102.0 224,101.6 115,.5120 154,51.9 117,49.8 132,17.3 90,23.3 9,27.0 218,28.5 186,34.0 150,38.3 299,49.5 204,49.8 153,37.7 34,33.3 103,34.5 282,33.1 18,65.5 285,-2.5 79,2019
155,Richmond,A10,33,13-20,109.1 78,108.7 264,.5108 155,54.1 42,53.1 286,15.3 17,18.5 163,19.1 350,29.9 251,30.7 243,28.7 70,55.5 20,54.0 316,34.7 154,34.4 175,40.2 132,38.1 160,65.8 269,-13.2 273,2019
156,Florida Atlantic,CUSA,33,17-16,99.5 269,99.3 82,.5051 156,47.9 296,48.2 54,20.7 303,18.1 192,29.0 150,25.4 50,28.6 286,31.4 136,47.0 289,48.7 106,32.6 255,31.6 35,45.5 32,40.6 252,67.3 185,-8.8 192,2019
157,Saint Joseph's,A10,33,14-19,106.3 139,106.3 218,.4998 157,48.0 290,51.7 216,13.5 1,15.7 320,22.0 336,24.4 19,31.7 219,27.1 33,47.8 259,49.9 156,32.2 278,36.0 268,44.7 37,44.1 326,68.4 125,-10.3 213,2019
158,Wake Forest,ACC,31,11-20,104.4 173,104.4 166,.4991 158,44.8 342,53.3 294,19.4 237,16.1 313,33.9 26,27.3 141,37.6 53,35.2 236,44.1 343,54.7 327,30.8 326,34.1 155,35.3 262,40.3 240,67.4 180,-7.4 164,2019
159,North Texas,CUSA,33,21-12,98.5 285,98.6 68,.4968 159,49.2 241,47.4 33,20.1 282,19.8 86,30.7 93,24.4 19,27.7 304,37.7 287,50.5 162,46.4 35,31.7 294,32.8 77,43.1 69,37.1 124,65.5 286,-6.9 153,2019
160,Louisiana,SB,32,19-13,107.4 120,107.5 241,.4964 160,50.9 165,53.2 291,17.4 102,20.0 82,29.1 142,31.9 304,35.1 106,36.9 276,50.5 162,52.3 267,34.2 175,36.6 290,40.4 127,35.7 76,71.8 24,-6.2 141,2019
161,Vanderbilt,SEC,32,9-23,101.1 239,101.3 111,.4951 161,48.6 268,49.5 116,20.5 299,16.4 300,29.0 150,29.3 224,40.6 20,33.3 196,50.0 186,48.0 76,31.1 315,34.9 206,42.2 88,35.6 70,67.3 188,-9.1 195,2019
162,Eastern Michigan,MAC,32,15-17,102.4 210,102.6 139,.4945 162,48.5 274,50.8 170,20.8 308,20.1 75,34.3 22,34.9 348,33.9 151,32.0 153,50.5 162,50.4 187,29.9 340,34.2 160,34.9 274,41.2 272,62.9 344,-7.9 170,2019
163,Southern Illinois,MVC,32,17-15,103.0 198,103.2 148,.4941 163,52.8 82,49.6 122,21.0 313,19.1 128,28.8 160,29.2 221,32.0 209,25.6 17,51.2 127,47.6 67,37.4 43,35.1 216,33.1 309,39.6 218,65.7 274,-8.0 172,2019
164,Oakland,Horz,33,16-17,107.8 112,108.0 257,.4930 164,54.2 37,53.0 281,18.5 169,17.2 255,25.7 258,32.5 319,35.7 94,28.0 51,52.2 86,53.2 287,37.9 27,35.2 221,43.6 57,36.7 108,68.4 127,-10.1 210,2019
165,Northern Colorado,BSky,32,21-11,103.6 189,104.0 161,.4893 165,53.0 74,51.4 203,18.4 161,18.6 157,27.7 199,25.6 59,34.8 119,28.4 60,53.6 48,49.5 142,34.9 142,37.1 307,45.4 35,31.2 7,66.1 249,-6.5 147,2019
166,Marshall,CUSA,37,23-14,106.5 137,107.0 230,.4875 166,51.9 117,52.0 228,15.9 26,20.8 50,22.9 325,32.3 314,30.5 248,32.4 163,52.3 79,51.4 231,34.2 175,35.5 240,44.7 37,35.3 59,74.4 5,-6.2 140,2019
167,"Gardner Webb  16 seed, R64",BSth,35,23-12,107.1 128,107.6 242,.4868 167,54.8 23,50.5 160,17.1 74,18.2 180,22.4 330,31.3 286,38.3 42,27.6 42,53.6 48,50.4 187,37.7 34,33.7 128,37.6 195,44.9 331,67.2 195,-4.9 121,2019
168,Purdue Fort Wayne,Sum,33,18-15,107.6 116,108.1 258,.4862 168,55.8 13,54.0 317,16.8 61,17.1 262,23.1 321,28.6 193,26.9 314,25.0 12,55.8 13,52.0 256,37.2 46,38.0 328,45.7 29,39.2 198,71.6 27,-9.3 199,2019
169,Seattle,WAC,33,18-15,101.1 242,101.6 116,.4852 169,49.1 245,46.7 23,17.5 108,15.8 318,29.3 133,26.5 94,34.3 140,38.5 300,46.1 315,44.9 17,36.8 57,33.6 122,33.3 304,33.3 23,67.1 199,-8.7 187,2019
170,Princeton,Ivy,28,16-12,99.0 280,99.6 87,.4843 170,47.0 315,49.7 129,17.8 122,17.2 255,24.3 294,24.7 27,29.8 266,28.7 70,48.1 251,50.3 179,30.3 336,32.5 69,40.5 124,36.3 97,67.4 183,-5.4 130,2019
171,Northern Iowa,MVC,34,16-18,101.5 233,102.1 124,.4832 171,48.9 259,51.1 185,17.9 131,18.2 180,23.2 318,23.1 11,27.6 306,32.4 163,46.2 313,51.0 211,35.0 133,34.2 160,42.8 75,37.7 150,64.1 328,-10.8 220,2019
172,Sam Houston St.,Slnd,33,21-12,106.7 133,107.3 235,.4829 172,51.8 121,51.2 192,18.3 155,21.2 36,29.7 117,28.6 193,26.0 323,43.3 342,48.6 238,51.4 231,37.5 40,34.0 146,42.3 86,39.1 192,66.1 248,-6.5 149,2019
173,Duquesne,A10,32,19-13,104.8 164,105.5 191,.4826 173,49.9 208,49.9 133,19.8 262,21.6 26,31.9 60,35.1 350,35.0 110,31.9 150,51.1 131,49.5 142,32.2 278,33.8 134,44.4 41,34.6 44,69.7 73,-6.5 148,2019
174,Lehigh,Pat,31,20-11,108.4 93,109.1 270,.4820 174,56.4 6,50.2 145,18.5 169,15.6 323,23.5 311,27.5 149,34.9 114,30.5 113,51.9 96,49.9 156,42.4 1,33.8 134,38.2 183,42.5 298,71.6 26,-5.2 125,2019
175,Charleston Southern,BSth,34,18-16,100.9 246,101.6 118,.4797 175,49.8 214,50.9 176,18.0 139,21.1 40,29.1 142,27.7 156,27.0 311,31.2 130,48.4 244,48.8 113,34.5 163,35.9 263,42.7 80,42.3 292,69.0 103,-9.1 196,2019
Rk,Team,Conf,G,Rec,AdjOE,AdjDE,Barthag,Efg%,EfgD%,TOR,TORD,ORB,DRB,FTR,FTRD,2P%,2P%D,3P%,3P%D,3PR,3PRD,Adj T.,WAB,2019
176,Missouri St.,MVC,32,16-16,102.8 203,103.5 154,.4789 176,51.2 143,53.5 299,18.2 149,21.8 23,25.4 265,25.3 48,36.9 67,35.0 233,51.4 112,49.4 140,33.9 195,40.3 352,37.2 212,36.8 111,65.9 262,-9.7 204,2019
177,UNLV,MWC,31,17-14,105.5 154,106.3 215,.4784 177,49.5 231,51.0 178,18.6 180,17.6 228,35.5 15,27.7 156,34.9 114,31.6 140,48.8 230,49.7 149,33.7 207,35.7 253,40.2 132,34.1 34,67.5 176,-7.3 162,2019
178,Illinois Chicago,Horz,32,16-16,101.5 232,102.3 133,.4766 178,53.3 63,48.3 60,20.0 275,17.6 228,24.9 278,30.4 265,27.8 301,42.0 334,54.1 42,46.8 44,34.9 142,33.8 134,45.6 31,37.7 150,70.3 61,-9.8 207,2019
179,Nebraska Omaha,Sum,32,21-11,109.5 76,110.5 292,.4749 179,54.4 31,55.0 333,13.5 1,16.8 278,24.8 280,25.6 59,24.1 344,27.1 33,51.8 99,55.2 335,39.3 10,36.5 284,36.3 238,43.2 307,67.9 154,-4.4 115,2019
180,George Mason,A10,33,18-15,103.8 186,104.9 177,.4697 180,50.1 198,50.2 145,18.9 206,18.2 180,29.0 150,27.2 132,34.2 145,30.6 116,50.5 162,51.6 243,33.0 240,32.0 47,34.3 288,39.1 192,67.9 156,-6.6 151,2019
181,Green Bay,Horz,38,21-17,104.6 168,105.9 202,.4653 181,51.5 129,52.1 233,17.2 80,18.8 149,26.4 237,31.4 288,33.9 151,32.3 161,51.4 112,52.5 270,34.5 163,34.4 175,36.8 225,39.4 207,73.3 12,-8.2 174,2019
182,Colorado St.,MWC,32,12-20,107.5 117,108.9 266,.4631 182,54.4 31,53.1 286,17.0 69,16.2 309,23.9 304,27.1 123,31.9 211,29.5 85,55.5 20,53.5 297,35.2 122,35.0 210,39.4 153,41.1 268,66.9 215,-12.7 259,2019
183,North Florida,ASun,33,16-17,103.5 191,104.8 173,.4627 183,52.1 105,48.1 48,21.8 324,16.9 270,29.4 129,32.7 323,25.3 328,30.6 116,53.2 57,47.4 65,33.9 195,33.2 100,45.3 36,29.0 2,71.9 23,-7.8 167,2019
184,Hampton,BSth,35,18-17,107.3 124,108.8 265,.4603 184,48.9 259,50.8 170,14.6 8,16.3 303,28.1 184,26.6 98,34.8 119,35.9 252,47.5 275,50.5 190,34.1 181,34.2 160,38.1 184,40.0 231,71.0 32,-11.2 228,2019
185,American,Pat,30,15-15,102.8 202,104.4 165,.4570 185,53.2 67,48.2 54,18.7 186,17.7 224,26.1 243,27.4 142,35.8 90,34.8 228,55.6 18,50.0 166,32.5 262,29.2 7,35.5 257,30.4 4,66.6 225,-11.1 226,2019
186,Presbyterian,BSth,36,20-16,109.0 81,110.8 295,.4530 186,53.4 59,53.4 296,14.7 11,17.9 211,25.3 266,27.4 142,30.5 248,33.1 190,50.1 181,53.5 297,38.0 23,35.4 232,47.6 14,41.6 279,67.3 184,-9.5 202,2019
187,Campbell,BSth,33,20-13,107.9 110,109.8 278,.4520 187,52.8 82,54.6 327,14.8 13,19.5 103,23.7 307,28.9 211,31.2 231,36.0 256,54.8 30,53.6 303,33.8 201,37.3 311,48.3 9,41.9 284,65.6 278,-7.2 160,2019
188,Stony Brook,AE,33,24-9,98.7 283,100.5 101,.4490 188,48.1 287,46.0 17,20.7 303,18.6 157,33.2 38,26.1 79,35.4 101,36.2 261,47.7 263,46.6 39,32.6 255,30.1 18,36.9 221,42.0 287,69.4 85,-3.6 101,2019
189,Winthrop,BSth,30,18-12,105.8 146,108.0 253,.4424 189,54.2 37,51.3 198,20.2 284,15.4 328,28.7 163,25.5 54,30.4 253,30.3 108,53.3 54,51.6 243,36.7 61,33.8 134,52.7 5,39.5 214,72.7 15,-6.3 144,2019
190,Santa Clara,WCC,31,16-15,101.3 236,103.4 150,.4417 190,51.6 126,49.1 100,20.5 299,16.3 303,24.1 302,28.3 174,33.9 151,35.2 236,49.8 194,49.9 156,36.2 81,31.8 42,40.2 132,34.7 47,66.2 244,-7.0 156,2019
191,New Mexico,MWC,32,14-18,103.6 188,105.8 199,.4407 191,49.5 231,51.6 209,19.4 237,18.3 177,29.3 133,28.6 193,39.3 32,37.1 280,47.8 259,50.8 203,34.4 169,35.5 240,43.8 50,34.1 34,72.4 16,-10.1 209,2019
192,"North Dakota St.  16 seed, R64",Sum,35,19-16,107.7 114,110.0 283,.4402 192,53.5 55,53.6 300,15.7 21,14.4 351,20.7 345,25.9 69,32.2 204,26.5 24,52.1 91,52.6 271,36.7 61,37.0 303,48.0 11,35.5 67,64.9 303,-8.4 178,2019
193,Ohio,MAC,31,14-17,99.4 273,101.6 117,.4379 193,48.6 268,50.8 170,20.0 275,18.5 163,28.2 181,27.4 142,33.2 180,31.2 130,50.7 151,48.9 122,29.7 342,35.9 263,34.6 278,39.5 214,69.4 87,-8.5 179,2019
194,Cal Baptist,WAC,31,16-15,106.0 143,108.4 260,.4370 194,51.2 143,48.8 84,18.0 139,15.1 338,28.8 160,28.9 211,32.4 199,39.6 318,50.4 167,46.9 48,34.8 147,35.4 232,42.9 72,30.7 5,67.8 160,-8.8 189,2019
195,UC Santa Barbara,BW,32,22-10,104.3 175,106.7 227,.4345 195,50.3 188,49.7 129,16.8 61,16.6 291,33.1 41,26.2 82,39.5 28,32.4 163,49.4 208,50.8 203,34.8 147,31.8 42,32.7 318,35.5 67,64.3 326,-5.8 138,2019
196,Appalachian St.,SB,32,11-21,106.5 135,109.1 267,.4331 196,51.4 135,53.8 312,17.8 122,17.4 242,25.9 250,29.8 246,37.0 66,34.1 218,51.3 120,52.8 279,34.4 169,37.3 311,41.9 95,33.8 29,71.2 31,-13.7 281,2019
197,La Salle,A10,31,10-21,100.7 252,103.5 155,.4218 197,47.2 309,51.3 198,20.2 284,19.8 86,28.9 155,28.9 211,28.5 289,41.3 329,45.3 330,51.2 219,33.1 234,34.2 160,43.5 58,33.2 19,69.2 92,-13.1 270,2019
198,UT Rio Grande Valley,WAC,37,20-17,99.1 278,101.9 121,.4207 198,46.3 328,50.4 157,18.0 139,24.3 3,26.5 236,32.6 322,42.7 7,43.5 344,46.0 318,50.3 179,31.3 307,33.8 134,29.7 340,34.7 47,70.1 66,-7.9 171,2019
199,IU Indy,Horz,33,16-17,103.4 195,106.5 222,.4160 199,50.2 194,52.6 259,19.6 249,19.6 100,34.3 22,27.8 160,35.2 104,33.2 194,50.5 162,50.6 195,33.0 240,37.0 303,35.4 260,39.3 205,69.0 101,-10.2 212,2019
200,Mercer,SC,31,11-20,103.0 199,106.1 211,.4142 200,51.0 156,52.7 268,19.3 230,20.1 75,28.8 160,32.3 314,35.7 94,34.7 227,51.2 127,53.4 295,33.8 201,34.6 188,37.9 189,46.6 341,66.8 219,-12.0 244,2019
Rk,Team,Conf,G,Rec,AdjOE,AdjDE,Barthag,Efg%,EfgD%,TOR,TORD,ORB,DRB,FTR,FTRD,2P%,2P%D,3P%,3P%D,3PR,3PRD,Adj T.,WAB,2019
201,Indiana St.,MVC,31,15-16,102.1 219,105.3 185,.4136 201,48.6 268,51.5 206,18.6 180,19.4 108,23.7 307,27.2 132,35.8 90,38.0 290,46.7 295,52.1 260,35.6 104,33.7 128,28.6 349,36.4 102,68.6 117,-9.3 198,2019
202,"Iona  16 seed, R64",MAAC,33,17-16,106.3 138,109.7 276,.4123 202,53.0 74,52.3 249,17.3 90,18.5 163,25.1 272,30.7 269,36.8 68,28.5 66,53.2 57,50.3 179,35.1 129,36.6 290,44.5 39,42.4 295,70.5 47,-10.2 211,2019
203,Hartford,AE,33,18-15,108.0 108,111.6 303,.4070 203,54.2 37,52.6 259,17.8 122,19.3 114,25.3 266,31.0 278,33.1 182,29.9 94,51.5 108,53.2 287,38.2 16,34.4 175,45.7 29,39.6 218,66.9 212,-9.0 194,2019
204,Columbia,Ivy,28,10-18,102.5 206,106.0 205,.4059 204,51.5 129,52.1 233,18.0 139,18.9 142,24.3 294,27.2 132,22.4 351,38.1 296,50.6 157,51.0 211,35.4 113,35.8 258,36.7 226,40.8 259,67.6 168,-12.3 249,2019
205,Hawaii,BW,31,18-13,103.4 193,106.9 228,.4056 205,52.3 101,50.8 170,17.6 115,17.4 242,26.9 223,24.7 27,31.2 231,32.9 183,52.2 86,50.3 179,35.0 133,34.5 180,42.8 75,34.4 40,65.9 261,-8.5 180,2019
206,Dartmouth,Ivy,30,11-19,103.8 185,107.5 240,.4019 206,51.8 121,53.0 281,17.6 115,16.0 315,23.9 304,24.8 32,24.8 335,27.9 48,50.6 157,54.6 325,35.8 98,33.1 96,39.9 142,33.8 29,66.1 252,-12.7 257,2019
207,"Prairie View A&M  16 seed, R68",SWAC,35,22-13,102.9 201,106.5 223,.4017 207,49.0 254,51.2 192,17.4 102,24.7 1,29.7 117,34.3 341,43.1 5,46.2 349,49.2 217,53.7 310,32.4 265,31.2 28,33.8 298,36.0 88,70.6 46,-6.9 154,2019
208,FIU,CUSA,34,20-14,102.4 209,106.1 207,.4012 208,48.9 259,53.1 286,17.7 120,23.4 7,25.7 258,34.4 342,37.9 48,35.4 240,52.2 86,53.6 303,29.3 345,34.8 200,41.2 103,35.6 70,77.8 1,-7.7 166,2019
209,South Alabama,SB,34,17-17,103.9 183,107.6 245,.3990 209,52.9 78,52.1 233,19.5 245,19.7 96,25.5 264,31.9 304,35.1 106,36.6 269,51.1 131,51.3 224,37.0 48,35.6 248,40.5 124,36.8 111,66.2 245,-10.7 219,2019
210,Lamar,Slnd,33,20-13,104.1 178,107.9 251,.3980 210,49.3 238,52.2 245,20.0 275,19.8 86,36.2 11,27.4 142,42.3 11,35.7 246,48.8 230,52.3 267,33.6 212,34.6 188,33.0 313,37.5 144,68.1 145,-8.8 191,2019
211,Illinois St.,MVC,33,17-16,101.1 241,104.8 174,.3977 211,49.1 245,51.3 198,18.4 161,18.2 180,26.0 247,26.1 79,28.6 286,32.8 178,49.1 222,51.5 235,32.7 251,34.0 146,38.5 177,40.5 245,66.7 224,-8.8 188,2019
212,Washington St.,P12,32,11-21,106.0 145,109.9 281,.3973 212,52.8 82,54.7 329,19.2 225,17.1 262,25.2 270,29.5 235,30.3 254,28.4 60,51.5 108,54.9 331,36.4 73,36.2 279,44.5 39,41.7 280,70.2 63,-12.1 247,2019
213,NJIT,ASun,35,22-13,100.8 251,104.6 169,.3938 213,50.7 170,49.0 94,17.1 74,17.9 211,21.9 337,27.1 123,38.4 40,29.7 88,49.8 194,48.8 113,34.8 147,32.8 77,37.1 216,37.2 129,66.8 218,-6.0 139,2019
214,California,P12,31,8-23,103.9 184,108.0 256,.3890 214,48.6 268,56.9 348,16.5 48,20.5 59,23.3 316,31.4 288,34.8 119,36.1 259,46.5 301,56.7 343,35.0 133,38.1 330,34.1 293,41.8 281,66.3 236,-13.3 276,2019
215,Rider,MAAC,31,16-15,101.3 235,105.4 190,.3880 215,50.6 174,53.7 307,18.0 139,22.8 12,30.7 93,27.4 142,39.9 26,36.0 256,50.4 167,53.6 303,34.0 191,35.9 263,34.4 285,43.4 312,73.7 9,-9.8 206,2019
216,Pacific,WCC,32,14-18,99.5 270,103.6 158,.3842 216,47.7 301,54.2 320,19.6 249,19.2 120,26.8 228,23.1 11,40.5 21,42.2 335,44.9 336,54.1 318,35.6 104,36.2 279,33.1 309,43.5 316,64.9 308,-9.4 200,2019
217,William & Mary,CAA,31,14-17,103.4 194,108.0 255,.3777 217,54.4 31,52.7 268,18.3 155,15.6 323,24.5 287,26.0 75,31.3 228,30.0 97,55.8 13,51.1 215,35.0 133,36.9 300,41.5 99,36.3 97,68.7 114,-10.8 223,2019
218,South Dakota,Sum,30,13-17,101.3 237,105.9 201,.3744 218,50.1 198,51.7 216,16.1 30,17.4 242,21.5 341,25.6 59,35.9 87,35.2 236,49.6 200,50.7 201,33.9 195,35.8 258,40.6 121,36.0 88,66.7 220,-11.5 233,2019
219,Florida Gulf Coast,ASun,32,14-18,101.0 245,105.8 197,.3688 219,52.6 93,52.1 233,21.2 319,19.2 120,25.6 261,30.8 272,31.9 211,27.4 37,50.7 151,49.9 156,36.9 55,36.8 299,40.5 124,41.5 278,68.3 129,-11.0 224,2019
220,Valparaiso,MVC,33,15-18,97.7 298,102.5 137,.3660 220,48.9 259,49.9 133,20.3 290,18.9 142,26.7 230,27.1 123,32.1 207,31.7 144,50.1 181,49.8 153,31.0 318,33.4 113,33.2 306,34.9 52,64.9 305,-11.9 243,2019
221,Cornell,Ivy,31,15-16,99.6 268,104.5 168,.3643 221,51.1 152,50.5 160,18.9 206,17.4 242,18.8 352,28.8 205,33.9 151,26.8 26,52.3 79,50.6 195,32.9 246,33.7 128,42.3 86,34.6 44,67.9 151,-8.3 175,2019
222,Weber St.,BSky,33,18-15,101.1 243,106.2 212,.3617 222,53.2 67,49.0 94,16.0 27,15.8 318,19.2 349,26.9 109,37.1 63,30.9 124,53.4 52,49.7 149,35.2 122,31.7 40,35.2 267,32.8 17,70.7 43,-10.4 214,2019
223,High Point,BSth,31,16-15,99.8 260,104.9 176,.3611 223,49.1 245,50.3 153,20.4 295,16.3 303,34.1 24,25.5 54,33.8 159,29.1 75,51.0 137,51.5 235,30.3 336,32.6 72,33.6 299,47.3 342,63.5 338,-10.0 208,2019
224,"Fairleigh Dickinson  16 seed, R64",NEC,35,21-14,105.7 149,111.2 299,.3582 224,54.2 37,52.0 228,19.7 257,20.2 71,29.5 126,33.2 334,35.7 94,29.4 81,51.0 137,51.3 224,40.1 5,35.3 224,35.3 262,38.5 179,66.7 223,-9.2 197,2019
225,Cal St. Fullerton,BW,34,16-18,98.1 293,103.2 146,.3571 225,49.1 245,48.3 60,19.1 219,16.8 278,24.5 287,27.0 115,38.5 38,35.7 246,50.3 173,48.5 98,30.8 326,32.0 47,30.8 333,32.1 11,69.5 81,-9.5 201,2019
Rk,Team,Conf,G,Rec,AdjOE,AdjDE,Barthag,Efg%,EfgD%,TOR,TORD,ORB,DRB,FTR,FTRD,2P%,2P%D,3P%,3P%D,3PR,3PRD,Adj T.,WAB,2019
226,Long Beach St.,BW,34,15-19,101.0 244,106.3 213,.3566 226,47.6 302,51.1 185,19.0 212,18.9 142,28.9 155,33.0 331,40.8 17,30.2 104,46.3 311,51.6 243,33.8 201,33.5 118,30.3 338,35.7 76,71.3 30,-11.6 235,2019
227,Cal St. Bakersfield,WAC,34,18-16,102.5 207,108.2 259,.3494 227,46.6 326,51.3 198,19.0 212,20.1 75,37.9 2,29.6 241,29.2 275,52.5 352,46.7 295,49.5 142,31.0 318,36.0 268,32.3 322,40.7 256,64.9 306,-8.6 183,2019
228,Boston University,Pat,33,15-18,104.6 169,110.4 291,.3485 228,53.4 59,54.6 327,18.8 194,18.2 180,28.6 168,25.1 43,24.8 335,32.5 169,54.5 35,56.4 342,34.2 175,34.7 193,33.1 309,40.0 231,66.5 231,-12.8 261,2019
229,Texas Southern,SWAC,38,24-14,104.0 181,109.8 280,.3481 229,50.8 168,51.6 209,19.8 262,19.9 85,32.5 49,31.7 299,40.8 17,32.6 171,52.2 86,51.1 215,32.1 283,35.0 210,35.6 254,35.4 64,74.1 7,-6.4 146,2019
230,Massachusetts,A10,32,11-21,103.7 187,109.6 274,.3453 230,51.1 152,51.2 192,20.2 284,16.8 278,31.5 76,27.1 123,31.3 228,41.4 330,50.2 178,50.6 195,35.0 133,35.0 210,40.0 139,34.8 51,67.6 166,-13.6 280,2019
231,Detroit Mercy,Horz,31,11-20,106.7 132,113.0 322,.3407 231,49.7 220,54.4 323,16.3 39,19.8 86,29.3 133,36.4 352,31.0 237,32.7 175,46.7 295,56.2 340,35.6 104,34.5 180,44.0 48,41.0 264,68.7 110,-12.0 245,2019
232,Little Rock,SB,31,10-21,99.3 275,105.2 182,.3393 232,54.4 31,52.3 249,22.6 335,19.4 108,24.3 294,27.2 132,42.5 8,40.3 326,54.9 28,51.7 247,35.6 104,35.3 224,34.2 291,43.3 310,70.3 57,-14.7 297,2019
233,Eastern Washington,BSky,34,16-18,101.2 238,107.4 237,.3370 233,50.3 188,52.5 255,17.1 74,16.6 291,24.6 285,23.6 14,27.0 311,34.8 228,48.9 226,50.1 171,34.8 147,37.4 319,43.4 64,39.5 214,67.3 189,-11.7 237,2019
234,Arkansas St.,SB,32,13-19,103.4 192,109.8 279,.3342 234,47.2 309,51.6 209,19.4 237,17.1 262,33.7 29,29.8 246,37.9 48,43.7 345,46.5 301,50.2 177,32.3 272,36.0 268,37.5 199,36.3 97,68.0 147,-12.4 251,2019
235,Army,Pat,32,13-19,96.9 308,103.0 141,.3327 235,49.6 222,53.3 294,16.5 48,18.7 153,21.6 340,22.9 8,24.3 340,28.4 60,51.0 137,53.4 295,31.8 291,35.4 232,43.5 58,40.3 240,69.9 69,-13.7 282,2019
236,Siena,MAAC,33,17-16,101.4 234,107.8 248,.3323 236,51.5 129,52.6 259,15.6 19,18.0 202,23.6 310,28.5 186,24.7 337,27.3 36,52.1 91,51.9 254,33.9 195,36.0 268,47.8 13,35.8 80,60.6 352,-11.6 236,2019
237,Air Force,MWC,32,14-18,100.8 250,107.1 232,.3321 237,51.3 139,53.6 300,19.3 230,17.8 220,23.2 318,24.1 18,28.3 293,28.6 67,53.1 61,53.6 303,32.3 272,35.7 253,40.6 121,46.4 340,66.1 247,-10.6 215,2019
238,Middle Tennessee,CUSA,32,11-21,98.7 282,104.9 178,.3320 238,46.7 324,50.8 170,22.8 341,17.5 235,32.3 52,28.1 169,29.6 271,34.2 220,45.7 324,50.5 190,32.3 272,34.1 155,35.4 260,40.9 261,67.8 159,-13.1 269,2019
239,Marist,MAAC,31,12-19,101.6 228,108.0 254,.3315 239,52.3 101,53.0 281,18.9 206,19.3 114,24.3 294,26.6 98,32.2 204,35.9 252,50.8 146,52.6 271,36.3 77,35.5 240,41.0 109,47.8 344,64.5 321,-14.9 301,2019
240,Southeastern Louisiana,Slnd,33,17-16,100.0 259,106.3 213,.3315 240,50.4 182,50.2 145,24.1 348,20.9 44,32.5 49,28.2 173,37.2 61,39.3 314,50.4 167,50.6 195,33.6 212,32.9 83,40.9 114,35.3 59,65.2 295,-10.6 216,2019
241,Eastern Kentucky,OVC,31,13-18,99.8 262,106.1 208,.3312 241,47.8 300,53.2 291,18.2 149,21.5 29,27.3 209,31.1 281,32.6 192,39.7 320,47.7 263,54.4 323,32.0 287,34.0 146,39.2 156,34.4 40,77.0 2,-11.1 227,2019
242,Chattanooga,SC,32,12-20,102.0 223,108.5 263,.3294 242,51.5 129,52.9 278,19.1 219,15.4 328,24.6 285,28.4 181,24.2 343,31.6 140,49.3 211,52.0 256,36.3 77,36.4 282,43.4 64,35.3 59,66.4 235,-12.5 253,2019
243,Quinnipiac,MAAC,31,16-15,105.8 147,112.6 318,.3285 243,52.8 82,50.7 165,19.4 237,15.7 320,29.8 114,29.3 224,37.3 58,27.0 31,48.5 240,50.1 171,37.7 34,34.5 180,53.4 4,36.9 116,66.7 222,-10.6 217,2019
244,UMBC,AE,34,21-13,96.0 317,102.2 130,.3262 244,48.4 278,51.4 203,18.3 155,22.9 11,24.5 287,24.4 19,31.1 234,32.9 183,49.5 204,51.8 253,31.3 307,34.0 146,42.0 94,49.3 350,64.8 311,-7.9 169,2019
245,East Carolina,Amer,31,10-21,99.8 261,106.3 217,.3257 245,46.1 331,51.0 178,19.0 212,19.5 103,28.2 181,31.0 278,35.6 99,41.8 333,47.7 263,52.0 256,28.4 349,32.9 83,30.4 337,37.1 124,68.4 128,-12.1 248,2019
246,UMKC,WAC,32,11-21,100.6 254,107.3 234,.3239 246,49.8 214,53.6 300,17.2 80,20.9 44,23.5 311,32.3 314,32.4 199,36.7 274,47.8 259,53.0 283,35.2 122,36.5 284,40.3 129,36.0 88,66.4 232,-13.4 277,2019
247,Holy Cross,Pat,33,16-17,100.7 253,107.4 239,.3227 247,52.7 90,53.8 312,16.1 30,22.1 21,20.6 346,32.9 327,23.1 348,26.8 26,52.5 74,52.2 263,35.4 113,37.3 311,36.5 234,43.4 312,63.7 333,-11.0 225,2019
248,Fordham,A10,32,12-20,97.1 303,103.6 159,.3207 248,46.8 321,49.5 116,16.4 43,19.1 128,25.1 272,28.0 166,24.5 338,36.9 276,44.7 338,49.6 146,33.0 240,32.9 83,43.5 58,37.1 124,65.0 301,-14.6 296,2019
249,Saint Francis,NEC,33,18-15,106.0 144,113.2 326,.3205 249,48.8 264,53.8 312,17.4 102,16.9 270,33.4 33,28.6 193,35.0 110,31.8 147,46.5 301,54.9 331,35.3 118,34.8 200,36.0 242,39.1 192,68.2 136,-8.9 193,2019
250,Western Michigan,MAC,32,8-24,99.3 276,106.0 206,.3188 250,48.0 290,52.1 233,21.7 323,15.2 334,29.7 117,27.6 152,36.7 73,29.9 94,49.4 208,50.1 171,30.5 332,36.9 300,39.3 154,38.2 164,69.1 97,-15.0 303,2019
Rk,Team,Conf,G,Rec,AdjOE,AdjDE,Barthag,Efg%,EfgD%,TOR,TORD,ORB,DRB,FTR,FTRD,2P%,2P%D,3P%,3P%D,3PR,3PRD,Adj T.,WAB,2019
251,Youngstown St.,Horz,32,12-20,104.9 162,112.1 310,.3179 251,49.6 222,53.6 300,18.5 169,16.2 309,33.5 31,28.9 211,23.1 348,38.5 300,48.5 240,55.0 334,34.1 181,34.2 160,44.1 45,37.7 150,67.3 190,-13.8 285,2019
252,Troy,SB,30,12-18,101.8 226,109.1 269,.3109 252,51.0 156,52.7 268,19.9 267,17.1 262,27.2 213,31.1 281,31.7 219,32.8 178,51.7 102,50.1 171,33.2 230,37.8 325,40.9 114,38.4 173,67.0 207,-11.5 234,2019
253,North Dakota,Sum,30,12-18,98.5 286,105.6 194,.3090 253,51.3 139,52.5 255,17.9 131,17.3 252,21.0 343,25.4 50,27.2 310,30.0 97,49.6 200,52.2 263,36.0 89,35.3 224,36.9 221,32.7 14,69.5 79,-12.6 255,2019
254,LIU,NEC,32,16-16,98.5 284,105.7 196,.3058 254,50.7 170,48.2 54,20.1 282,18.5 163,28.3 176,29.5 235,34.4 137,35.4 240,50.3 173,47.7 68,34.1 181,32.8 77,43.0 71,32.7 14,71.0 36,-12.8 262,2019
255,UC Davis,BW,31,11-20,96.4 314,103.5 156,.3044 255,49.0 254,52.8 275,19.9 267,21.1 40,22.1 334,27.7 156,29.7 269,37.7 287,49.0 225,53.3 293,32.7 251,34.6 188,37.7 193,37.5 144,65.6 275,-13.8 284,2019
256,Rice,CUSA,32,13-19,102.3 213,110.1 286,.3020 256,50.1 198,51.6 209,18.9 206,14.9 342,26.6 234,24.4 19,38.5 38,30.6 116,48.1 251,51.5 235,35.3 118,34.5 180,42.5 84,39.2 198,70.3 56,-12.8 260,2019
257,Evansville,MVC,32,11-21,99.1 279,106.6 225,.3019 257,49.4 236,50.0 140,18.5 169,17.1 262,18.9 351,26.2 82,37.5 56,37.5 285,47.9 255,49.0 125,34.2 175,34.8 200,43.8 50,31.2 7,69.5 82,-14.3 292,2019
258,Cal St. Northridge,BW,34,13-21,104.4 172,112.3 314,.3012 258,51.5 129,51.6 209,16.7 58,17.1 262,28.4 172,32.5 319,31.8 215,32.2 159,50.3 173,48.2 83,36.1 87,38.4 333,30.8 333,36.1 94,70.7 44,-14.5 295,2019
259,The Citadel,SC,30,12-18,107.0 130,115.1 340,.3012 259,52.0 110,56.6 346,17.3 90,16.9 270,25.1 272,31.8 303,25.8 324,31.7 144,54.2 39,57.5 350,33.5 219,37.1 307,53.6 2,48.8 349,73.7 8,-10.7 218,2019
260,Sacred Heart,NEC,32,15-17,103.5 190,111.6 307,.2957 260,51.7 125,51.8 221,19.9 267,16.5 298,31.8 63,27.0 115,38.1 46,31.3 133,51.1 131,49.3 136,35.2 122,37.3 311,35.0 271,37.6 148,72.1 21,-13.0 266,2019
261,Norfolk St.,MEAC,36,22-14,97.9 297,105.6 193,.2950 261,49.6 222,49.2 106,20.3 290,20.7 52,27.4 203,28.9 211,38.2 43,42.6 339,46.1 315,48.0 76,37.0 48,33.9 141,37.2 212,42.4 295,68.7 113,-8.8 190,2019
262,Morehead St.,OVC,33,13-20,102.2 218,110.2 288,.2941 262,48.4 278,52.5 255,17.2 80,17.7 224,27.8 195,31.6 295,33.9 151,28.4 60,47.1 286,51.3 224,33.6 212,36.4 282,38.7 171,36.6 105,67.3 191,-12.4 252,2019
263,Delaware,CAA,33,17-16,104.5 170,113.1 324,.2882 263,53.3 63,52.8 275,17.2 80,14.9 342,24.2 299,28.8 205,31.2 231,28.6 67,50.9 143,49.9 156,37.8 30,38.4 333,41.1 107,38.3 170,63.5 337,-10.8 222,2019
264,Longwood,BSth,34,16-18,99.7 264,107.9 250,.2857 264,52.4 99,50.5 160,20.4 295,17.4 242,24.5 287,25.2 46,33.6 166,33.7 207,50.8 146,50.5 190,36.0 89,33.7 128,50.1 6,49.9 351,67.0 205,-12.8 263,2019
265,Tulane,Amer,31,4-27,97.9 296,106.1 210,.2840 265,47.1 313,50.6 163,21.0 313,15.1 338,27.0 218,30.9 275,32.8 186,31.6 140,46.7 295,50.7 201,31.8 291,33.6 122,37.6 195,38.7 185,69.7 72,-17.1 327,2019
266,Navy,Pat,31,12-19,98.2 290,106.5 221,.2830 266,46.8 321,52.1 233,20.7 303,16.6 291,31.8 63,25.5 54,30.5 248,29.7 88,46.4 308,53.2 287,31.7 294,33.8 134,36.7 226,42.9 302,66.9 211,-13.2 272,2019
267,Southern Utah,BSky,34,17-17,97.1 302,105.4 187,.2824 267,50.2 194,50.4 157,18.9 206,16.9 270,23.2 318,24.7 27,39.4 29,38.0 290,50.0 186,48.0 76,33.7 207,36.1 274,39.6 146,38.2 164,70.4 48,-11.8 240,2019
268,Loyola MD,Pat,32,11-21,101.6 229,110.3 289,.2798 268,51.6 126,55.6 337,19.5 245,20.6 56,27.8 195,29.5 235,33.6 166,32.3 161,51.8 99,53.8 314,34.1 181,39.3 350,33.6 299,35.5 67,68.8 109,-14.8 299,2019
269,Oral Roberts,Sum,32,11-21,104.6 167,113.6 333,.2797 269,52.2 103,54.1 318,20.4 295,14.5 348,29.8 114,27.1 123,26.1 321,32.7 175,50.7 151,51.3 224,36.4 73,39.0 345,38.9 169,39.0 190,67.0 204,-14.1 290,2019
270,UNC Wilmington,CAA,33,10-23,104.9 161,114.0 336,.2781 270,50.5 176,56.0 341,18.5 169,14.5 348,31.7 69,26.7 102,32.8 186,31.9 150,49.3 211,54.4 323,35.0 133,38.8 342,37.0 217,43.0 305,69.2 91,-16.5 322,2019
271,Albany,AE,32,12-20,99.0 281,107.6 246,.2767 271,49.3 238,52.1 233,20.9 312,18.5 163,27.3 209,28.3 174,32.5 196,30.2 104,46.9 291,51.0 211,34.8 147,35.9 263,45.5 32,39.1 192,66.0 255,-15.5 311,2019
272,Milwaukee,Horz,31,9-22,99.6 266,108.4 261,.2742 272,48.1 287,51.7 216,18.0 139,15.3 332,26.7 230,28.3 174,28.2 296,36.3 263,46.5 301,53.0 283,33.8 201,33.3 103,37.5 199,45.3 334,66.2 246,-15.9 315,2019
273,St. Francis NY,NEC,33,17-16,96.7 310,105.2 183,.2735 273,48.5 274,48.9 86,17.6 115,19.2 120,26.9 223,28.5 186,28.6 286,39.3 314,47.3 279,49.0 125,33.5 219,32.4 64,40.2 132,31.1 6,68.2 135,-11.5 232,2019
274,Cleveland St.,Horz,31,10-21,102.5 208,111.6 304,.2724 274,51.5 129,51.6 209,18.5 169,16.8 278,26.3 240,33.0 331,31.7 219,34.0 214,48.9 226,53.2 287,36.5 67,32.9 83,44.4 41,39.8 225,69.4 86,-15.0 302,2019
275,Grambling St.,SWAC,34,17-17,96.1 316,104.8 172,.2707 275,50.0 206,45.1 10,22.1 328,18.0 202,25.8 253,29.4 228,43.0 6,42.3 336,45.5 326,44.7 14,40.2 4,30.6 22,30.5 335,35.3 59,69.1 98,-11.3 230,2019
Rk,Team,Conf,G,Rec,AdjOE,AdjDE,Barthag,Efg%,EfgD%,TOR,TORD,ORB,DRB,FTR,FTRD,2P%,2P%D,3P%,3P%D,3PR,3PRD,Adj T.,WAB,2019
276,New Orleans,Slnd,33,19-14,97.3 301,106.1 209,.2691 276,48.0 290,50.0 140,21.8 324,22.5 15,32.8 43,34.2 340,36.0 86,40.4 327,47.2 281,50.5 190,33.3 225,32.7 74,29.2 347,33.8 29,68.1 141,-8.6 182,2019
277,Tennessee Martin,OVC,31,12-19,105.7 150,115.3 342,.2688 277,50.4 182,57.1 350,18.8 194,19.3 114,31.5 76,34.7 344,26.4 317,27.2 35,49.9 191,56.7 343,34.1 181,38.5 337,38.3 180,41.8 281,68.1 140,-13.1 268,2019
278,Fairfield,MAAC,31,9-22,97.0 307,106.0 204,.2658 278,50.7 170,52.6 259,20.7 303,21.4 32,26.1 243,28.9 211,23.9 346,40.1 325,49.5 204,51.2 219,35.0 133,36.6 290,42.2 88,35.6 70,67.9 150,-17.6 334,2019
279,Drexel,CAA,32,13-19,104.2 176,113.9 335,.2648 279,51.3 139,55.6 337,16.6 53,14.6 347,29.2 137,26.3 87,30.6 244,30.3 108,50.9 143,54.7 327,34.7 154,38.2 332,34.9 274,34.3 38,69.4 84,-13.3 275,2019
280,Montana St.,BSky,32,15-17,106.7 131,116.6 346,.2647 280,53.4 59,57.1 350,17.1 74,17.2 255,26.3 240,26.6 98,34.9 114,28.3 57,51.1 131,57.4 349,37.6 38,37.8 325,43.8 50,44.7 328,69.6 75,-12.0 246,2019
281,Robert Morris,NEC,35,18-17,96.4 313,105.4 188,.2632 281,48.8 264,52.2 245,21.0 313,22.2 18,30.1 107,27.8 160,32.2 204,38.5 300,47.3 279,52.2 263,34.1 181,34.7 193,38.6 176,38.2 164,66.2 241,-11.3 229,2019
282,Houston Christian,Slnd,30,12-18,103.3 196,113.0 323,.2629 282,49.6 222,55.7 339,19.5 245,20.2 71,33.8 28,29.6 241,42.4 9,35.7 246,49.3 211,54.3 322,33.4 221,39.0 345,31.9 326,33.7 27,73.5 10,-12.9 265,2019
283,Canisius,MAAC,32,15-17,102.2 217,111.9 309,.2619 283,50.5 176,53.6 300,18.6 180,20.5 59,27.0 218,31.9 304,31.4 227,36.9 276,52.0 94,53.3 293,32.4 265,36.0 268,43.1 69,37.3 134,67.8 157,-11.5 231,2019
284,Jacksonville,ASun,32,12-20,98.1 292,107.4 236,.2614 284,49.6 222,52.1 233,19.9 267,18.2 180,28.3 176,27.4 142,30.5 248,28.8 72,51.0 137,50.3 179,31.2 311,37.0 303,32.7 318,34.7 47,71.0 37,-14.1 288,2019
285,George Washington,A10,33,9-24,96.4 311,105.6 192,.2609 285,45.8 335,51.2 192,18.2 149,17.1 262,23.4 315,28.5 186,32.6 192,30.2 104,45.3 330,49.8 153,31.1 315,35.6 248,34.3 288,40.2 235,67.5 175,-15.6 312,2019
286,Portland St.,BSky,32,16-16,102.3 214,112.1 311,.2587 286,46.9 319,53.7 307,19.4 237,18.8 149,38.7 1,28.5 186,37.3 58,43.3 342,48.3 247,54.6 325,29.8 341,34.8 200,39.1 158,36.0 88,68.7 112,-11.8 241,2019
287,Towson,CAA,32,10-22,100.8 248,110.5 293,.2575 287,48.0 290,52.0 228,18.8 194,15.2 334,35.1 17,27.2 132,28.1 299,33.0 187,47.6 267,50.8 203,32.7 251,35.6 248,29.3 346,46.0 339,63.5 339,-16.7 325,2019
288,Western Carolina,SC,32,7-25,100.9 247,110.7 294,.2561 288,53.6 52,55.3 335,25.1 353,14.7 345,28.4 172,25.7 64,34.8 119,39.7 320,52.3 79,57.8 351,36.8 57,34.1 155,45.8 28,38.4 173,69.6 76,-16.3 320,2019
289,James Madison,CAA,33,14-19,101.1 240,111.1 298,.2537 289,50.2 194,52.9 278,18.8 194,16.4 300,30.1 107,29.4 228,33.4 175,34.0 214,47.5 275,52.6 271,36.6 65,35.7 253,36.5 234,35.6 70,65.1 297,-13.9 287,2019
290,Sacramento St.,BSky,31,15-16,97.0 306,106.6 224,.2537 290,48.7 266,52.6 259,19.1 219,21.4 32,28.2 181,27.1 123,33.5 170,36.8 275,48.3 247,50.8 203,33.1 234,37.0 303,29.6 341,38.4 173,67.3 193,-12.3 250,2019
291,"North Carolina Central  16 seed, R68",MEAC,34,18-16,99.2 277,109.1 268,.2513 291,49.9 208,49.9 133,22.7 338,17.5 235,34.8 18,26.9 109,33.5 170,31.4 136,51.3 120,50.9 210,31.5 304,32.0 47,36.6 229,34.1 34,64.9 304,-10.8 221,2019
292,Western Illinois,Sum,31,10-21,98.0 294,107.8 249,.2503 292,49.8 214,52.2 245,16.3 39,14.5 348,22.6 329,25.5 54,23.2 347,28.1 53,45.9 320,48.4 92,38.2 16,38.9 344,34.0 296,37.4 139,67.1 200,-15.8 313,2019
293,Monmouth,MAAC,35,14-21,93.8 335,103.2 147,.2499 293,45.8 335,51.1 185,20.6 302,21.2 36,29.3 133,28.5 186,40.3 22,43.2 341,46.4 308,48.4 92,29.7 342,35.8 258,29.5 344,51.4 353,67.5 174,-15.1 304,2019
294,UMass Lowell,AE,32,15-17,102.9 200,113.6 332,.2425 294,53.7 49,52.0 228,19.6 249,17.9 211,27.0 218,29.8 246,34.1 148,32.6 171,55.1 23,54.7 327,34.3 172,31.6 35,39.0 163,36.8 111,70.3 60,-12.7 258,2019
295,Texas A&M Corpus Chris,Slnd,32,14-18,95.0 327,105.0 179,.2418 295,47.9 296,48.6 75,22.3 331,20.1 75,31.1 85,27.5 149,29.8 266,41.7 331,47.6 267,46.1 28,32.3 272,34.9 206,34.1 293,40.4 243,64.7 316,-13.5 279,2019
296,Elon,CAA,32,11-21,100.3 257,110.9 297,.2387 296,52.0 110,53.6 300,18.4 161,15.2 334,22.4 330,28.3 174,24.3 340,29.4 81,52.2 86,51.5 235,34.6 158,37.8 325,50.0 7,40.2 235,68.2 138,-16.0 316,2019
297,VMI,SC,32,11-21,102.3 216,113.3 328,.2347 297,50.1 198,56.9 348,16.5 48,16.9 270,21.7 339,27.6 152,29.2 275,32.0 153,47.6 267,56.8 346,35.4 113,38.1 330,46.0 23,39.9 227,71.5 28,-12.9 264,2019
298,Eastern Illinois,OVC,32,14-18,100.4 256,111.6 306,.2290 298,49.6 222,53.6 300,18.8 194,18.4 173,29.2 137,30.5 266,28.7 284,33.1 190,46.7 295,50.3 179,36.2 81,39.0 345,38.7 171,40.6 252,66.7 221,-11.9 242,2019
299,North Alabama,ASun,32,10-22,95.1 326,105.8 198,.2278 299,44.5 345,52.6 259,19.3 230,17.2 255,27.3 209,25.1 43,30.8 241,38.0 290,44.4 342,52.6 271,29.7 342,35.1 216,40.8 117,37.0 120,68.3 131,-14.5 294,2019
300,North Carolina A&T,MEAC,32,19-13,96.4 312,107.6 244,.2205 300,51.1 152,48.8 84,19.4 237,20.7 52,27.1 216,34.7 344,31.1 234,32.0 153,51.0 137,49.5 142,34.1 181,31.7 40,35.9 248,36.9 116,65.9 258,-8.3 176,2019
Rk,Team,Conf,G,Rec,AdjOE,AdjDE,Barthag,Efg%,EfgD%,TOR,TORD,ORB,DRB,FTR,FTRD,2P%,2P%D,3P%,3P%D,3PR,3PRD,Adj T.,WAB,2019
301,Tennessee St.,OVC,30,9-21,98.4 287,110.0 285,.2176 301,49.1 245,54.3 322,22.7 338,20.3 66,28.7 163,28.4 181,36.2 81,54.0 353,49.3 211,52.6 271,32.6 255,38.4 333,40.8 117,35.0 55,69.5 83,-14.2 291,2019
302,Nicholls St.,Slnd,31,14-17,99.4 271,111.2 300,.2165 302,50.1 198,51.0 178,17.2 80,18.1 192,23.5 311,33.6 337,21.9 352,36.0 256,45.4 328,53.5 297,37.0 48,30.7 23,46.4 20,33.8 29,68.6 120,-12.5 254,2019
303,Howard,MEAC,34,17-17,102.7 205,114.9 339,.2159 303,48.5 274,51.8 221,16.8 61,19.8 86,29.2 137,33.4 335,33.8 159,37.8 289,45.5 326,50.8 203,36.8 57,35.5 240,30.3 338,39.2 198,71.0 33,-12.7 256,2019
304,Lafayette,Pat,30,10-20,101.6 227,113.7 334,.2150 304,52.6 93,54.7 329,18.7 186,15.3 332,22.2 333,26.7 102,24.5 338,31.2 130,49.2 217,52.9 281,38.3 15,38.6 339,41.0 109,35.8 80,68.9 105,-15.4 310,2019
305,Central Arkansas,Slnd,33,14-19,99.7 263,111.6 302,.2149 305,49.1 245,51.9 225,19.7 257,18.0 202,24.5 287,30.9 275,34.2 145,34.3 222,46.3 311,51.2 219,35.3 118,35.3 224,42.4 85,40.2 235,70.4 49,-13.2 271,2019
306,Bethune Cookman,MEAC,31,14-17,94.2 330,105.7 195,.2102 306,48.3 282,47.8 41,21.5 322,19.7 96,33.5 31,31.5 291,37.1 63,36.6 269,48.3 247,48.7 106,32.4 265,30.9 25,33.0 313,35.4 64,71.8 25,-13.1 267,2019
307,UTEP,CUSA,29,8-21,89.9 345,101.0 108,.2089 307,45.7 338,49.5 116,22.8 341,19.1 128,26.7 230,26.9 109,34.8 119,32.8 178,44.5 340,46.8 44,31.8 291,36.0 268,39.0 163,36.9 116,68.1 142,-15.3 308,2019
308,Northern Arizona,BSky,31,10-21,100.5 255,113.0 320,.2077 308,50.3 188,55.0 333,17.0 69,16.6 291,25.8 253,26.5 94,33.8 159,29.7 88,49.2 217,55.9 339,34.6 158,35.8 258,41.2 103,43.6 318,68.1 139,-16.4 321,2019
309,Niagara,MAAC,32,13-19,102.4 211,115.5 344,.1994 309,49.2 241,53.4 296,17.3 90,16.2 309,27.1 216,26.2 82,33.3 176,25.3 15,46.1 315,51.3 224,35.9 93,38.0 328,39.1 158,37.3 134,69.7 70,-15.3 309,2019
310,Wyoming,MWC,32,8-24,95.3 323,107.6 243,.1980 310,49.1 245,51.7 216,19.9 267,17.4 242,15.9 353,28.8 205,39.1 33,34.4 225,47.1 286,51.6 243,34.5 163,34.6 188,43.3 66,40.4 243,68.3 132,-17.4 332,2019
311,Idaho St.,BSky,30,11-19,103.9 182,117.5 348,.1962 311,52.0 110,56.1 342,17.6 115,15.0 341,25.8 253,29.8 246,28.8 282,30.6 116,50.4 167,54.2 320,36.2 81,39.6 351,42.7 80,37.1 124,66.6 227,-14.1 289,2019
312,Denver,Sum,30,8-22,99.4 272,112.4 315,.1956 312,50.2 194,56.5 345,19.7 257,15.7 320,26.4 237,22.9 8,26.2 319,28.3 57,47.8 259,51.7 247,36.2 81,41.8 353,36.3 238,43.4 312,67.2 196,-15.8 314,2019
313,Saint Peter's,MAAC,32,10-22,95.1 325,107.8 247,.1927 313,48.7 266,51.2 192,23.3 345,18.7 153,29.9 112,27.8 160,34.8 119,38.5 300,48.8 230,46.7 41,32.5 262,38.6 339,34.6 278,40.5 245,63.6 334,-16.9 326,2019
314,Charlotte,CUSA,29,8-21,95.7 321,108.5 262,.1898 314,48.1 287,51.3 198,22.0 327,17.9 211,22.3 332,26.4 91,36.3 77,32.6 171,49.2 217,49.9 156,31.1 315,35.5 240,42.6 82,42.3 292,64.5 322,-15.2 306,2019
315,Southeast Missouri St.,OVC,31,10-21,97.6 299,111.3 301,.1806 315,50.4 182,52.7 268,20.2 284,17.4 242,25.6 261,28.3 174,29.1 277,33.5 200,47.4 278,55.7 338,36.6 65,32.3 60,39.5 149,42.0 287,67.6 165,-15.2 307,2019
316,Wagner,NEC,30,13-17,94.0 334,107.3 233,.1790 316,44.0 347,51.1 185,20.8 308,19.8 86,33.4 33,28.9 211,33.8 159,46.5 350,43.1 348,49.9 156,30.1 339,35.2 221,45.9 25,41.1 268,63.8 330,-13.3 274,2019
317,Mount St. Mary's,NEC,31,9-22,95.8 318,109.7 275,.1751 317,47.9 296,52.1 233,19.0 212,17.8 220,25.1 272,31.5 291,33.9 151,34.8 228,48.7 236,51.1 215,31.2 311,35.8 258,41.1 107,38.6 183,67.3 186,-16.7 324,2019
318,Florida A&M,MEAC,31,12-19,89.3 348,102.3 132,.1741 318,49.1 245,48.5 70,24.6 352,21.7 25,27.9 192,32.4 317,31.1 234,40.5 328,46.9 291,50.4 187,36.4 73,30.2 19,29.4 345,37.2 129,64.8 310,-13.9 286,2019
319,Stephen F. Austin,Slnd,30,14-16,95.6 322,109.7 277,.1706 319,48.4 278,52.6 259,20.5 299,21.5 29,29.1 142,32.9 327,36.2 81,36.1 259,47.6 267,49.9 156,33.3 225,37.4 319,35.2 267,44.5 327,68.4 126,-11.8 239,2019
320,Jackson St.,SWAC,32,13-19,91.2 340,104.9 175,.1669 320,44.6 344,49.2 106,20.4 295,20.7 52,28.7 163,27.0 115,34.3 140,44.0 346,45.9 320,46.8 44,27.9 352,35.5 240,31.3 330,36.5 104,65.4 289,-14.3 293,2019
321,UC Riverside,BW,33,10-23,98.0 295,112.8 319,.1651 321,51.2 143,54.4 323,20.3 290,16.0 315,25.1 272,26.5 94,22.7 350,33.4 199,47.2 281,53.7 310,38.0 23,37.2 310,40.4 127,35.7 76,63.2 342,-18.0 337,2019
322,Portland,WCC,32,7-25,94.7 329,109.1 271,.1632 322,47.3 308,51.8 221,19.9 267,16.3 303,20.3 347,30.1 258,39.0 35,34.6 226,45.8 322,49.2 132,32.9 246,37.1 307,40.3 129,39.3 205,66.8 217,-17.7 335,2019
323,Bryant,NEC,30,10-20,99.6 265,115.4 343,.1566 323,49.0 254,54.9 331,18.4 161,18.6 157,26.6 234,30.2 260,36.8 68,35.4 240,49.2 217,52.8 279,32.5 262,38.8 342,42.1 91,38.1 160,67.9 152,-16.1 317,2019
324,Manhattan,MAAC,32,11-21,90.4 342,104.6 170,.1565 324,47.4 305,51.0 178,24.1 348,23.5 6,30.6 97,30.3 264,33.3 176,45.6 348,45.6 325,48.6 103,33.2 230,36.1 274,41.0 109,41.9 284,62.0 351,-17.1 328,2019
325,Binghamton,AE,33,10-23,97.1 304,113.2 327,.1461 325,49.5 231,52.3 249,18.5 169,16.7 284,20.9 344,31.7 299,24.3 340,25.2 14,48.4 244,49.0 125,33.9 195,38.4 333,42.9 72,38.7 185,65.8 267,-17.2 330,2019
Rk,Team,Conf,G,Rec,AdjOE,AdjDE,Barthag,Efg%,EfgD%,TOR,TORD,ORB,DRB,FTR,FTRD,2P%,2P%D,3P%,3P%D,3PR,3PRD,Adj T.,WAB,2019
326,Central Connecticut,NEC,31,11-20,96.3 315,112.5 316,.1434 326,47.0 315,53.0 281,19.8 262,18.1 192,29.6 122,29.9 251,34.1 148,37.2 281,45.8 322,51.5 235,32.8 248,36.6 290,33.9 297,45.3 334,69.2 96,-15.1 305,2019
327,SIU Edwardsville,OVC,31,10-21,96.8 309,113.1 325,.1432 327,46.8 321,56.6 346,18.7 186,18.9 142,28.5 170,28.5 186,34.6 131,39.3 314,47.6 267,56.8 346,30.3 336,37.5 322,35.5 257,37.3 134,69.2 93,-16.1 318,2019
328,Stetson,ASun,31,7-24,97.1 305,113.6 331,.1408 328,45.5 340,54.5 326,17.5 108,18.0 202,27.9 192,32.0 309,25.0 333,33.0 187,45.0 333,54.2 320,31.0 318,36.6 290,35.0 271,41.0 264,69.2 94,-17.6 333,2019
329,Arkansas Pine Bluff,SWAC,32,13-19,95.3 324,111.6 305,.1391 329,48.4 278,51.6 209,22.1 328,19.7 96,29.1 142,30.7 269,42.4 9,45.0 347,47.0 289,50.8 203,34.0 191,35.5 240,34.3 288,33.2 19,65.5 283,-13.8 283,2019
330,Tennessee Tech,OVC,31,8-23,89.5 347,105.0 180,.1378 330,46.1 331,51.1 185,22.8 341,19.2 120,27.9 192,32.9 327,36.3 77,33.2 194,43.9 346,51.1 215,33.6 212,34.1 155,34.4 285,36.3 97,68.0 146,-16.2 319,2019
331,McNeese St.,Slnd,31,9-22,97.5 300,114.5 338,.1356 331,49.8 214,54.2 320,21.3 320,17.7 224,29.7 117,31.9 304,38.8 37,29.3 79,51.3 120,53.8 314,31.0 318,36.5 284,32.4 320,41.0 264,65.9 263,-17.2 331,2019
332,Southern,SWAC,32,7-25,94.0 333,110.9 296,.1306 332,48.9 259,54.9 331,23.2 344,22.2 18,30.2 103,32.9 327,34.6 131,50.5 351,48.8 230,54.8 330,32.6 255,36.7 297,31.8 328,35.6 70,65.9 257,-19.0 340,2019
333,Cal Poly,BW,29,6-23,98.2 291,115.9 345,.1296 333,47.2 309,52.6 259,17.0 69,15.6 323,26.1 243,31.4 288,25.8 324,38.1 296,46.6 300,51.5 235,32.0 287,36.5 284,40.3 129,33.2 19,65.8 266,-18.4 339,2019
334,Alabama St.,SWAC,31,12-19,94.8 328,112.5 317,.1219 334,46.1 331,53.0 281,21.0 313,21.2 36,31.6 72,32.4 317,37.4 57,36.9 276,44.7 338,53.6 303,32.1 283,34.7 193,39.0 163,36.0 88,66.9 214,-13.5 278,2019
335,Maine,AE,32,5-27,94.1 332,111.8 308,.1212 335,48.6 268,55.3 335,22.2 330,19.1 128,25.9 250,27.2 132,25.6 326,38.6 304,49.9 191,52.7 277,31.0 318,38.7 341,37.8 190,48.1 346,63.9 329,-20.6 347,2019
336,Kennesaw St.,ASun,32,6-26,92.2 339,109.9 282,.1169 336,40.9 352,53.7 307,19.0 212,17.1 262,29.2 137,30.8 272,30.1 259,27.7 44,39.1 352,53.7 310,31.4 306,35.9 263,22.6 353,37.1 124,68.1 144,-18.4 338,2019
337,USC Upstate,BSth,32,6-26,93.7 337,112.3 313,.1109 337,47.4 305,53.1 286,19.9 267,18.2 180,24.7 282,31.3 286,25.3 328,39.0 309,46.8 294,54.0 316,32.1 283,34.3 170,44.1 45,36.7 108,68.0 149,-20.6 349,2019
338,South Carolina St.,MEAC,34,8-26,98.4 288,118.6 351,.1045 338,47.2 309,56.4 344,20.8 308,20.4 64,31.6 72,30.2 260,39.7 27,40.0 324,46.5 301,57.1 348,32.4 265,36.9 300,31.1 332,39.6 218,66.9 213,-20.0 344,2019
339,Morgan St.,MEAC,30,9-21,93.0 338,112.2 312,.1031 339,43.7 349,53.4 296,17.9 131,23.9 5,31.8 63,35.2 351,34.3 140,39.9 323,41.5 349,52.4 269,33.1 234,36.7 297,27.3 351,36.8 111,72.2 18,-17.2 329,2019
340,San Jose St.,MWC,31,4-27,93.8 336,113.6 330,.0996 340,46.0 334,56.1 342,21.9 326,15.4 328,27.4 203,28.7 199,34.8 119,26.9 30,44.1 343,56.3 341,33.0 240,37.3 311,35.8 250,47.9 345,69.3 90,-20.1 346,2019
341,Incarnate Word,Slnd,31,6-25,98.3 289,120.0 353,.0913 341,51.9 117,59.3 353,24.1 348,19.7 96,23.1 321,32.7 323,34.8 119,39.1 310,51.4 112,61.2 353,35.1 129,37.6 324,34.5 282,39.1 192,64.8 312,-20.1 345,2019
342,Northwestern St.,Slnd,31,11-20,90.1 344,110.3 290,.0890 342,44.7 343,51.2 192,22.7 338,19.5 103,28.9 155,34.7 344,33.6 166,36.5 266,46.2 313,48.1 80,28.0 350,37.5 322,35.9 248,37.3 134,68.3 134,-14.7 298,2019
343,Savannah St.,MEAC,31,11-20,95.7 319,117.9 349,.0835 343,48.0 290,53.8 312,19.9 267,19.3 114,28.0 189,34.6 343,25.2 330,33.3 196,53.7 46,53.5 297,29.2 346,36.1 274,57.7 1,40.5 245,76.2 3,-14.9 300,2019
344,Coppin St.,MEAC,33,8-25,88.6 349,110.0 284,.0769 344,45.5 340,50.2 145,23.3 345,16.7 284,26.0 247,28.9 211,37.7 51,33.6 204,47.7 263,47.1 54,28.6 348,36.5 284,46.0 23,40.1 234,70.3 55,-18.0 336,2019
345,UNC Asheville,BSth,31,4-27,94.1 331,117.0 347,.0760 345,46.2 329,55.7 339,23.5 347,18.2 180,27.7 199,37.1 353,26.3 318,33.7 207,45.2 332,56.7 343,31.7 294,36.2 279,42.1 91,44.7 328,62.4 347,-20.6 348,2019
346,Idaho,BSky,32,5-27,95.7 320,119.0 352,.0757 346,50.3 188,53.7 307,20.0 275,13.3 353,24.2 299,32.0 309,28.2 296,33.1 190,46.5 301,55.4 337,37.6 38,34.3 170,38.7 171,43.6 318,64.8 314,-23.2 353,2019
347,Alabama A&M,SWAC,32,5-27,88.4 350,110.1 287,.0734 347,45.8 335,53.7 307,22.3 331,21.0 42,28.0 189,32.1 311,25.1 332,38.8 306,45.0 333,54.1 318,31.6 301,35.3 224,31.9 326,38.4 173,65.5 284,-22.4 352,2019
348,Mississippi Valley St.,SWAC,32,6-26,91.0 341,114.0 337,.0698 348,41.9 351,54.1 318,18.5 169,17.5 235,28.4 172,31.7 299,33.7 163,32.0 153,40.1 350,51.4 231,31.0 318,39.1 348,28.7 348,37.2 129,69.0 99,-20.0 342,2019
349,Alcorn St.,SWAC,31,10-21,90.2 343,113.4 329,.0669 349,45.7 338,52.7 268,24.1 348,18.2 180,30.1 107,31.5 291,30.5 248,36.5 266,45.0 333,55.3 336,31.3 307,32.1 54,36.2 240,37.0 120,65.5 288,-16.5 323,2019
350,New Hampshire,AE,29,5-24,84.8 353,107.0 229,.0649 350,44.0 347,51.5 206,18.4 161,16.9 270,21.5 341,24.7 27,21.9 352,38.0 290,39.4 351,52.1 260,32.6 255,33.6 122,48.1 10,38.4 173,65.7 271,-20.0 343,2019
351,Chicago St.,WAC,32,3-29,89.6 346,118.3 350,.0393 351,44.2 346,57.8 352,22.5 333,16.7 284,22.1 334,33.9 339,33.1 182,33.9 210,43.5 347,57.9 352,30.7 330,38.5 337,27.0 352,43.8 320,70.3 54,-20.6 350,2019
352,Delaware St.,MEAC,31,6-25,85.4 352,113.0 321,.0384 352,40.0 353,52.4 253,19.0 212,18.9 142,27.8 195,31.6 295,25.5 327,39.2 312,37.7 353,52.6 271,29.0 347,34.7 193,40.0 139,39.5 214,70.1 64,-21.5 351,2019
353,Maryland Eastern Shore,MEAC,32,7-25,86.8 351,115.2 341,.0371 353,43.5 350,54.4 323,20.7 303,19.0 137,22.8 327,31.7 299,28.3 293,36.6 269,44.5 340,53.2 287,27.9 352,37.3 311,36.2 240,44.0 324,63.1 343,-19.7 341,2019
Rk,Team,Conf,G,Rec,AdjOE,AdjDE,Barthag,Efg%,EfgD%,TOR,TORD,ORB,DRB,FTR,FTRD,2P%,2P%D,3P%,3P%D,3PR,3PRD,Adj T.,WAB,2019
